<KERNEL_LIST>
	<PROGRAM_GLOBAL_MEM_SIZE value="0" />
	<ENABLE_HYPER_OPTIMIZATIONS value="0" />
	<USE_SYNC_RESET value="0" />
	<TOP_LEVEL_RESET_EXTENDER value="0" />
	<ENABLE_STALL_LATENCY value="0" />
	<ENABLE_ECC value="0" />
	<GLOBAL_WRITE_LSU_IC_DATA_LATENESS value="0" />
	<GLOBAL_READ_LSU_IC_DATA_LATENESS value="0" />
	<GLOBAL_LSU_IC_WIDE_DATA_SLICING value="0" />
	<ALLOW_HIGH_SPEED_FIFO_USAGE value="0" />
	<KERNEL_BUNDLE name="_ZTS6MMstv1" kname="k0_ZTS6MMstv1" compute_units="1">
	<KERNEL name="_ZTS6MMstv1" kname="k0_ZTS6MMstv1" filename="kernel_hdl/k0_ZTS6MMstv1/k0_ZTS6MMstv1_function_wrapper.sv" entity_name="k0_ZTS6MMstv1_function_wrapper" version="1" cosim_name="" enable_global_profiling="1" workgroup_invariant="1" workitem_invariant="0" has_global_atomics="0" num_vector_lanes="1" num_profiling_signals="0">
		<RESOURCE_INFO>
			<ID value="0" />
			<AGGREGATE_STATIC_LOCAL_MEM_SIZE value="0" />
			<MAX_WORK_GROUP_SIZE num="3" values="1, 1, 1" />
			<REQUIRED_WORK_GROUP_SIZE x="1" y="1" z="1" />
			<FAST_RELAUNCH_DEPTH value="1" />
			<USES_GLOBAL_WORK_OFFSET value="1" />
		</RESOURCE_INFO>
		<CONFIGURATION>
			<INTERFACE port="clock_reset" type="clock"/>
			<INTERFACE port="cra_irq" type="irq"/>
			<INTERFACE port="cra" type="agent" cosim_name="k0_ZTS6MMstv1_function_cra_agent" read="1" write="1" width="64" is_volatile="0" size="512" latency="0" />
		</CONFIGURATION>
		<REQUIREMENTS>
			<FILE name="$::env(INTELFPGAOCLSDKROOT)/linux64/lib/dspba/Libraries/sv/base/dspba_library_ver.sv" />
			<FILE name="$::env(INTELFPGAOCLSDKROOT)/ip/acl_ecc_pkg.sv" />
			<FILE name="$::env(INTELFPGAOCLSDKROOT)/ip/acl_data_fifo.v" />
			<FILE name="$::env(INTELFPGAOCLSDKROOT)/ip/acl_fifo.v" />
			<FILE name="$::env(INTELFPGAOCLSDKROOT)/ip/acl_altera_syncram_wrapped.sv" />
			<FILE name="$::env(INTELFPGAOCLSDKROOT)/ip/acl_scfifo_wrapped.sv" />
			<FILE name="$::env(INTELFPGAOCLSDKROOT)/ip/acl_ecc_decoder.sv" />
			<FILE name="$::env(INTELFPGAOCLSDKROOT)/ip/acl_ecc_encoder.sv" />
			<FILE name="$::env(INTELFPGAOCLSDKROOT)/ip/acl_ll_fifo.v" />
			<FILE name="$::env(INTELFPGAOCLSDKROOT)/ip/acl_ll_ram_fifo.v" />
			<FILE name="$::env(INTELFPGAOCLSDKROOT)/ip/acl_valid_fifo_counter.v" />
			<FILE name="$::env(INTELFPGAOCLSDKROOT)/ip/acl_dspba_valid_fifo_counter.v" />
			<FILE name="$::env(INTELFPGAOCLSDKROOT)/ip/acl_staging_reg.v" />
			<FILE name="$::env(INTELFPGAOCLSDKROOT)/ip/hld_fifo.sv" />
			<FILE name="$::env(INTELFPGAOCLSDKROOT)/ip/acl_mid_speed_fifo.sv" />
			<FILE name="$::env(INTELFPGAOCLSDKROOT)/ip/acl_latency_one_ram_fifo.sv" />
			<FILE name="$::env(INTELFPGAOCLSDKROOT)/ip/acl_latency_zero_ram_fifo.sv" />
			<FILE name="$::env(INTELFPGAOCLSDKROOT)/ip/hld_fifo_zero_width.sv" />
			<FILE name="$::env(INTELFPGAOCLSDKROOT)/ip/acl_high_speed_fifo.sv" />
			<FILE name="$::env(INTELFPGAOCLSDKROOT)/ip/acl_low_latency_fifo.sv" />
			<FILE name="$::env(INTELFPGAOCLSDKROOT)/ip/acl_zero_latency_fifo.sv" />
			<FILE name="$::env(INTELFPGAOCLSDKROOT)/ip/acl_fanout_pipeline.sv" />
			<FILE name="$::env(INTELFPGAOCLSDKROOT)/ip/acl_std_synchronizer_nocut.v" />
			<FILE name="$::env(INTELFPGAOCLSDKROOT)/ip/acl_tessellated_incr_decr_threshold.sv" />
			<FILE name="$::env(INTELFPGAOCLSDKROOT)/ip/acl_tessellated_incr_lookahead.sv" />
			<FILE name="$::env(INTELFPGAOCLSDKROOT)/ip/acl_reset_handler.sv" />
			<FILE name="$::env(INTELFPGAOCLSDKROOT)/ip/acl_lfsr.sv" />
			<FILE name="$::env(INTELFPGAOCLSDKROOT)/ip/acl_mlab_fifo.sv" />
			<FILE name="$::env(INTELFPGAOCLSDKROOT)/ip/acl_parameter_assert.svh" />
			<FILE name="$::env(INTELFPGAOCLSDKROOT)/ip/acl_pop.v" />
			<FILE name="$::env(INTELFPGAOCLSDKROOT)/ip/acl_dspba_buffer.v" />
			<FILE name="$::env(INTELFPGAOCLSDKROOT)/ip/acl_ffwdsrc.v" />
			<FILE name="$::env(INTELFPGAOCLSDKROOT)/ip/acl_pipeline.v" />
			<FILE name="$::env(INTELFPGAOCLSDKROOT)/ip/acl_push.v" />
			<FILE name="$::env(INTELFPGAOCLSDKROOT)/ip/acl_token_fifo_counter.v" />
			<FILE name="$::env(INTELFPGAOCLSDKROOT)/ip/acl_full_detector.v" />
			<FILE name="$::env(INTELFPGAOCLSDKROOT)/ip/acl_tessellated_incr_decr_decr.sv" />
			<FILE name="$::env(INTELFPGAOCLSDKROOT)/ip/lsu_top.v" />
			<FILE name="$::env(INTELFPGAOCLSDKROOT)/ip/lsu_permute_address.v" />
			<FILE name="$::env(INTELFPGAOCLSDKROOT)/ip/lsu_pipelined.v" />
			<FILE name="$::env(INTELFPGAOCLSDKROOT)/ip/lsu_enabled.v" />
			<FILE name="$::env(INTELFPGAOCLSDKROOT)/ip/lsu_basic_coalescer.v" />
			<FILE name="$::env(INTELFPGAOCLSDKROOT)/ip/lsu_simple.v" />
			<FILE name="$::env(INTELFPGAOCLSDKROOT)/ip/lsu_streaming.v" />
			<FILE name="$::env(INTELFPGAOCLSDKROOT)/ip/lsu_burst_host.v" />
			<FILE name="$::env(INTELFPGAOCLSDKROOT)/ip/lsu_bursting_load_stores.v" />
			<FILE name="$::env(INTELFPGAOCLSDKROOT)/ip/lsu_non_aligned_write.v" />
			<FILE name="$::env(INTELFPGAOCLSDKROOT)/ip/lsu_read_cache.v" />
			<FILE name="$::env(INTELFPGAOCLSDKROOT)/ip/lsu_atomic.v" />
			<FILE name="$::env(INTELFPGAOCLSDKROOT)/ip/lsu_prefetch_block.v" />
			<FILE name="$::env(INTELFPGAOCLSDKROOT)/ip/lsu_wide_wrapper.v" />
			<FILE name="$::env(INTELFPGAOCLSDKROOT)/ip/lsu_streaming_prefetch.v" />
			<FILE name="$::env(INTELFPGAOCLSDKROOT)/ip/acl_aligned_burst_coalesced_lsu.v" />
			<FILE name="$::env(INTELFPGAOCLSDKROOT)/ip/acl_toggle_detect.v" />
			<FILE name="$::env(INTELFPGAOCLSDKROOT)/ip/acl_debug_mem.v" />
			<FILE name="$::env(INTELFPGAOCLSDKROOT)/ip/lsu_burst_coalesced_pipelined_write.sv" />
			<FILE name="$::env(INTELFPGAOCLSDKROOT)/ip/lsu_burst_coalesced_pipelined_read.sv" />
			<FILE name="$::env(INTELFPGAOCLSDKROOT)/ip/acl_fifo_stall_valid_lookahead.sv" />
			<FILE name="$::env(INTELFPGAOCLSDKROOT)/ip/hld_global_load_store.sv" />
			<FILE name="$::env(INTELFPGAOCLSDKROOT)/ip/hld_lsu.sv" />
			<FILE name="$::env(INTELFPGAOCLSDKROOT)/ip/hld_lsu_burst_coalescer.sv" />
			<FILE name="$::env(INTELFPGAOCLSDKROOT)/ip/hld_lsu_coalescer_dynamic_timeout.sv" />
			<FILE name="$::env(INTELFPGAOCLSDKROOT)/ip/hld_lsu_data_aligner.sv" />
			<FILE name="$::env(INTELFPGAOCLSDKROOT)/ip/hld_lsu_read_cache.sv" />
			<FILE name="$::env(INTELFPGAOCLSDKROOT)/ip/hld_lsu_read_data_alignment.sv" />
			<FILE name="$::env(INTELFPGAOCLSDKROOT)/ip/hld_lsu_unaligned_controller.sv" />
			<FILE name="$::env(INTELFPGAOCLSDKROOT)/ip/hld_lsu_word_coalescer.sv" />
			<FILE name="$::env(INTELFPGAOCLSDKROOT)/ip/hld_lsu_write_data_alignment.sv" />
			<FILE name="$::env(INTELFPGAOCLSDKROOT)/ip/hld_lsu_write_kernel_downstream.sv" />
			<FILE name="$::env(INTELFPGAOCLSDKROOT)/ip/acl_shift_register_no_reset.sv" />
			<FILE name="$::env(INTELFPGAOCLSDKROOT)/ip/acl_ffwddst.sv" />
			<FILE name="$::env(INTELFPGAOCLSDKROOT)/ip/acl_fp_accum_a10.sv" />
			<FILE name="$::env(INTELFPGAOCLSDKROOT)/ip/hld_loop_profiler.sv" />
			<FILE name="$::env(INTELFPGAOCLSDKROOT)/ip/hld_sim_latency_tracker.sv" />
			<FILE name="$::env(INTELFPGAOCLSDKROOT)/ip/acl_loop_limiter.v" />
			<FILE name="$::env(INTELFPGAOCLSDKROOT)/ip/acl_clock2x_holder.v" />
			<FILE name="kernel_hdl/k0_ZTS6MMstv1/k0_ZTS6MMstv1_function_wrapper.sv" />
			<FILE name="kernel_hdl/k0_ZTS6MMstv1/k0_ZTS6MMstv1_function.sv" />
			<FILE name="kernel_hdl/k0_ZTS6MMstv1/k0_ZTS6MMstv1_bb_ZTS6MMstv1_B6.sv" />
			<FILE name="kernel_hdl/k0_ZTS6MMstv1/k0_ZTS6MMstv1_ZTS6MMstv1_B6_branch.sv" />
			<FILE name="kernel_hdl/k0_ZTS6MMstv1/k0_ZTS6MMstv1_ZTS6MMstv1_B6_merge.sv" />
			<FILE name="kernel_hdl/k0_ZTS6MMstv1/k0_ZTS6MMstv1_bb_ZTS6MMstv1_B6_stall_region.sv" />
			<FILE name="kernel_hdl/k0_ZTS6MMstv1/k0_ZTS6MMstv1_i_llvm_fpga_push_token_i1_0000_push_k0_zts6mmstv10.sv" />
			<FILE name="kernel_hdl/k0_ZTS6MMstv1/k0_ZTS6MMstv1_i_llvm_fpga_push_token_i1_0000h_k0_zts6mmstv10_reg.sv" />
			<FILE name="kernel_hdl/k0_ZTS6MMstv1/k0_ZTS6MMstv1_i_llvm_fpga_pipeline_keep_000020_k0_zts6mmstv12_sr.sv" />
			<FILE name="kernel_hdl/k0_ZTS6MMstv1/k0_ZTS6MMstv1_i_llvm_fpga_pipeline_keep_0000s6mmstv12_valid_fifo.sv" />
			<FILE name="kernel_hdl/k0_ZTS6MMstv1/k0_ZTS6MMstv1_i_llvm_fpga_pipeline_keep_000025_k0_zts6mmstv12_sr.sv" />
			<FILE name="kernel_hdl/k0_ZTS6MMstv1/k0_ZTS6MMstv1_i_llvm_fpga_pipeline_keep_0001s6mmstv12_valid_fifo.sv" />
			<FILE name="kernel_hdl/k0_ZTS6MMstv1/k0_ZTS6MMstv1_i_llvm_fpga_pipeline_keep_going_k0_zts6mmstv17_sr.sv" />
			<FILE name="kernel_hdl/k0_ZTS6MMstv1/k0_ZTS6MMstv1_i_llvm_fpga_pipeline_keep_0000s6mmstv17_valid_fifo.sv" />
			<FILE name="kernel_hdl/k0_ZTS6MMstv1/k0_ZTS6MMstv1_loop_limiter_0.sv" />
			<FILE name="kernel_hdl/k0_ZTS6MMstv1/k0_ZTS6MMstv1_loop_limiter_1.sv" />
			<FILE name="kernel_hdl/k0_ZTS6MMstv1/k0_ZTS6MMstv1_bb_ZTS6MMstv1_B0.sv" />
			<FILE name="kernel_hdl/k0_ZTS6MMstv1/k0_ZTS6MMstv1_ZTS6MMstv1_B0_branch.sv" />
			<FILE name="kernel_hdl/k0_ZTS6MMstv1/k0_ZTS6MMstv1_ZTS6MMstv1_B0_merge.sv" />
			<FILE name="kernel_hdl/k0_ZTS6MMstv1/k0_ZTS6MMstv1_bb_ZTS6MMstv1_B0_stall_region.sv" />
			<FILE name="kernel_hdl/k0_ZTS6MMstv1/k0_ZTS6MMstv1_ZTS6MMstv1_B0_merge_reg.sv" />
			<FILE name="kernel_hdl/k0_ZTS6MMstv1/k0_ZTS6MMstv1_i_llvm_fpga_ffwd_source_i60000stv10_k0_zts6mmstv10.sv" />
			<FILE name="kernel_hdl/k0_ZTS6MMstv1/k0_ZTS6MMstv1_i_llvm_fpga_ffwd_source_i60000stv11_k0_zts6mmstv10.sv" />
			<FILE name="kernel_hdl/k0_ZTS6MMstv1/k0_ZTS6MMstv1_i_llvm_fpga_ffwd_source_i60000stv12_k0_zts6mmstv10.sv" />
			<FILE name="kernel_hdl/k0_ZTS6MMstv1/k0_ZTS6MMstv1_i_llvm_fpga_pop_throttle_i0000e_pop_k0_zts6mmstv10.sv" />
			<FILE name="kernel_hdl/k0_ZTS6MMstv1/k0_ZTS6MMstv1_i_llvm_fpga_pop_throttle_i0000p_k0_zts6mmstv10_reg.sv" />
			<FILE name="kernel_hdl/k0_ZTS6MMstv1/k0_ZTS6MMstv1_i_llvm_fpga_sync_buffer_s_0000uffer_k0_zts6mmstv10.sv" />
			<FILE name="kernel_hdl/k0_ZTS6MMstv1/k0_ZTS6MMstv1_i_llvm_fpga_sync_buffer_s_0000ffer9_k0_zts6mmstv10.sv" />
			<FILE name="kernel_hdl/k0_ZTS6MMstv1/k0_ZTS6MMstv1_i_llvm_fpga_sync_buffer_s_0001uffer_k0_zts6mmstv10.sv" />
			<FILE name="kernel_hdl/k0_ZTS6MMstv1/k0_ZTS6MMstv1_bb_ZTS6MMstv1_B1.sv" />
			<FILE name="kernel_hdl/k0_ZTS6MMstv1/k0_ZTS6MMstv1_ZTS6MMstv1_B1_branch.sv" />
			<FILE name="kernel_hdl/k0_ZTS6MMstv1/k0_ZTS6MMstv1_ZTS6MMstv1_B1_merge.sv" />
			<FILE name="kernel_hdl/k0_ZTS6MMstv1/k0_ZTS6MMstv1_bb_ZTS6MMstv1_B1_stall_region.sv" />
			<FILE name="kernel_hdl/k0_ZTS6MMstv1/k0_ZTS6MMstv1_ZTS6MMstv1_B1_merge_reg.sv" />
			<FILE name="kernel_hdl/k0_ZTS6MMstv1/k0_ZTS6MMstv1_i_sfc_s_c0_in_preheader2750000nter8_k0_zts6mmstv11.sv" />
			<FILE name="kernel_hdl/k0_ZTS6MMstv1/k0_ZTS6MMstv1_i_llvm_fpga_sfc_exit_s_c0_0000_exit_k0_zts6mmstv10.sv" />
			<FILE name="kernel_hdl/k0_ZTS6MMstv1/k0_ZTS6MMstv1_i_llvm_fpga_sfc_exit_s_c0_0000mstv11_full_detector.sv" />
			<FILE name="kernel_hdl/k0_ZTS6MMstv1/k0_ZTS6MMstv1_i_llvm_fpga_sfc_exit_s_c0_0000ts6mmstv11_data_fifo.sv" />
			<FILE name="kernel_hdl/k0_ZTS6MMstv1/k0_ZTS6MMstv1_i_sfc_logic_s_c0_in_prehea0000nter8_k0_zts6mmstv10.sv" />
			<FILE name="kernel_hdl/k0_ZTS6MMstv1/k0_ZTS6MMstv1_i_llvm_fpga_pipeline_keep_going25_k0_zts6mmstv10.sv" />
			<FILE name="kernel_hdl/k0_ZTS6MMstv1/k0_ZTS6MMstv1_i_llvm_fpga_pop_i11_fpga_i0000_pop7_k0_zts6mmstv10.sv" />
			<FILE name="kernel_hdl/k0_ZTS6MMstv1/k0_ZTS6MMstv1_i_llvm_fpga_pop_i64_acl_070000_pop8_k0_zts6mmstv10.sv" />
			<FILE name="kernel_hdl/k0_ZTS6MMstv1/k0_ZTS6MMstv1_i_llvm_fpga_push_i11_fpga_0000push7_k0_zts6mmstv10.sv" />
			<FILE name="kernel_hdl/k0_ZTS6MMstv1/k0_ZTS6MMstv1_i_llvm_fpga_push_i1_notexitcond26_k0_zts6mmstv10.sv" />
			<FILE name="kernel_hdl/k0_ZTS6MMstv1/k0_ZTS6MMstv1_i_llvm_fpga_push_i64_acl_00000push8_k0_zts6mmstv10.sv" />
			<FILE name="kernel_hdl/k0_ZTS6MMstv1/k0_ZTS6MMstv1_i_llvm_fpga_sync_buffer_s_0002uffer_k0_zts6mmstv10.sv" />
			<FILE name="kernel_hdl/k0_ZTS6MMstv1/k0_ZTS6MMstv1_i_llvm_fpga_sync_buffer_s_0000fer10_k0_zts6mmstv10.sv" />
			<FILE name="kernel_hdl/k0_ZTS6MMstv1/k0_ZTS6MMstv1_i_llvm_fpga_sync_buffer_s_0003uffer_k0_zts6mmstv10.sv" />
			<FILE name="kernel_hdl/k0_ZTS6MMstv1/k0_ZTS6MMstv1_i_llvm_fpga_sync_buffer_s_0004uffer_k0_zts6mmstv10.sv" />
			<FILE name="kernel_hdl/k0_ZTS6MMstv1/k0_ZTS6MMstv1_i_llvm_fpga_sync_buffer_s_0000fer11_k0_zts6mmstv10.sv" />
			<FILE name="kernel_hdl/k0_ZTS6MMstv1/k0_ZTS6MMstv1_i_llvm_fpga_sync_buffer_s_0005uffer_k0_zts6mmstv10.sv" />
			<FILE name="kernel_hdl/k0_ZTS6MMstv1/k0_ZTS6MMstv1_i_llvm_fpga_sync_buffer_s_0006uffer_k0_zts6mmstv10.sv" />
			<FILE name="kernel_hdl/k0_ZTS6MMstv1/k0_ZTS6MMstv1_i_llvm_fpga_sync_buffer_s_0000ffer7_k0_zts6mmstv10.sv" />
			<FILE name="kernel_hdl/k0_ZTS6MMstv1/k0_ZTS6MMstv1_i_llvm_fpga_sync_buffer_s_0007uffer_k0_zts6mmstv10.sv" />
			<FILE name="kernel_hdl/k0_ZTS6MMstv1/k0_ZTS6MMstv1_bb_ZTS6MMstv1_B1_sr_1.sv" />
			<FILE name="kernel_hdl/k0_ZTS6MMstv1/k0_ZTS6MMstv1_bb_ZTS6MMstv1_B2.sv" />
			<FILE name="kernel_hdl/k0_ZTS6MMstv1/k0_ZTS6MMstv1_ZTS6MMstv1_B2_branch.sv" />
			<FILE name="kernel_hdl/k0_ZTS6MMstv1/k0_ZTS6MMstv1_ZTS6MMstv1_B2_merge.sv" />
			<FILE name="kernel_hdl/k0_ZTS6MMstv1/k0_ZTS6MMstv1_bb_ZTS6MMstv1_B2_stall_region.sv" />
			<FILE name="kernel_hdl/k0_ZTS6MMstv1/k0_ZTS6MMstv1_ZTS6MMstv1_B2_merge_reg.sv" />
			<FILE name="kernel_hdl/k0_ZTS6MMstv1/k0_ZTS6MMstv1_i_sfc_s_c0_in_preheader_zt0000er569_k0_zts6mmstv11.sv" />
			<FILE name="kernel_hdl/k0_ZTS6MMstv1/k0_ZTS6MMstv1_i_llvm_fpga_sfc_exit_s_c0_0000xit63_k0_zts6mmstv10.sv" />
			<FILE name="kernel_hdl/k0_ZTS6MMstv1/k0_ZTS6MMstv1_i_llvm_fpga_sfc_exit_s_c0_0001mstv11_full_detector.sv" />
			<FILE name="kernel_hdl/k0_ZTS6MMstv1/k0_ZTS6MMstv1_i_llvm_fpga_sfc_exit_s_c0_0001ts6mmstv11_data_fifo.sv" />
			<FILE name="kernel_hdl/k0_ZTS6MMstv1/k0_ZTS6MMstv1_i_sfc_logic_s_c0_in_prehea0000er569_k0_zts6mmstv10.sv" />
			<FILE name="kernel_hdl/k0_ZTS6MMstv1/k0_ZTS6MMstv1_i_llvm_fpga_pipeline_keep_going20_k0_zts6mmstv10.sv" />
			<FILE name="kernel_hdl/k0_ZTS6MMstv1/k0_ZTS6MMstv1_i_llvm_fpga_pop_i13_fpga_i0000_pop9_k0_zts6mmstv10.sv" />
			<FILE name="kernel_hdl/k0_ZTS6MMstv1/k0_ZTS6MMstv1_i_llvm_fpga_pop_i1_notcmp2330_pop14_k0_zts6mmstv10.sv" />
			<FILE name="kernel_hdl/k0_ZTS6MMstv1/k0_ZTS6MMstv1_i_llvm_fpga_pop_i64_acl_070000pop10_k0_zts6mmstv10.sv" />
			<FILE name="kernel_hdl/k0_ZTS6MMstv1/k0_ZTS6MMstv1_i_llvm_fpga_pop_i64_pop11_k0_zts6mmstv10.sv" />
			<FILE name="kernel_hdl/k0_ZTS6MMstv1/k0_ZTS6MMstv1_i_llvm_fpga_pop_i64_pop12_k0_zts6mmstv10.sv" />
			<FILE name="kernel_hdl/k0_ZTS6MMstv1/k0_ZTS6MMstv1_i_llvm_fpga_pop_i64_pop13_k0_zts6mmstv10.sv" />
			<FILE name="kernel_hdl/k0_ZTS6MMstv1/k0_ZTS6MMstv1_i_llvm_fpga_push_i13_fpga_0000push9_k0_zts6mmstv10.sv" />
			<FILE name="kernel_hdl/k0_ZTS6MMstv1/k0_ZTS6MMstv1_i_llvm_fpga_push_i1_notcmp0000ush14_k0_zts6mmstv10.sv" />
			<FILE name="kernel_hdl/k0_ZTS6MMstv1/k0_ZTS6MMstv1_i_llvm_fpga_push_i1_notexitcond21_k0_zts6mmstv10.sv" />
			<FILE name="kernel_hdl/k0_ZTS6MMstv1/k0_ZTS6MMstv1_i_llvm_fpga_push_i64_acl_00000ush10_k0_zts6mmstv10.sv" />
			<FILE name="kernel_hdl/k0_ZTS6MMstv1/k0_ZTS6MMstv1_i_llvm_fpga_push_i64_push11_k0_zts6mmstv10.sv" />
			<FILE name="kernel_hdl/k0_ZTS6MMstv1/k0_ZTS6MMstv1_i_llvm_fpga_push_i64_push12_k0_zts6mmstv10.sv" />
			<FILE name="kernel_hdl/k0_ZTS6MMstv1/k0_ZTS6MMstv1_i_llvm_fpga_push_i64_push13_k0_zts6mmstv10.sv" />
			<FILE name="kernel_hdl/k0_ZTS6MMstv1/k0_ZTS6MMstv1_bb_ZTS6MMstv1_B2_sr_1.sv" />
			<FILE name="kernel_hdl/k0_ZTS6MMstv1/k0_ZTS6MMstv1_bb_ZTS6MMstv1_B3.sv" />
			<FILE name="kernel_hdl/k0_ZTS6MMstv1/k0_ZTS6MMstv1_ZTS6MMstv1_B3_branch.sv" />
			<FILE name="kernel_hdl/k0_ZTS6MMstv1/k0_ZTS6MMstv1_ZTS6MMstv1_B3_merge.sv" />
			<FILE name="kernel_hdl/k0_ZTS6MMstv1/k0_ZTS6MMstv1_bb_ZTS6MMstv1_B3_stall_region.sv" />
			<FILE name="kernel_hdl/k0_ZTS6MMstv1/k0_ZTS6MMstv1_i_llvm_fpga_mem_unnamed_k00000tv111_k0_zts6mmstv10.sv" />
			<FILE name="kernel_hdl/k0_ZTS6MMstv1/k0_ZTS6MMstv1_readdata_reg_unnamed_11_k0_ZTS6MMstv10.sv" />
			<FILE name="kernel_hdl/k0_ZTS6MMstv1/k0_ZTS6MMstv1_i_llvm_fpga_mem_unnamed_k00000tv112_k0_zts6mmstv10.sv" />
			<FILE name="kernel_hdl/k0_ZTS6MMstv1/k0_ZTS6MMstv1_i_llvm_fpga_sync_buffer_p10000uffer_k0_zts6mmstv10.sv" />
			<FILE name="kernel_hdl/k0_ZTS6MMstv1/k0_ZTS6MMstv1_i_llvm_fpga_sync_buffer_p10001uffer_k0_zts6mmstv10.sv" />
			<FILE name="kernel_hdl/k0_ZTS6MMstv1/k0_ZTS6MMstv1_i_sfc_s_c0_in_znk2cl4sycl60000ter71_k0_zts6mmstv19.sv" />
			<FILE name="kernel_hdl/k0_ZTS6MMstv1/k0_ZTS6MMstv1_i_llvm_fpga_sfc_exit_s_c0_0000xit75_k0_zts6mmstv10.sv" />
			<FILE name="kernel_hdl/k0_ZTS6MMstv1/k0_ZTS6MMstv1_i_llvm_fpga_sfc_exit_s_c0_0002mstv11_full_detector.sv" />
			<FILE name="kernel_hdl/k0_ZTS6MMstv1/k0_ZTS6MMstv1_i_llvm_fpga_sfc_exit_s_c0_0002ts6mmstv11_data_fifo.sv" />
			<FILE name="kernel_hdl/k0_ZTS6MMstv1/k0_ZTS6MMstv1_i_sfc_logic_s_c0_in_znk2cl0000ter71_k0_zts6mmstv10.sv" />
			<FILE name="kernel_hdl/k0_ZTS6MMstv1/k0_ZTS6MMstv1_flt_i_sfc_logic_s_c0_in_zn0000cqd3d60ocqd3060ocqz3.sv" />
			<FILE name="kernel_hdl/k0_ZTS6MMstv1/k0_ZTS6MMstv1_bb_ZTS6MMstv1_B3_sr_0.sv" />
			<FILE name="kernel_hdl/k0_ZTS6MMstv1/k0_ZTS6MMstv1_bb_ZTS6MMstv1_B4.sv" />
			<FILE name="kernel_hdl/k0_ZTS6MMstv1/k0_ZTS6MMstv1_ZTS6MMstv1_B4_branch.sv" />
			<FILE name="kernel_hdl/k0_ZTS6MMstv1/k0_ZTS6MMstv1_ZTS6MMstv1_B4_merge.sv" />
			<FILE name="kernel_hdl/k0_ZTS6MMstv1/k0_ZTS6MMstv1_bb_ZTS6MMstv1_B4_stall_region.sv" />
			<FILE name="kernel_hdl/k0_ZTS6MMstv1/k0_ZTS6MMstv1_i_llvm_fpga_mem_unnamed_k00000tv122_k0_zts6mmstv10.sv" />
			<FILE name="kernel_hdl/k0_ZTS6MMstv1/k0_ZTS6MMstv1_readdata_reg_unnamed_22_k0_ZTS6MMstv12.sv" />
			<FILE name="kernel_hdl/k0_ZTS6MMstv1/k0_ZTS6MMstv1_i_llvm_fpga_mem_unnamed_k00000tv123_k0_zts6mmstv10.sv" />
			<FILE name="kernel_hdl/k0_ZTS6MMstv1/k0_ZTS6MMstv1_readdata_reg_unnamed_23_k0_ZTS6MMstv13.sv" />
			<FILE name="kernel_hdl/k0_ZTS6MMstv1/k0_ZTS6MMstv1_ZTS6MMstv1_B4_merge_reg.sv" />
			<FILE name="kernel_hdl/k0_ZTS6MMstv1/k0_ZTS6MMstv1_i_llvm_fpga_mem_memcoalesc0000que_0_k0_zts6mmstv10.sv" />
			<FILE name="kernel_hdl/k0_ZTS6MMstv1/k0_ZTS6MMstv1_readdata_reg_memcoalesce_l0000Mstv1_fpgaunique_0_1.sv" />
			<FILE name="kernel_hdl/k0_ZTS6MMstv1/k0_ZTS6MMstv1_i_sfc_s_c0_in_znk2cl4sycl60000r8410_k0_zts6mmstv11.sv" />
			<FILE name="kernel_hdl/k0_ZTS6MMstv1/k0_ZTS6MMstv1_i_llvm_fpga_sfc_exit_s_c0_0000it101_k0_zts6mmstv10.sv" />
			<FILE name="kernel_hdl/k0_ZTS6MMstv1/k0_ZTS6MMstv1_i_llvm_fpga_sfc_exit_s_c0_0003mstv11_full_detector.sv" />
			<FILE name="kernel_hdl/k0_ZTS6MMstv1/k0_ZTS6MMstv1_i_llvm_fpga_sfc_exit_s_c0_0003ts6mmstv11_data_fifo.sv" />
			<FILE name="kernel_hdl/k0_ZTS6MMstv1/k0_ZTS6MMstv1_i_sfc_logic_s_c0_in_znk2cl0000r8410_k0_zts6mmstv10.sv" />
			<FILE name="kernel_hdl/k0_ZTS6MMstv1/k0_ZTS6MMstv1_i_llvm_fpga_ffwd_dest_i64_0000i8712_k0_zts6mmstv10.sv" />
			<FILE name="kernel_hdl/k0_ZTS6MMstv1/k0_ZTS6MMstv1_i_llvm_fpga_ffwd_dest_i64_0000i8713_k0_zts6mmstv10.sv" />
			<FILE name="kernel_hdl/k0_ZTS6MMstv1/k0_ZTS6MMstv1_i_llvm_fpga_ffwd_dest_i64_0000i9014_k0_zts6mmstv10.sv" />
			<FILE name="kernel_hdl/k0_ZTS6MMstv1/k0_ZTS6MMstv1_i_llvm_fpga_ffwd_dest_i64_0000i9015_k0_zts6mmstv10.sv" />
			<FILE name="kernel_hdl/k0_ZTS6MMstv1/k0_ZTS6MMstv1_i_llvm_fpga_ffwd_dest_i64_0000i9216_k0_zts6mmstv10.sv" />
			<FILE name="kernel_hdl/k0_ZTS6MMstv1/k0_ZTS6MMstv1_i_llvm_fpga_ffwd_dest_i64_0000i9217_k0_zts6mmstv10.sv" />
			<FILE name="kernel_hdl/k0_ZTS6MMstv1/k0_ZTS6MMstv1_i_llvm_fpga_pipeline_keep_going_k0_zts6mmstv10.sv" />
			<FILE name="kernel_hdl/k0_ZTS6MMstv1/k0_ZTS6MMstv1_i_llvm_fpga_pop_i11_fpga_i0000pop15_k0_zts6mmstv10.sv" />
			<FILE name="kernel_hdl/k0_ZTS6MMstv1/k0_ZTS6MMstv1_i_llvm_fpga_pop_i1_notcmp1832_pop24_k0_zts6mmstv10.sv" />
			<FILE name="kernel_hdl/k0_ZTS6MMstv1/k0_ZTS6MMstv1_i_llvm_fpga_pop_i1_notcmp2331_pop23_k0_zts6mmstv10.sv" />
			<FILE name="kernel_hdl/k0_ZTS6MMstv1/k0_ZTS6MMstv1_i_llvm_fpga_pop_i2_cleanups_pop19_k0_zts6mmstv10.sv" />
			<FILE name="kernel_hdl/k0_ZTS6MMstv1/k0_ZTS6MMstv1_i_llvm_fpga_pop_i2_initera0000pop18_k0_zts6mmstv10.sv" />
			<FILE name="kernel_hdl/k0_ZTS6MMstv1/k0_ZTS6MMstv1_i_llvm_fpga_pop_i64_acl_070000pop25_k0_zts6mmstv10.sv" />
			<FILE name="kernel_hdl/k0_ZTS6MMstv1/k0_ZTS6MMstv1_i_llvm_fpga_pop_i64_acl_0_0000pop16_k0_zts6mmstv10.sv" />
			<FILE name="kernel_hdl/k0_ZTS6MMstv1/k0_ZTS6MMstv1_i_llvm_fpga_pop_i64_pop20_k0_zts6mmstv10.sv" />
			<FILE name="kernel_hdl/k0_ZTS6MMstv1/k0_ZTS6MMstv1_i_llvm_fpga_pop_i64_pop21_k0_zts6mmstv10.sv" />
			<FILE name="kernel_hdl/k0_ZTS6MMstv1/k0_ZTS6MMstv1_i_llvm_fpga_pop_i64_pop22_k0_zts6mmstv10.sv" />
			<FILE name="kernel_hdl/k0_ZTS6MMstv1/k0_ZTS6MMstv1_i_llvm_fpga_push_i11_fpga_0000ush15_k0_zts6mmstv10.sv" />
			<FILE name="kernel_hdl/k0_ZTS6MMstv1/k0_ZTS6MMstv1_i_llvm_fpga_push_i1_lastiniteration_k0_zts6mmstv10.sv" />
			<FILE name="kernel_hdl/k0_ZTS6MMstv1/k0_ZTS6MMstv1_i_llvm_fpga_push_i1_notcmp0000ush24_k0_zts6mmstv10.sv" />
			<FILE name="kernel_hdl/k0_ZTS6MMstv1/k0_ZTS6MMstv1_i_llvm_fpga_push_i1_notcmp0000ush23_k0_zts6mmstv10.sv" />
			<FILE name="kernel_hdl/k0_ZTS6MMstv1/k0_ZTS6MMstv1_i_llvm_fpga_push_i1_notexitcond_k0_zts6mmstv10.sv" />
			<FILE name="kernel_hdl/k0_ZTS6MMstv1/k0_ZTS6MMstv1_i_llvm_fpga_push_i2_cleanups_push19_k0_zts6mmstv10.sv" />
			<FILE name="kernel_hdl/k0_ZTS6MMstv1/k0_ZTS6MMstv1_i_llvm_fpga_push_i2_initer0000ush18_k0_zts6mmstv10.sv" />
			<FILE name="kernel_hdl/k0_ZTS6MMstv1/k0_ZTS6MMstv1_i_llvm_fpga_push_i64_acl_00000ush25_k0_zts6mmstv10.sv" />
			<FILE name="kernel_hdl/k0_ZTS6MMstv1/k0_ZTS6MMstv1_i_llvm_fpga_push_i64_acl_00000ush16_k0_zts6mmstv10.sv" />
			<FILE name="kernel_hdl/k0_ZTS6MMstv1/k0_ZTS6MMstv1_i_llvm_fpga_push_i64_push20_k0_zts6mmstv10.sv" />
			<FILE name="kernel_hdl/k0_ZTS6MMstv1/k0_ZTS6MMstv1_i_llvm_fpga_push_i64_push21_k0_zts6mmstv10.sv" />
			<FILE name="kernel_hdl/k0_ZTS6MMstv1/k0_ZTS6MMstv1_i_llvm_fpga_push_i64_push22_k0_zts6mmstv10.sv" />
			<FILE name="kernel_hdl/k0_ZTS6MMstv1/k0_ZTS6MMstv1_i_llvm_fpga_sync_buffer_p10002uffer_k0_zts6mmstv10.sv" />
			<FILE name="kernel_hdl/k0_ZTS6MMstv1/k0_ZTS6MMstv1_i_llvm_fpga_sync_buffer_p10000ffer8_k0_zts6mmstv10.sv" />
			<FILE name="kernel_hdl/k0_ZTS6MMstv1/k0_ZTS6MMstv1_i_llvm_fpga_sync_buffer_p10003uffer_k0_zts6mmstv10.sv" />
			<FILE name="kernel_hdl/k0_ZTS6MMstv1/k0_ZTS6MMstv1_i_sfc_s_c1_in_znk2cl4sycl60000enter_k0_zts6mmstv17.sv" />
			<FILE name="kernel_hdl/k0_ZTS6MMstv1/k0_ZTS6MMstv1_i_llvm_fpga_sfc_exit_s_c1_0000_exit_k0_zts6mmstv10.sv" />
			<FILE name="kernel_hdl/k0_ZTS6MMstv1/k0_ZTS6MMstv1_i_llvm_fpga_sfc_exit_s_c1_0000mstv11_full_detector.sv" />
			<FILE name="kernel_hdl/k0_ZTS6MMstv1/k0_ZTS6MMstv1_i_llvm_fpga_sfc_exit_s_c1_0000ts6mmstv11_data_fifo.sv" />
			<FILE name="kernel_hdl/k0_ZTS6MMstv1/k0_ZTS6MMstv1_i_sfc_logic_s_c1_in_znk2cl0000enter_k0_zts6mmstv10.sv" />
			<FILE name="kernel_hdl/k0_ZTS6MMstv1/k0_ZTS6MMstv1_i_llvm_fpga_fp_accum_fp_accum_k0_zts6mmstv10.sv" />
			<FILE name="kernel_hdl/k0_ZTS6MMstv1/k0_ZTS6MMstv1_flt_i_llvm_fpga_dot_produc00000cd16ok6cj06c00oq3cz.sv" />
			<FILE name="kernel_hdl/k0_ZTS6MMstv1/k0_ZTS6MMstv1_bb_ZTS6MMstv1_B4_sr_1.sv" />
			<FILE name="kernel_hdl/k0_ZTS6MMstv1/k0_ZTS6MMstv1_bb_ZTS6MMstv1_B5.sv" />
			<FILE name="kernel_hdl/k0_ZTS6MMstv1/k0_ZTS6MMstv1_ZTS6MMstv1_B5_branch.sv" />
			<FILE name="kernel_hdl/k0_ZTS6MMstv1/k0_ZTS6MMstv1_ZTS6MMstv1_B5_merge.sv" />
			<FILE name="kernel_hdl/k0_ZTS6MMstv1/k0_ZTS6MMstv1_bb_ZTS6MMstv1_B5_stall_region.sv" />
			<FILE name="kernel_hdl/k0_ZTS6MMstv1/k0_ZTS6MMstv1_bb_ZTS6MMstv1_B5_sr_0.sv" />
			<FILE name="kernel_hdl/k0_ZTS6MMstv1/k0_ZTS6MMstv1_bb_ZTS6MMstv1_B6_sr_0.sv" />
			<FILE name="kernel_hdl/k0_ZTS6MMstv1/k0_ZTS6MMstv1_function_cra_agent.sv" />
		</REQUIREMENTS>
		<DATA>
			<INTERFACE port="memcoalesce_load_ZTS6MMstv1_fpgaunique_0_k0_ZTS6MMstv1" cosim_name="" type="host" width="512" true_lsu_width="64" burstwidth="5" pipelined="true" addr_space="__global" aspace_id="0" optype="read" criticality="262143" buffer_location="DDR" group_id="0" connected_to_agent="0" />
			<INTERFACE port="unnamed_k0_ZTS6MMstv111_k0_ZTS6MMstv1" cosim_name="" type="host" width="512" true_lsu_width="32" burstwidth="5" pipelined="true" addr_space="__global" aspace_id="0" optype="read" criticality="8191" buffer_location="DDR" group_id="0" connected_to_agent="0" />
			<INTERFACE port="unnamed_k0_ZTS6MMstv112_k0_ZTS6MMstv1" cosim_name="" type="host" width="512" true_lsu_width="32" burstwidth="5" pipelined="true" addr_space="__global" aspace_id="0" optype="write" criticality="8191" buffer_location="DDR" group_id="0" connected_to_agent="0" />
			<INTERFACE port="unnamed_k0_ZTS6MMstv122_k0_ZTS6MMstv1" cosim_name="" type="host" width="512" true_lsu_width="32" burstwidth="5" pipelined="true" addr_space="__global" aspace_id="0" optype="read" criticality="262143" buffer_location="DDR" group_id="0" connected_to_agent="0" />
			<INTERFACE port="unnamed_k0_ZTS6MMstv123_k0_ZTS6MMstv1" cosim_name="" type="host" width="512" true_lsu_width="32" burstwidth="5" pipelined="true" addr_space="__global" aspace_id="0" optype="read" criticality="262143" buffer_location="DDR" group_id="0" connected_to_agent="0" />
		</DATA>
		<KERNEL_ARGS>
			<ARGUMENT name="arg0" cosim_name="" opencl_access_type="ACL_ARG_ADDR_GLOBAL" opencl_type_category="ACL_ARG_MEM_OBJ" size="8" alignment="1024" type_qualifier="RC" access_qualifier="none" type_name="float*" host_accessible="" pipe_channel_id="" >
		</ARGUMENT>
			<ARGUMENT name="arg1" cosim_name="" opencl_access_type="ACL_ARG_ADDR_NONE" opencl_type_category="ACL_ARG_BY_VALUE" size="16" alignment="1" type_qualifier="" access_qualifier="none" type_name="class._ZTSN2cl4sycl5rangeILi2EEE.cl::sycl::range" host_accessible="" pipe_channel_id="" >
		</ARGUMENT>
			<ARGUMENT name="arg2" cosim_name="" opencl_access_type="ACL_ARG_ADDR_NONE" opencl_type_category="ACL_ARG_BY_VALUE" size="16" alignment="1" type_qualifier="" access_qualifier="none" type_name="class._ZTSN2cl4sycl5rangeILi2EEE.cl::sycl::range" host_accessible="" pipe_channel_id="" >
		</ARGUMENT>
			<ARGUMENT name="arg3" cosim_name="" opencl_access_type="ACL_ARG_ADDR_NONE" opencl_type_category="ACL_ARG_BY_VALUE" size="16" alignment="1" type_qualifier="" access_qualifier="none" type_name="class._ZTSN2cl4sycl5rangeILi2EEE.cl::sycl::range" host_accessible="" pipe_channel_id="" >
		</ARGUMENT>
			<ARGUMENT name="arg4" cosim_name="" opencl_access_type="ACL_ARG_ADDR_GLOBAL" opencl_type_category="ACL_ARG_MEM_OBJ" size="8" alignment="1024" type_qualifier="RC" access_qualifier="none" type_name="float*" host_accessible="" pipe_channel_id="" >
		</ARGUMENT>
			<ARGUMENT name="arg5" cosim_name="" opencl_access_type="ACL_ARG_ADDR_NONE" opencl_type_category="ACL_ARG_BY_VALUE" size="16" alignment="1" type_qualifier="" access_qualifier="none" type_name="class._ZTSN2cl4sycl5rangeILi2EEE.cl::sycl::range" host_accessible="" pipe_channel_id="" >
		</ARGUMENT>
			<ARGUMENT name="arg6" cosim_name="" opencl_access_type="ACL_ARG_ADDR_NONE" opencl_type_category="ACL_ARG_BY_VALUE" size="16" alignment="1" type_qualifier="" access_qualifier="none" type_name="class._ZTSN2cl4sycl5rangeILi2EEE.cl::sycl::range" host_accessible="" pipe_channel_id="" >
		</ARGUMENT>
			<ARGUMENT name="arg7" cosim_name="" opencl_access_type="ACL_ARG_ADDR_NONE" opencl_type_category="ACL_ARG_BY_VALUE" size="16" alignment="1" type_qualifier="" access_qualifier="none" type_name="class._ZTSN2cl4sycl5rangeILi2EEE.cl::sycl::range" host_accessible="" pipe_channel_id="" >
		</ARGUMENT>
			<ARGUMENT name="arg8" cosim_name="" opencl_access_type="ACL_ARG_ADDR_GLOBAL" opencl_type_category="ACL_ARG_MEM_OBJ" size="8" alignment="1024" type_qualifier="R" access_qualifier="none" type_name="float*" host_accessible="" pipe_channel_id="" >
		</ARGUMENT>
			<ARGUMENT name="arg9" cosim_name="" opencl_access_type="ACL_ARG_ADDR_NONE" opencl_type_category="ACL_ARG_BY_VALUE" size="16" alignment="1" type_qualifier="" access_qualifier="none" type_name="class._ZTSN2cl4sycl5rangeILi2EEE.cl::sycl::range" host_accessible="" pipe_channel_id="" >
		</ARGUMENT>
			<ARGUMENT name="arg10" cosim_name="" opencl_access_type="ACL_ARG_ADDR_NONE" opencl_type_category="ACL_ARG_BY_VALUE" size="16" alignment="1" type_qualifier="" access_qualifier="none" type_name="class._ZTSN2cl4sycl5rangeILi2EEE.cl::sycl::range" host_accessible="" pipe_channel_id="" >
		</ARGUMENT>
			<ARGUMENT name="arg11" cosim_name="" opencl_access_type="ACL_ARG_ADDR_NONE" opencl_type_category="ACL_ARG_BY_VALUE" size="16" alignment="1" type_qualifier="" access_qualifier="none" type_name="class._ZTSN2cl4sycl5rangeILi2EEE.cl::sycl::range" host_accessible="" pipe_channel_id="" >
		</ARGUMENT>
			<ARGUMENT name="arg12" cosim_name="" opencl_access_type="ACL_ARG_ADDR_GLOBAL" opencl_type_category="ACL_ARG_MEM_OBJ" size="8" alignment="1024" type_qualifier="RC" access_qualifier="none" type_name="float*" host_accessible="" pipe_channel_id="" >
		</ARGUMENT>
			<ARGUMENT name="arg13" cosim_name="" opencl_access_type="ACL_ARG_ADDR_NONE" opencl_type_category="ACL_ARG_BY_VALUE" size="16" alignment="1" type_qualifier="" access_qualifier="none" type_name="class._ZTSN2cl4sycl5rangeILi2EEE.cl::sycl::range" host_accessible="" pipe_channel_id="" >
		</ARGUMENT>
			<ARGUMENT name="arg14" cosim_name="" opencl_access_type="ACL_ARG_ADDR_NONE" opencl_type_category="ACL_ARG_BY_VALUE" size="16" alignment="1" type_qualifier="" access_qualifier="none" type_name="class._ZTSN2cl4sycl5rangeILi2EEE.cl::sycl::range" host_accessible="" pipe_channel_id="" >
		</ARGUMENT>
			<ARGUMENT name="arg15" cosim_name="" opencl_access_type="ACL_ARG_ADDR_NONE" opencl_type_category="ACL_ARG_BY_VALUE" size="16" alignment="1" type_qualifier="" access_qualifier="none" type_name="class._ZTSN2cl4sycl5rangeILi2EEE.cl::sycl::range" host_accessible="" pipe_channel_id="" >
		</ARGUMENT>
		</KERNEL_ARGS>
		<IPS>
		</IPS>
		<PRINTF_FORMAT_STRINGS>
		</PRINTF_FORMAT_STRINGS>
		<PRINTF_INTERFACES>
		</PRINTF_INTERFACES>
	</KERNEL>
	</KERNEL_BUNDLE>
	<GLOBAL_MEM_LATENCY kernel_side_mem_latency="8" arbitration_latency="6" />
	<STRUCT_TYPE_DEFS>
	</STRUCT_TYPE_DEFS>
	<KERNEL_INTERCONNECT>
		<USM_INTERCONNECT value="0" />
		<GLOBAL_ATOMICS value="0" />
		<GLOBAL_INTERCONNECT gmem_id="0" name="DDR" type="1" />
		<GLOBAL_READS memory="DDR" aspace="1024" />
		<GLOBAL_READS memory="DDR" aspace="1024" />
		<GLOBAL_READS memory="DDR" aspace="1024" />
		<GLOBAL_READS memory="DDR" aspace="1024" />
		<GLOBAL_WRITES memory="DDR" aspace="1024" />
	</KERNEL_INTERCONNECT>
</KERNEL_LIST>
