{"children":[{"children":[{"data":[179950,358572,492,123,0],"details":[{"text":"Platform interface logic.","type":"text"}],"name":"Board interface","type":"resource"}],"name":"Static Partition","type":"partition"},{"data":[1720,2581,61,0,0],"details":[{"text":"Global interconnect for 4 global loads and 1 global store. Reduce number of global loads and stores to simplify global interconnect.","type":"text"},{"text":"For 4 global loads and 1 global store.","type":"brief"},{"links":[{"guide":"Best Practices Guide : Global Memory Interconnect","link":"file:////glob/development-tools/versions/oneapi/2022.1.2/oneapi/compiler/2022.0.2/linux/lib/oclfpga/aoc_help_pages/hnj1476724450050.html"}],"text":"See %L for more information","type":"text"}],"name":"Global interconnect","type":"resource"},{"data":[0,67,2,0,0],"details":[{"text":"This read-only memory contains information for the host about the system and about each kernel in the system, including kernel names, arguments, and attributes. The system description ROM ensures that the binary image on the FPGA is compatible with the host program.","type":"text"},{"text":"Contains information for the host.","type":"brief"}],"name":"System description ROM","type":"resource"},{"children":[{"data":[227,824,0,0,67],"details":[{"text":"Feedback+Cluster logic","type":"brief"}],"name":"Data control overhead","type":"resource"},{"data":[1338,2411,0,0,10],"details":[{"text":"Kernel dispatch logic.","type":"text"},{"text":"Kernel dispatch logic.","type":"brief"}],"name":"Function overhead","type":"resource"},{"children":[{"count":5,"data":[427,1957,8,0,33],"debug":[[{"filename":"","line":0}]],"name":"State","type":"resource"},{"count":1,"data":[1,1,0,0,0],"debug":[[{"filename":"","line":0}]],"name":"1-bit Xor","type":"resource"},{"count":2,"data":[2,2,0,0,0],"debug":[[{"filename":"","line":0}]],"name":"llvm.fpga.fanout","type":"resource"}],"data":[430,1960,8,0,33],"name":"No Source Line","type":"resource"},{"children":[{"children":[{"count":1,"data":[4,0,0,0,0],"debug":[[{"filename":"/glob/development-tools/versions/oneapi/2022.1.2/oneapi/compiler/2022.0.2/linux/bin-llvm/../include/sycl/CL/sycl/handler.hpp","line":"940"}]],"name":"11-bit Integer Compare","type":"resource"}],"data":[4,0,0,0,0],"debug":[[{"filename":"/glob/development-tools/versions/oneapi/2022.1.2/oneapi/compiler/2022.0.2/linux/bin-llvm/../include/sycl/CL/sycl/handler.hpp","line":940},{"filename":"/home/u139750/lab4/dpcpp-tutorial/matrix-multi/build/src/matrix-multi-st-v1.cpp","line":68}]],"name":"handler.hpp:940 > matrix-multi-st-v1.cpp:68","replace_name":true,"type":"resource"},{"children":[{"count":9,"data":[566,0,0,0,0],"debug":[[{"filename":"/glob/development-tools/versions/oneapi/2022.1.2/oneapi/compiler/2022.0.2/linux/bin-llvm/../include/sycl/CL/sycl/handler.hpp","line":"940"}]],"name":"64-bit Integer Add","type":"resource"},{"count":3,"data":[456,268,0,15,0],"debug":[[{"filename":"/glob/development-tools/versions/oneapi/2022.1.2/oneapi/compiler/2022.0.2/linux/bin-llvm/../include/sycl/CL/sycl/handler.hpp","line":"940"}]],"name":"64-bit Integer Multiply","type":"resource"}],"data":[1022,268,0,15,0],"debug":[[{"filename":"/glob/development-tools/versions/oneapi/2022.1.2/oneapi/compiler/2022.0.2/linux/bin-llvm/../include/sycl/CL/sycl/handler.hpp","line":940},{"filename":"/home/u139750/lab4/dpcpp-tutorial/matrix-multi/build/src/matrix-multi-st-v1.cpp","line":73},{"filename":"/glob/development-tools/versions/oneapi/2022.1.2/oneapi/compiler/2022.0.2/linux/bin-llvm/../include/sycl/CL/sycl/accessor.hpp","line":344},{"filename":"/glob/development-tools/versions/oneapi/2022.1.2/oneapi/compiler/2022.0.2/linux/bin-llvm/../include/sycl/CL/sycl/accessor.hpp","line":1558},{"filename":"/glob/development-tools/versions/oneapi/2022.1.2/oneapi/compiler/2022.0.2/linux/bin-llvm/../include/sycl/CL/sycl/accessor.hpp","line":840}]],"name":"handler.hpp:940 > matrix-multi-st-v1.cpp:73 > \naccessor.hpp:344 > accessor.hpp:1558 > \naccessor.hpp:840","replace_name":true,"type":"resource"},{"children":[{"count":3,"data":[190,0,0,0,0],"debug":[[{"filename":"/glob/development-tools/versions/oneapi/2022.1.2/oneapi/compiler/2022.0.2/linux/bin-llvm/../include/sycl/CL/sycl/handler.hpp","line":"940"}]],"name":"64-bit Integer Add","type":"resource"},{"count":1,"data":[156,92,0,5,0],"debug":[[{"filename":"/glob/development-tools/versions/oneapi/2022.1.2/oneapi/compiler/2022.0.2/linux/bin-llvm/../include/sycl/CL/sycl/handler.hpp","line":"940"}]],"name":"64-bit Integer Multiply","type":"resource"}],"data":[346,92,0,5,0],"debug":[[{"filename":"/glob/development-tools/versions/oneapi/2022.1.2/oneapi/compiler/2022.0.2/linux/bin-llvm/../include/sycl/CL/sycl/handler.hpp","line":940},{"filename":"/home/u139750/lab4/dpcpp-tutorial/matrix-multi/build/src/matrix-multi-st-v1.cpp","line":74},{"filename":"/glob/development-tools/versions/oneapi/2022.1.2/oneapi/compiler/2022.0.2/linux/bin-llvm/../include/sycl/CL/sycl/accessor.hpp","line":329},{"filename":"/glob/development-tools/versions/oneapi/2022.1.2/oneapi/compiler/2022.0.2/linux/bin-llvm/../include/sycl/CL/sycl/accessor.hpp","line":1551},{"filename":"/glob/development-tools/versions/oneapi/2022.1.2/oneapi/compiler/2022.0.2/linux/bin-llvm/../include/sycl/CL/sycl/accessor.hpp","line":840}]],"name":"handler.hpp:940 > matrix-multi-st-v1.cpp:74 > \naccessor.hpp:329 > accessor.hpp:1551 > \naccessor.hpp:840","replace_name":true,"type":"resource"},{"children":[{"count":3,"data":[190,0,0,0,0],"debug":[[{"filename":"/glob/development-tools/versions/oneapi/2022.1.2/oneapi/compiler/2022.0.2/linux/bin-llvm/../include/sycl/CL/sycl/handler.hpp","line":"940"}]],"name":"64-bit Integer Add","type":"resource"},{"count":1,"data":[156,92,0,5,0],"debug":[[{"filename":"/glob/development-tools/versions/oneapi/2022.1.2/oneapi/compiler/2022.0.2/linux/bin-llvm/../include/sycl/CL/sycl/handler.hpp","line":"940"}]],"name":"64-bit Integer Multiply","type":"resource"}],"data":[346,92,0,5,0],"debug":[[{"filename":"/glob/development-tools/versions/oneapi/2022.1.2/oneapi/compiler/2022.0.2/linux/bin-llvm/../include/sycl/CL/sycl/handler.hpp","line":940},{"filename":"/home/u139750/lab4/dpcpp-tutorial/matrix-multi/build/src/matrix-multi-st-v1.cpp","line":74},{"filename":"/glob/development-tools/versions/oneapi/2022.1.2/oneapi/compiler/2022.0.2/linux/bin-llvm/../include/sycl/CL/sycl/accessor.hpp","line":344},{"filename":"/glob/development-tools/versions/oneapi/2022.1.2/oneapi/compiler/2022.0.2/linux/bin-llvm/../include/sycl/CL/sycl/accessor.hpp","line":1558},{"filename":"/glob/development-tools/versions/oneapi/2022.1.2/oneapi/compiler/2022.0.2/linux/bin-llvm/../include/sycl/CL/sycl/accessor.hpp","line":840}]],"name":"handler.hpp:940 > matrix-multi-st-v1.cpp:74 > \naccessor.hpp:344 > accessor.hpp:1558 > \naccessor.hpp:840","replace_name":true,"type":"resource"},{"children":[{"count":1,"data":[4,0,0,0,0],"debug":[[{"filename":"/glob/development-tools/versions/oneapi/2022.1.2/oneapi/compiler/2022.0.2/linux/bin-llvm/../include/sycl/CL/sycl/handler.hpp","line":"940"}]],"name":"13-bit Integer Compare","type":"resource"}],"data":[4,0,0,0,0],"debug":[[{"filename":"/glob/development-tools/versions/oneapi/2022.1.2/oneapi/compiler/2022.0.2/linux/bin-llvm/../include/sycl/CL/sycl/handler.hpp","line":940},{"filename":"/home/u139750/lab4/dpcpp-tutorial/matrix-multi/build/src/matrix-multi-st-v1.cpp","line":69}]],"name":"handler.hpp:940 > matrix-multi-st-v1.cpp:69","replace_name":true,"type":"resource"},{"children":[{"count":1,"data":[0,0,0,1,0],"debug":[[{"filename":"/glob/development-tools/versions/oneapi/2022.1.2/oneapi/compiler/2022.0.2/linux/bin-llvm/../include/sycl/CL/sycl/handler.hpp","line":"940"}]],"name":"32-bit Floating-point Add","type":"resource"},{"count":1,"data":[360,440,13,0,0],"debug":[[{"filename":"/glob/development-tools/versions/oneapi/2022.1.2/oneapi/compiler/2022.0.2/linux/bin-llvm/../include/sycl/CL/sycl/handler.hpp","line":"940"}]],"name":"Load","type":"resource"},{"count":1,"data":[390,2128,0,0,31],"debug":[[{"filename":"/glob/development-tools/versions/oneapi/2022.1.2/oneapi/compiler/2022.0.2/linux/bin-llvm/../include/sycl/CL/sycl/handler.hpp","line":"940"}]],"name":"Store","type":"resource"}],"data":[750,2568,13,1,31],"debug":[[{"filename":"/glob/development-tools/versions/oneapi/2022.1.2/oneapi/compiler/2022.0.2/linux/bin-llvm/../include/sycl/CL/sycl/handler.hpp","line":940},{"filename":"/home/u139750/lab4/dpcpp-tutorial/matrix-multi/build/src/matrix-multi-st-v1.cpp","line":74}]],"name":"handler.hpp:940 > matrix-multi-st-v1.cpp:74","replace_name":true,"type":"resource"},{"children":[{"count":1,"data":[62,0,0,0,0],"debug":[[{"filename":"/glob/development-tools/versions/oneapi/2022.1.2/oneapi/compiler/2022.0.2/linux/bin-llvm/../include/sycl/CL/sycl/handler.hpp","line":"940"}]],"name":"Pointer Computation","type":"resource"}],"data":[62,0,0,0,0],"debug":[[{"filename":"/glob/development-tools/versions/oneapi/2022.1.2/oneapi/compiler/2022.0.2/linux/bin-llvm/../include/sycl/CL/sycl/handler.hpp","line":940},{"filename":"/home/u139750/lab4/dpcpp-tutorial/matrix-multi/build/src/matrix-multi-st-v1.cpp","line":74},{"filename":"/glob/development-tools/versions/oneapi/2022.1.2/oneapi/compiler/2022.0.2/linux/bin-llvm/../include/sycl/CL/sycl/accessor.hpp","line":329},{"filename":"/glob/development-tools/versions/oneapi/2022.1.2/oneapi/compiler/2022.0.2/linux/bin-llvm/../include/sycl/CL/sycl/accessor.hpp","line":1552}]],"name":"handler.hpp:940 > matrix-multi-st-v1.cpp:74 > \naccessor.hpp:329 > accessor.hpp:1552","replace_name":true,"type":"resource"},{"children":[{"count":1,"data":[62,0,0,0,0],"debug":[[{"filename":"/glob/development-tools/versions/oneapi/2022.1.2/oneapi/compiler/2022.0.2/linux/bin-llvm/../include/sycl/CL/sycl/handler.hpp","line":"940"}]],"name":"Pointer Computation","type":"resource"}],"data":[62,0,0,0,0],"debug":[[{"filename":"/glob/development-tools/versions/oneapi/2022.1.2/oneapi/compiler/2022.0.2/linux/bin-llvm/../include/sycl/CL/sycl/handler.hpp","line":940},{"filename":"/home/u139750/lab4/dpcpp-tutorial/matrix-multi/build/src/matrix-multi-st-v1.cpp","line":74},{"filename":"/glob/development-tools/versions/oneapi/2022.1.2/oneapi/compiler/2022.0.2/linux/bin-llvm/../include/sycl/CL/sycl/accessor.hpp","line":344},{"filename":"/glob/development-tools/versions/oneapi/2022.1.2/oneapi/compiler/2022.0.2/linux/bin-llvm/../include/sycl/CL/sycl/accessor.hpp","line":1559}]],"name":"handler.hpp:940 > matrix-multi-st-v1.cpp:74 > \naccessor.hpp:344 > accessor.hpp:1559","replace_name":true,"type":"resource"},{"children":[{"count":1,"data":[1,1,0,0,0],"debug":[[{"filename":"/glob/development-tools/versions/oneapi/2022.1.2/oneapi/compiler/2022.0.2/linux/bin-llvm/../include/sycl/CL/sycl/handler.hpp","line":"940"}]],"name":"1-bit And","type":"resource"},{"count":1,"data":[1,0,0,0,0],"debug":[[{"filename":"/glob/development-tools/versions/oneapi/2022.1.2/oneapi/compiler/2022.0.2/linux/bin-llvm/../include/sycl/CL/sycl/handler.hpp","line":"940"}]],"name":"1-bit Or","type":"resource"},{"count":1,"data":[4,0,0,0,0],"debug":[[{"filename":"/glob/development-tools/versions/oneapi/2022.1.2/oneapi/compiler/2022.0.2/linux/bin-llvm/../include/sycl/CL/sycl/handler.hpp","line":"940"}]],"name":"11-bit Integer Compare","type":"resource"},{"count":1,"data":[2,0,0,0,0],"debug":[[{"filename":"/glob/development-tools/versions/oneapi/2022.1.2/oneapi/compiler/2022.0.2/linux/bin-llvm/../include/sycl/CL/sycl/handler.hpp","line":"940"}]],"name":"2-bit Select","type":"resource"}],"data":[8,1,0,0,0],"debug":[[{"filename":"/glob/development-tools/versions/oneapi/2022.1.2/oneapi/compiler/2022.0.2/linux/bin-llvm/../include/sycl/CL/sycl/handler.hpp","line":940},{"filename":"/home/u139750/lab4/dpcpp-tutorial/matrix-multi/build/src/matrix-multi-st-v1.cpp","line":72}]],"name":"handler.hpp:940 > matrix-multi-st-v1.cpp:72","replace_name":true,"type":"resource"},{"children":[{"count":1,"data":[0,0,0,1,0],"debug":[[{"filename":"/glob/development-tools/versions/oneapi/2022.1.2/oneapi/compiler/2022.0.2/linux/bin-llvm/../include/sycl/CL/sycl/handler.hpp","line":"940"}]],"name":"32-bit Floating-point Accumulator","type":"resource"},{"count":2,"data":[0,0,0,2,0],"debug":[[{"filename":"/glob/development-tools/versions/oneapi/2022.1.2/oneapi/compiler/2022.0.2/linux/bin-llvm/../include/sycl/CL/sycl/handler.hpp","line":"940"}]],"name":"32-bit Floating-point Dot Product of Size 2","type":"resource"},{"count":3,"data":[1739,6533,46,0,0],"debug":[[{"filename":"/glob/development-tools/versions/oneapi/2022.1.2/oneapi/compiler/2022.0.2/linux/bin-llvm/../include/sycl/CL/sycl/handler.hpp","line":"940"}]],"name":"Load","type":"resource"}],"data":[1739,6533,46,3,0],"debug":[[{"filename":"/glob/development-tools/versions/oneapi/2022.1.2/oneapi/compiler/2022.0.2/linux/bin-llvm/../include/sycl/CL/sycl/handler.hpp","line":940},{"filename":"/home/u139750/lab4/dpcpp-tutorial/matrix-multi/build/src/matrix-multi-st-v1.cpp","line":73}]],"name":"handler.hpp:940 > matrix-multi-st-v1.cpp:73","replace_name":true,"type":"resource"},{"children":[{"count":3,"data":[186,0,0,0,0],"debug":[[{"filename":"/glob/development-tools/versions/oneapi/2022.1.2/oneapi/compiler/2022.0.2/linux/bin-llvm/../include/sycl/CL/sycl/handler.hpp","line":"940"}]],"name":"Pointer Computation","type":"resource"}],"data":[186,0,0,0,0],"debug":[[{"filename":"/glob/development-tools/versions/oneapi/2022.1.2/oneapi/compiler/2022.0.2/linux/bin-llvm/../include/sycl/CL/sycl/handler.hpp","line":940},{"filename":"/home/u139750/lab4/dpcpp-tutorial/matrix-multi/build/src/matrix-multi-st-v1.cpp","line":73},{"filename":"/glob/development-tools/versions/oneapi/2022.1.2/oneapi/compiler/2022.0.2/linux/bin-llvm/../include/sycl/CL/sycl/accessor.hpp","line":344},{"filename":"/glob/development-tools/versions/oneapi/2022.1.2/oneapi/compiler/2022.0.2/linux/bin-llvm/../include/sycl/CL/sycl/accessor.hpp","line":1559}]],"name":"handler.hpp:940 > matrix-multi-st-v1.cpp:73 > \naccessor.hpp:344 > accessor.hpp:1559","replace_name":true,"type":"resource"}],"data":[4529,9554,59,29,31],"debug":[[{"filename":"/glob/development-tools/versions/oneapi/2022.1.2/oneapi/compiler/2022.0.2/linux/bin-llvm/../include/sycl/CL/sycl/handler.hpp","line":940}]],"name":"/glob/development-tools/versions/oneapi/2022.1.2/oneapi/compiler/2022.0.2/linux/bin-llvm/../include/sycl/CL/sycl/handler.hpp:940","replace_name":"true","type":"resource"}],"compute_units":1,"data":[6524,14749,67,29,141],"details":[{"text":"Number of compute units: 1","type":"text"},{"text":"1 compute unit.","type":"brief"}],"name":"MMstv1","total_kernel_resources":[6524,14749,67,29,141],"total_percent":[1.87027,1.09363,0.86312,2.46959,1.91041],"type":"function"}],"columns":["","ALUTs","FFs","RAMs","DSPs","MLABs","Details"],"data":[8244,17397,130,29,141],"debug_enabled":"true","max_resources":[854400,1708800,2713,1518,42720],"name":"Kernel System","total":[188194,375969,622,152,141],"total_percent":[43.0263,22.3565,22.0019,22.9266,10.0132],"type":"module"}