{
  "name":"loop_attributes"
  , "id":144
  , "nodes":
  [
    {
      "name":"MMstv1"
      , "id":1
      , "clk":"No"
      , "fmax":"240.00"
      , "type":"kernel"
      , "children":
      [
        {
          "name":"MMstv1.B0"
          , "id":2
          , "af":"240.00"
          , "br":"0"
          , "ci":"0"
          , "fo":"Disabled"
          , "ii":"1"
          , "ll":"1"
          , "lt":"2.000000"
          , "mi":"n/a"
          , "pl":"Yes"
          , "tc":"0"
          , "tn":"1"
          , "type":"bb"
        }
        , {
          "name":"MMstv1.B1"
          , "id":3
          , "af":"240.00"
          , "br":"0"
          , "ci":"0"
          , "fo":"Disabled"
          , "ii":"1"
          , "ll":"1"
          , "lt":"10.000000"
          , "mi":"1"
          , "pl":"Yes"
          , "tc":"0"
          , "tn":"1"
          , "details":
          [
            {
              "type":"text"
              , "text":"Hyper-Optimized loop structure: n/a"
            }
          ]
          , "debug":
          [
            [
              {
                "filename":"/home/u139750/lab4/dpcpp-tutorial/matrix-multi/build/src/matrix-multi-st-v1.cpp"
                , "line":68
              }
            ]
          ]
          , "type":"loop"
          , "children":
          [
            {
              "name":"MMstv1.B2"
              , "id":4
              , "af":"240.00"
              , "br":"0"
              , "ci":"0"
              , "fo":"Disabled"
              , "ii":"1"
              , "ll":"2"
              , "lt":"5.000000"
              , "mi":"1"
              , "pl":"Yes"
              , "tc":"0"
              , "tn":"0"
              , "details":
              [
                {
                  "type":"text"
                  , "text":"Hyper-Optimized loop structure: n/a"
                }
              ]
              , "debug":
              [
                [
                  {
                    "filename":"/home/u139750/lab4/dpcpp-tutorial/matrix-multi/build/src/matrix-multi-st-v1.cpp"
                    , "line":69
                  }
                ]
              ]
              , "type":"loop"
              , "children":
              [
                {
                  "name":"2X Partially unrolled MMstv1.B4"
                  , "id":6
                  , "af":"240.00"
                  , "br":"1"
                  , "ci":"0"
                  , "fo":"Disabled"
                  , "ii":"1"
                  , "ll":"3"
                  , "lt":"303.000000"
                  , "mi":"1"
                  , "pl":"Yes"
                  , "tc":"800"
                  , "tn":"0"
                  , "details":
                  [
                    {
                      "type":"text"
                      , "text":"Hyper-Optimized loop structure: n/a"
                    }
                  ]
                  , "debug":
                  [
                    [
                      {
                        "filename":"/home/u139750/lab4/dpcpp-tutorial/matrix-multi/build/src/matrix-multi-st-v1.cpp"
                        , "line":72
                      }
                    ]
                  ]
                  , "type":"loop"
                }
              ]
            }
            , {
              "name":"MMstv1.B3"
              , "id":5
              , "af":"240.00"
              , "br":"1"
              , "ci":"0"
              , "fo":"Disabled"
              , "ii":"1"
              , "ll":"2"
              , "lt":"12.000000"
              , "mi":"n/a"
              , "pl":"Yes"
              , "tc":"3200"
              , "tn":"1"
              , "type":"bb"
            }
          ]
        }
        , {
          "name":"MMstv1.B5"
          , "id":7
          , "af":"240.00"
          , "br":"1"
          , "ci":"0"
          , "fo":"Disabled"
          , "ii":"1"
          , "ll":"1"
          , "lt":"0.000000"
          , "mi":"n/a"
          , "pl":"Yes"
          , "tc":"800"
          , "tn":"1"
          , "type":"bb"
        }
        , {
          "name":"MMstv1.B6"
          , "id":8
          , "af":"240.00"
          , "br":"0"
          , "ci":"0"
          , "fo":"Disabled"
          , "ii":"1"
          , "ll":"1"
          , "lt":"1.000000"
          , "mi":"n/a"
          , "pl":"Yes"
          , "tc":"0"
          , "tn":"1"
          , "type":"bb"
        }
      ]
    }
  ]
}
