{
  "nodes":
  [
    {
      "type":"kernel"
      , "id":2
      , "name":"MMstv1"
      , "children":
      [
        {
          "type":"bb"
          , "id":3
          , "name":"MMstv1.B0"
          , "details":
          [
            {
              "type":"table"
              , "Latency":"2"
            }
          ]
        }
        , {
          "type":"bb"
          , "id":4
          , "name":"MMstv1.B1"
          , "details":
          [
            {
              "type":"table"
              , "Latency":"10"
              , "II":"1"
              , "Subloops":"Yes"
              , "Pipelined":"Yes"
              , "Fmax Bottlenecks":"No"
              , "Loop Info":"Entry to loop. "
              , "Loops To":"8"
            }
          ]
        }
        , {
          "type":"bb"
          , "id":5
          , "name":"MMstv1.B2"
          , "details":
          [
            {
              "type":"table"
              , "Latency":"5"
              , "II":"1"
              , "Subloops":"Yes"
              , "Pipelined":"Yes"
              , "Fmax Bottlenecks":"No"
              , "Loop Info":"Entry to loop. "
              , "Loops To":"16"
            }
          ]
        }
        , {
          "type":"bb"
          , "id":6
          , "name":"MMstv1.B3"
          , "children":
          [
            {
              "type":"inst"
              , "id":10
              , "name":"Load"
              , "debug":
              [
                [
                  {
                    "filename":"/home/u139750/lab4/dpcpp-tutorial/matrix-multi/build/src/matrix-multi-st-v1.cpp"
                    , "line":74
                  }
                ]
              ]
              , "details":
              [
                {
                  "type":"table"
                  , "Width":"32 bits"
                  , "Type":"Prefetching"
                  , "Stall-free":"No"
                  , "Start Cycle":"1"
                  , "Latency":"2"
                  , "Reference":
                  [
                    {
                      "type":"text"
                      , "text":"See %L for more information"
                      , "links":
                      [
                        {
                          "guide":"Best Practices Guide : Load-Store Units"
                          , "link":"file:////glob/development-tools/versions/oneapi/2022.1.2/oneapi/compiler/2022.0.2/linux/lib/oclfpga/aoc_help_pages/yeo1491314105959.html"
                        }
                      ]
                    }
                  ]
                }
              ]
            }
            , {
              "type":"inst"
              , "id":11
              , "name":"Store"
              , "debug":
              [
                [
                  {
                    "filename":"/home/u139750/lab4/dpcpp-tutorial/matrix-multi/build/src/matrix-multi-st-v1.cpp"
                    , "line":74
                  }
                ]
              ]
              , "details":
              [
                {
                  "type":"table"
                  , "Width":"32 bits"
                  , "Type":"Burst-coalesced"
                  , "Stall-free":"No"
                  , "Start Cycle":"10"
                  , "Latency":"2"
                  , "Reference":
                  [
                    {
                      "type":"text"
                      , "text":"See %L for more information"
                      , "links":
                      [
                        {
                          "guide":"Best Practices Guide : Load-Store Units"
                          , "link":"file:////glob/development-tools/versions/oneapi/2022.1.2/oneapi/compiler/2022.0.2/linux/lib/oclfpga/aoc_help_pages/yeo1491314105959.html"
                        }
                      ]
                    }
                  ]
                }
              ]
            }
            , {
              "type":"inst"
              , "id":15
              , "name":"Begin"
              , "details":
              [
                {
                  "type":"table"
                  , "Start Cycle":"0"
                  , "Latency":"1"
                }
              ]
            }
            , {
              "type":"inst"
              , "id":16
              , "name":"End"
              , "details":
              [
                {
                  "type":"table"
                  , "Start Cycle":"12"
                  , "Latency":"1"
                }
              ]
            }
          ]
          , "details":
          [
            {
              "type":"table"
              , "Latency":"12"
              , "II":"1"
              , "Subloops":"Yes"
              , "Pipelined":"Yes"
              , "Fmax Bottlenecks":"No"
              , "Loop Info":"Exit which branches back to loop. "
            }
          ]
        }
        , {
          "type":"bb"
          , "id":7
          , "name":"MMstv1.B4"
          , "children":
          [
            {
              "type":"inst"
              , "id":12
              , "name":"Load"
              , "debug":
              [
                [
                  {
                    "filename":"/home/u139750/lab4/dpcpp-tutorial/matrix-multi/build/src/matrix-multi-st-v1.cpp"
                    , "line":73
                  }
                ]
              ]
              , "details":
              [
                {
                  "type":"table"
                  , "Width":"64 bits"
                  , "Type":"Burst-coalesced non-aligned"
                  , "Stall-free":"No"
                  , "Start Cycle":"11"
                  , "Latency":"279"
                  , "Reference":
                  [
                    {
                      "type":"text"
                      , "text":"See %L for more information"
                      , "links":
                      [
                        {
                          "guide":"Best Practices Guide : Load-Store Units"
                          , "link":"file:////glob/development-tools/versions/oneapi/2022.1.2/oneapi/compiler/2022.0.2/linux/lib/oclfpga/aoc_help_pages/yeo1491314105959.html"
                        }
                      ]
                    }
                  ]
                }
              ]
            }
            , {
              "type":"inst"
              , "id":13
              , "name":"Load"
              , "debug":
              [
                [
                  {
                    "filename":"/home/u139750/lab4/dpcpp-tutorial/matrix-multi/build/src/matrix-multi-st-v1.cpp"
                    , "line":73
                  }
                ]
              ]
              , "details":
              [
                {
                  "type":"table"
                  , "Width":"32 bits"
                  , "Type":"Burst-coalesced"
                  , "Stall-free":"No"
                  , "Start Cycle":"11"
                  , "Latency":"191"
                  , "Reference":
                  [
                    {
                      "type":"text"
                      , "text":"See %L for more information"
                      , "links":
                      [
                        {
                          "guide":"Best Practices Guide : Load-Store Units"
                          , "link":"file:////glob/development-tools/versions/oneapi/2022.1.2/oneapi/compiler/2022.0.2/linux/lib/oclfpga/aoc_help_pages/yeo1491314105959.html"
                        }
                      ]
                    }
                  ]
                }
              ]
            }
            , {
              "type":"inst"
              , "id":14
              , "name":"Load"
              , "debug":
              [
                [
                  {
                    "filename":"/home/u139750/lab4/dpcpp-tutorial/matrix-multi/build/src/matrix-multi-st-v1.cpp"
                    , "line":73
                  }
                ]
              ]
              , "details":
              [
                {
                  "type":"table"
                  , "Width":"32 bits"
                  , "Type":"Burst-coalesced"
                  , "Stall-free":"No"
                  , "Start Cycle":"11"
                  , "Latency":"191"
                  , "Reference":
                  [
                    {
                      "type":"text"
                      , "text":"See %L for more information"
                      , "links":
                      [
                        {
                          "guide":"Best Practices Guide : Load-Store Units"
                          , "link":"file:////glob/development-tools/versions/oneapi/2022.1.2/oneapi/compiler/2022.0.2/linux/lib/oclfpga/aoc_help_pages/yeo1491314105959.html"
                        }
                      ]
                    }
                  ]
                }
              ]
            }
            , {
              "type":"inst"
              , "id":17
              , "name":"Loop Input"
              , "debug":
              [
                [
                  {
                    "filename":"/home/u139750/lab4/dpcpp-tutorial/matrix-multi/build/src/matrix-multi-st-v1.cpp"
                    , "line":72
                  }
                ]
              ]
              , "details":
              [
                {
                  "type":"table"
                  , "Start Cycle":"0"
                  , "Latency":"1"
                  , "Loops To":"18"
                }
              ]
            }
            , {
              "type":"inst"
              , "id":18
              , "name":"Loop End"
              , "details":
              [
                {
                  "type":"table"
                  , "Start Cycle":"303"
                  , "Latency":"1"
                }
              ]
            }
          ]
          , "details":
          [
            {
              "type":"table"
              , "Latency":"303"
              , "II":"1"
              , "Subloops":"No"
              , "Pipelined":"Yes"
              , "Fmax Bottlenecks":"No"
              , "Loop Info":""
            }
          ]
        }
        , {
          "type":"bb"
          , "id":8
          , "name":"MMstv1.B5"
          , "details":
          [
            {
              "type":"table"
              , "Latency":"0"
              , "II":"1"
              , "Subloops":"Yes"
              , "Pipelined":"Yes"
              , "Fmax Bottlenecks":"No"
              , "Loop Info":"Exit which branches back to loop. "
            }
          ]
        }
        , {
          "type":"bb"
          , "id":9
          , "name":"MMstv1.B6"
          , "details":
          [
            {
              "type":"table"
              , "Latency":"0"
            }
          ]
        }
      ]
    }
    , {
      "type":"memtype"
      , "id":1
      , "name":"Global Memory"
      , "children":
      [
        {
          "type":"memsys"
          , "id":19
          , "name":"DDR"
          , "details":
          [
            {
              "type":"table"
              , "Number of banks":"2"
            }
          ]
        }
      ]
    }
  ]
  , "links":
  [
    {
      "from":8
      , "to":4
    }
    , {
      "from":3
      , "to":4
    }
    , {
      "from":16
      , "to":5
    }
    , {
      "from":4
      , "to":5
    }
    , {
      "from":18
      , "to":15
    }
    , {
      "from":10
      , "to":16
    }
    , {
      "from":11
      , "to":16
    }
    , {
      "from":18
      , "to":17
    }
    , {
      "from":5
      , "to":17
    }
    , {
      "from":12
      , "to":18
    }
    , {
      "from":13
      , "to":18
    }
    , {
      "from":14
      , "to":18
    }
    , {
      "from":16
      , "to":8
    }
    , {
      "from":8
      , "to":9
    }
    , {
      "from":15
      , "to":10
    }
    , {
      "from":10
      , "to":11
    }
    , {
      "from":17
      , "to":12
    }
    , {
      "from":17
      , "to":13
    }
    , {
      "from":17
      , "to":14
    }
    , {
      "from":19
      , "to":10
    }
    , {
      "from":11
      , "to":19
    }
    , {
      "from":19
      , "to":12
    }
    , {
      "from":19
      , "to":13
    }
    , {
      "from":19
      , "to":14
    }
  ]
}
