{
  "17":
  {
    "nodes":
    [
      {
        "name":"Exit"
        , "id":57
        , "subtype":"exit"
        , "start":"7.00"
        , "end":"10.00"
        , "details":
        [
          {
            "type":"table"
            , "Max Fanout":"2"
            , "Start Cycle":"7"
            , "Latency":"3"
            , "Exit FIFO Depth":"32"
            , "Exit FIFO Width":"320"
            , "Details":"Exit FIFO depth is sized to accommodate all data that may be in-flight in the stall-free cluster; this depth will be equal to or greater than the latency of the cluster.  The width of the FIFO depends on the amount of data that needs to pass from the stall-free logic cluster to the stall-able logic below it."
          }
        ]
        , "type":"inst"
      }
      , {
        "name":"Entry"
        , "id":58
        , "subtype":"entry"
        , "details":
        [
          {
            "type":"table"
            , "Instruction":"Cluster Entry"
            , "Max Fanout":"0"
            , "Start Cycle":"1"
            , "Latency":"0"
          }
        ]
        , "type":"inst"
      }
      , {
        "name":"arg15"
        , "id":59
        , "subtype":"default"
        , "start":"0.00"
        , "end":"2.00"
        , "details":
        [
          {
            "type":"table"
            , "Instruction":"Input Synchronization for 'arg15'"
            , "Max Fanout":"1"
            , "Start Cycle":"0"
            , "Latency":"2"
          }
        ]
        , "type":"inst"
      }
      , {
        "name":"Global variable"
        , "id":60
        , "subtype":"pop"
        , "start":"2.00"
        , "end":"2.00"
        , "details":
        [
          {
            "type":"table"
            , "Instruction":"Feedback Read"
            , "Variable":"Global variable"
            , "Max Fanout":"4"
            , "Start Cycle":"2"
            , "Latency":"0"
          }
        ]
        , "debug":
        [
          [
            {
              "filename":"/home/u139750/lab4/dpcpp-tutorial/matrix-multi/build/src/matrix-multi-st-v1.cpp"
              , "line":68
            }
          ]
        ]
        , "type":"inst"
      }
      , {
        "name":"+"
        , "id":61
        , "subtype":"default"
        , "start":"2.00"
        , "end":"2.00"
        , "details":
        [
          {
            "type":"table"
            , "Instruction":"64-bit Integer Add"
            , "Max Fanout":"1"
            , "Start Cycle":"2"
            , "Latency":"0"
          }
        ]
        , "debug":
        [
          [
            {
              "filename":"/glob/development-tools/versions/oneapi/2022.1.2/oneapi/compiler/2022.0.2/linux/bin-llvm/../include/sycl/CL/sycl/accessor.hpp"
              , "line":840
            }
          ]
        ]
        , "type":"inst"
      }
      , {
        "name":"arg14"
        , "id":62
        , "subtype":"default"
        , "start":"0.00"
        , "end":"2.00"
        , "details":
        [
          {
            "type":"table"
            , "Instruction":"Input Synchronization for 'arg14'"
            , "Max Fanout":"1"
            , "Start Cycle":"0"
            , "Latency":"2"
          }
        ]
        , "type":"inst"
      }
      , {
        "name":"*"
        , "id":63
        , "subtype":"default"
        , "start":"2.00"
        , "end":"6.00"
        , "details":
        [
          {
            "type":"table"
            , "Instruction":"64-bit Integer Multiply"
            , "Max Fanout":"4"
            , "Start Cycle":"2"
            , "Latency":"4"
            , "Implementation Preference":"Default DSP usage"
          }
        ]
        , "debug":
        [
          [
            {
              "filename":"/glob/development-tools/versions/oneapi/2022.1.2/oneapi/compiler/2022.0.2/linux/bin-llvm/../include/sycl/CL/sycl/accessor.hpp"
              , "line":840
            }
          ]
        ]
        , "type":"inst"
      }
      , {
        "name":"arg15"
        , "id":64
        , "subtype":"default"
        , "start":"0.00"
        , "end":"7.00"
        , "details":
        [
          {
            "type":"table"
            , "Instruction":"Input Synchronization for 'arg15'"
            , "Max Fanout":"1"
            , "Start Cycle":"0"
            , "Latency":"7"
          }
        ]
        , "type":"inst"
      }
      , {
        "name":"+"
        , "id":65
        , "subtype":"default"
        , "start":"7.00"
        , "end":"7.00"
        , "details":
        [
          {
            "type":"table"
            , "Instruction":"64-bit Integer Add"
            , "Max Fanout":"1"
            , "Start Cycle":"7"
            , "Latency":"0"
          }
        ]
        , "debug":
        [
          [
            {
              "filename":"/glob/development-tools/versions/oneapi/2022.1.2/oneapi/compiler/2022.0.2/linux/bin-llvm/../include/sycl/CL/sycl/accessor.hpp"
              , "line":840
            }
          ]
        ]
        , "type":"inst"
      }
      , {
        "name":"arg3"
        , "id":66
        , "subtype":"default"
        , "start":"0.00"
        , "end":"2.00"
        , "details":
        [
          {
            "type":"table"
            , "Instruction":"Input Synchronization for 'arg3'"
            , "Max Fanout":"1"
            , "Start Cycle":"0"
            , "Latency":"2"
          }
        ]
        , "type":"inst"
      }
      , {
        "name":"+"
        , "id":67
        , "subtype":"default"
        , "start":"2.00"
        , "end":"2.00"
        , "details":
        [
          {
            "type":"table"
            , "Instruction":"64-bit Integer Add"
            , "Max Fanout":"1"
            , "Start Cycle":"2"
            , "Latency":"0"
          }
        ]
        , "debug":
        [
          [
            {
              "filename":"/glob/development-tools/versions/oneapi/2022.1.2/oneapi/compiler/2022.0.2/linux/bin-llvm/../include/sycl/CL/sycl/accessor.hpp"
              , "line":840
            }
          ]
        ]
        , "type":"inst"
      }
      , {
        "name":"arg2"
        , "id":68
        , "subtype":"default"
        , "start":"0.00"
        , "end":"2.00"
        , "details":
        [
          {
            "type":"table"
            , "Instruction":"Input Synchronization for 'arg2'"
            , "Max Fanout":"1"
            , "Start Cycle":"0"
            , "Latency":"2"
          }
        ]
        , "type":"inst"
      }
      , {
        "name":"*"
        , "id":69
        , "subtype":"default"
        , "start":"2.00"
        , "end":"6.00"
        , "details":
        [
          {
            "type":"table"
            , "Instruction":"64-bit Integer Multiply"
            , "Max Fanout":"4"
            , "Start Cycle":"2"
            , "Latency":"4"
            , "Implementation Preference":"Default DSP usage"
          }
        ]
        , "debug":
        [
          [
            {
              "filename":"/glob/development-tools/versions/oneapi/2022.1.2/oneapi/compiler/2022.0.2/linux/bin-llvm/../include/sycl/CL/sycl/accessor.hpp"
              , "line":840
            }
          ]
        ]
        , "type":"inst"
      }
      , {
        "name":"arg3"
        , "id":70
        , "subtype":"default"
        , "start":"0.00"
        , "end":"7.00"
        , "details":
        [
          {
            "type":"table"
            , "Instruction":"Input Synchronization for 'arg3'"
            , "Max Fanout":"1"
            , "Start Cycle":"0"
            , "Latency":"7"
          }
        ]
        , "type":"inst"
      }
      , {
        "name":"+"
        , "id":71
        , "subtype":"default"
        , "start":"7.00"
        , "end":"7.00"
        , "details":
        [
          {
            "type":"table"
            , "Instruction":"64-bit Integer Add"
            , "Max Fanout":"1"
            , "Start Cycle":"7"
            , "Latency":"0"
          }
        ]
        , "debug":
        [
          [
            {
              "filename":"/glob/development-tools/versions/oneapi/2022.1.2/oneapi/compiler/2022.0.2/linux/bin-llvm/../include/sycl/CL/sycl/accessor.hpp"
              , "line":840
            }
          ]
        ]
        , "type":"inst"
      }
      , {
        "name":"arg11"
        , "id":72
        , "subtype":"default"
        , "start":"0.00"
        , "end":"2.00"
        , "details":
        [
          {
            "type":"table"
            , "Instruction":"Input Synchronization for 'arg11'"
            , "Max Fanout":"1"
            , "Start Cycle":"0"
            , "Latency":"2"
          }
        ]
        , "type":"inst"
      }
      , {
        "name":"+"
        , "id":73
        , "subtype":"default"
        , "start":"2.00"
        , "end":"2.00"
        , "details":
        [
          {
            "type":"table"
            , "Instruction":"64-bit Integer Add"
            , "Max Fanout":"1"
            , "Start Cycle":"2"
            , "Latency":"0"
          }
        ]
        , "debug":
        [
          [
            {
              "filename":"/glob/development-tools/versions/oneapi/2022.1.2/oneapi/compiler/2022.0.2/linux/bin-llvm/../include/sycl/CL/sycl/accessor.hpp"
              , "line":840
            }
          ]
        ]
        , "type":"inst"
      }
      , {
        "name":"arg10"
        , "id":74
        , "subtype":"default"
        , "start":"0.00"
        , "end":"2.00"
        , "details":
        [
          {
            "type":"table"
            , "Instruction":"Input Synchronization for 'arg10'"
            , "Max Fanout":"1"
            , "Start Cycle":"0"
            , "Latency":"2"
          }
        ]
        , "type":"inst"
      }
      , {
        "name":"*"
        , "id":75
        , "subtype":"default"
        , "start":"2.00"
        , "end":"6.00"
        , "details":
        [
          {
            "type":"table"
            , "Instruction":"64-bit Integer Multiply"
            , "Max Fanout":"4"
            , "Start Cycle":"2"
            , "Latency":"4"
            , "Implementation Preference":"Default DSP usage"
          }
        ]
        , "debug":
        [
          [
            {
              "filename":"/glob/development-tools/versions/oneapi/2022.1.2/oneapi/compiler/2022.0.2/linux/bin-llvm/../include/sycl/CL/sycl/accessor.hpp"
              , "line":840
            }
          ]
        ]
        , "type":"inst"
      }
      , {
        "name":"arg11"
        , "id":76
        , "subtype":"default"
        , "start":"0.00"
        , "end":"7.00"
        , "details":
        [
          {
            "type":"table"
            , "Instruction":"Input Synchronization for 'arg11'"
            , "Max Fanout":"1"
            , "Start Cycle":"0"
            , "Latency":"7"
          }
        ]
        , "type":"inst"
      }
      , {
        "name":"+"
        , "id":77
        , "subtype":"default"
        , "start":"7.00"
        , "end":"7.00"
        , "details":
        [
          {
            "type":"table"
            , "Instruction":"64-bit Integer Add"
            , "Max Fanout":"1"
            , "Start Cycle":"7"
            , "Latency":"0"
          }
        ]
        , "debug":
        [
          [
            {
              "filename":"/glob/development-tools/versions/oneapi/2022.1.2/oneapi/compiler/2022.0.2/linux/bin-llvm/../include/sycl/CL/sycl/accessor.hpp"
              , "line":840
            }
          ]
        ]
        , "type":"inst"
      }
      , {
        "name":"Loop Orch"
        , "id":78
        , "subtype":"default"
        , "start":"7.00"
        , "end":"7.00"
        , "details":
        [
          {
            "type":"table"
            , "Instruction":"Loop Orchestration Logic"
          }
        ]
        , "debug":
        [
          [
            {
              "filename":"/home/u139750/lab4/dpcpp-tutorial/matrix-multi/build/src/matrix-multi-st-v1.cpp"
              , "line":68
            }
          ]
        ]
        , "type":"inst"
      }
      , {
        "name":"+"
        , "id":79
        , "subtype":"default"
        , "start":"2.00"
        , "end":"2.00"
        , "details":
        [
          {
            "type":"table"
            , "Instruction":"64-bit Integer Add"
            , "Constant Operand":"1 (0x1)"
            , "Max Fanout":"1"
            , "Start Cycle":"2"
            , "Latency":"0"
          }
        ]
        , "debug":
        [
          [
            {
              "filename":"/home/u139750/lab4/dpcpp-tutorial/matrix-multi/build/src/matrix-multi-st-v1.cpp"
              , "line":68
            }
          ]
        ]
        , "type":"inst"
      }
    ]
    , "links":
    [
      {
        "from":58
        , "to":60
        , "details":
        [
          {
            "type":"table"
            , "Width":"16"
          }
        ]
      }
      , {
        "from":58
        , "to":60
        , "details":
        [
          {
            "type":"table"
            , "Width":"16"
          }
        ]
      }
      , {
        "from":58
        , "to":78
        , "details":
        [
          {
            "type":"table"
            , "Width":"16"
          }
        ]
      }
      , {
        "from":58
        , "to":57
        , "details":
        [
          {
            "type":"table"
            , "Width":"16"
          }
        ]
      }
      , {
        "from":59
        , "to":61
        , "details":
        [
          {
            "type":"table"
            , "Width":"128"
          }
        ]
      }
      , {
        "from":60
        , "to":73
        , "details":
        [
          {
            "type":"table"
            , "Width":"64"
          }
        ]
      }
      , {
        "from":60
        , "to":61
        , "details":
        [
          {
            "type":"table"
            , "Width":"64"
          }
        ]
      }
      , {
        "from":60
        , "to":67
        , "details":
        [
          {
            "type":"table"
            , "Width":"64"
          }
        ]
      }
      , {
        "from":60
        , "to":79
        , "details":
        [
          {
            "type":"table"
            , "Width":"64"
          }
        ]
      }
      , {
        "from":61
        , "to":63
        , "details":
        [
          {
            "type":"table"
            , "Width":"64"
          }
        ]
      }
      , {
        "from":62
        , "to":63
        , "details":
        [
          {
            "type":"table"
            , "Width":"128"
          }
        ]
      }
      , {
        "from":63
        , "to":65
        , "details":
        [
          {
            "type":"table"
            , "Width":"64"
          }
        ]
      }
      , {
        "from":64
        , "to":65
        , "details":
        [
          {
            "type":"table"
            , "Width":"128"
          }
        ]
      }
      , {
        "from":65
        , "to":57
        , "details":
        [
          {
            "type":"table"
            , "Width":"64"
          }
        ]
      }
      , {
        "from":66
        , "to":67
        , "details":
        [
          {
            "type":"table"
            , "Width":"128"
          }
        ]
      }
      , {
        "from":67
        , "to":69
        , "details":
        [
          {
            "type":"table"
            , "Width":"64"
          }
        ]
      }
      , {
        "from":68
        , "to":69
        , "details":
        [
          {
            "type":"table"
            , "Width":"128"
          }
        ]
      }
      , {
        "from":69
        , "to":71
        , "details":
        [
          {
            "type":"table"
            , "Width":"64"
          }
        ]
      }
      , {
        "from":70
        , "to":71
        , "details":
        [
          {
            "type":"table"
            , "Width":"128"
          }
        ]
      }
      , {
        "from":71
        , "to":57
        , "details":
        [
          {
            "type":"table"
            , "Width":"64"
          }
        ]
      }
      , {
        "from":72
        , "to":73
        , "details":
        [
          {
            "type":"table"
            , "Width":"128"
          }
        ]
      }
      , {
        "from":73
        , "to":75
        , "details":
        [
          {
            "type":"table"
            , "Width":"64"
          }
        ]
      }
      , {
        "from":74
        , "to":75
        , "details":
        [
          {
            "type":"table"
            , "Width":"128"
          }
        ]
      }
      , {
        "from":75
        , "to":77
        , "details":
        [
          {
            "type":"table"
            , "Width":"64"
          }
        ]
      }
      , {
        "from":76
        , "to":77
        , "details":
        [
          {
            "type":"table"
            , "Width":"128"
          }
        ]
      }
      , {
        "from":77
        , "to":57
        , "details":
        [
          {
            "type":"table"
            , "Width":"64"
          }
        ]
      }
      , {
        "from":78
        , "to":57
        , "details":
        [
          {
            "type":"table"
            , "Width":"1"
          }
        ]
      }
      , {
        "from":79
        , "to":60
        , "reverse":1
        , "details":
        [
          {
            "type":"table"
            , "Instruction":"Feedback Write"
            , "Variable":"Global variable"
            , "Feedback FIFO Depth":"1"
            , "Feedback FIFO Width":"64"
            , "Max Fanout":"1"
            , "Start Cycle":"2"
            , "Latency":"0"
          }
        ]
      }
    ]
  }
  , "23":
  {
    "nodes":
    [
      {
        "name":"Exit"
        , "id":81
        , "subtype":"exit"
        , "start":"2.00"
        , "end":"5.00"
        , "details":
        [
          {
            "type":"table"
            , "Max Fanout":"2"
            , "Start Cycle":"2"
            , "Latency":"3"
            , "Exit FIFO Depth":"32"
            , "Exit FIFO Width":"640"
            , "Details":"Exit FIFO depth is sized to accommodate all data that may be in-flight in the stall-free cluster; this depth will be equal to or greater than the latency of the cluster.  The width of the FIFO depends on the amount of data that needs to pass from the stall-free logic cluster to the stall-able logic below it."
          }
        ]
        , "type":"inst"
      }
      , {
        "name":"Entry"
        , "id":82
        , "subtype":"entry"
        , "details":
        [
          {
            "type":"table"
            , "Instruction":"Cluster Entry"
            , "Max Fanout":"0"
            , "Start Cycle":"1"
            , "Latency":"0"
          }
        ]
        , "type":"inst"
      }
      , {
        "name":"Loop Orch"
        , "id":83
        , "subtype":"default"
        , "start":"2.00"
        , "end":"2.00"
        , "details":
        [
          {
            "type":"table"
            , "Instruction":"Loop Orchestration Logic"
          }
        ]
        , "debug":
        [
          [
            {
              "filename":"/home/u139750/lab4/dpcpp-tutorial/matrix-multi/build/src/matrix-multi-st-v1.cpp"
              , "line":69
            }
          ]
        ]
        , "type":"inst"
      }
      , {
        "name":"Global variable"
        , "id":84
        , "subtype":"pop"
        , "start":"2.00"
        , "end":"2.00"
        , "details":
        [
          {
            "type":"table"
            , "Instruction":"Feedback Read"
            , "Variable":"Global variable"
            , "Max Fanout":"2"
            , "Start Cycle":"2"
            , "Latency":"0"
          }
        ]
        , "debug":
        [
          [
            {
              "filename":"/home/u139750/lab4/dpcpp-tutorial/matrix-multi/build/src/matrix-multi-st-v1.cpp"
              , "line":69
            }
          ]
        ]
        , "type":"inst"
      }
      , {
        "name":"+"
        , "id":85
        , "subtype":"default"
        , "start":"2.00"
        , "end":"2.00"
        , "details":
        [
          {
            "type":"table"
            , "Instruction":"64-bit Integer Add"
            , "Constant Operand":"1 (0x1)"
            , "Max Fanout":"1"
            , "Start Cycle":"2"
            , "Latency":"0"
          }
        ]
        , "debug":
        [
          [
            {
              "filename":"/home/u139750/lab4/dpcpp-tutorial/matrix-multi/build/src/matrix-multi-st-v1.cpp"
              , "line":69
            }
          ]
        ]
        , "type":"inst"
      }
      , {
        "name":"Global variable"
        , "id":87
        , "subtype":"pop"
        , "start":"2.00"
        , "end":"2.00"
        , "details":
        [
          {
            "type":"table"
            , "Instruction":"Feedback Read"
            , "Variable":"Global variable"
            , "Max Fanout":"2"
            , "Start Cycle":"2"
            , "Latency":"0"
          }
        ]
        , "debug":
        [
          [
            {
              "filename":"/glob/development-tools/versions/oneapi/2022.1.2/oneapi/compiler/2022.0.2/linux/bin-llvm/../include/sycl/CL/sycl/accessor.hpp"
              , "line":840
            }
          ]
        ]
        , "type":"inst"
      }
      , {
        "name":"Global variable"
        , "id":89
        , "subtype":"pop"
        , "start":"2.00"
        , "end":"2.00"
        , "details":
        [
          {
            "type":"table"
            , "Instruction":"Feedback Read"
            , "Variable":"Global variable"
            , "Max Fanout":"2"
            , "Start Cycle":"2"
            , "Latency":"0"
          }
        ]
        , "debug":
        [
          [
            {
              "filename":"/glob/development-tools/versions/oneapi/2022.1.2/oneapi/compiler/2022.0.2/linux/bin-llvm/../include/sycl/CL/sycl/accessor.hpp"
              , "line":840
            }
          ]
        ]
        , "type":"inst"
      }
      , {
        "name":"Global variable"
        , "id":91
        , "subtype":"pop"
        , "start":"2.00"
        , "end":"2.00"
        , "details":
        [
          {
            "type":"table"
            , "Instruction":"Feedback Read"
            , "Variable":"Global variable"
            , "Max Fanout":"2"
            , "Start Cycle":"2"
            , "Latency":"0"
          }
        ]
        , "debug":
        [
          [
            {
              "filename":"/glob/development-tools/versions/oneapi/2022.1.2/oneapi/compiler/2022.0.2/linux/bin-llvm/../include/sycl/CL/sycl/accessor.hpp"
              , "line":840
            }
          ]
        ]
        , "type":"inst"
      }
      , {
        "name":"Loop Orch"
        , "id":93
        , "subtype":"pop"
        , "start":"2.00"
        , "end":"2.00"
        , "details":
        [
          {
            "type":"table"
            , "Instruction":"Loop Orchestration Logic"
          }
        ]
        , "debug":
        [
          [
            {
              "filename":"/home/u139750/lab4/dpcpp-tutorial/matrix-multi/build/src/matrix-multi-st-v1.cpp"
              , "line":68
            }
          ]
        ]
        , "type":"inst"
      }
    ]
    , "links":
    [
      {
        "from":82
        , "to":84
        , "details":
        [
          {
            "type":"table"
            , "Width":"320"
          }
        ]
      }
      , {
        "from":82
        , "to":87
        , "details":
        [
          {
            "type":"table"
            , "Width":"320"
          }
        ]
      }
      , {
        "from":82
        , "to":89
        , "details":
        [
          {
            "type":"table"
            , "Width":"320"
          }
        ]
      }
      , {
        "from":82
        , "to":91
        , "details":
        [
          {
            "type":"table"
            , "Width":"320"
          }
        ]
      }
      , {
        "from":82
        , "to":93
        , "details":
        [
          {
            "type":"table"
            , "Width":"320"
          }
        ]
      }
      , {
        "from":82
        , "to":81
        , "details":
        [
          {
            "type":"table"
            , "Width":"320"
          }
        ]
      }
      , {
        "from":82
        , "to":91
        , "details":
        [
          {
            "type":"table"
            , "Width":"320"
          }
        ]
      }
      , {
        "from":82
        , "to":89
        , "details":
        [
          {
            "type":"table"
            , "Width":"320"
          }
        ]
      }
      , {
        "from":82
        , "to":87
        , "details":
        [
          {
            "type":"table"
            , "Width":"320"
          }
        ]
      }
      , {
        "from":82
        , "to":84
        , "details":
        [
          {
            "type":"table"
            , "Width":"320"
          }
        ]
      }
      , {
        "from":82
        , "to":83
        , "details":
        [
          {
            "type":"table"
            , "Width":"320"
          }
        ]
      }
      , {
        "from":83
        , "to":81
        , "details":
        [
          {
            "type":"table"
            , "Width":"1"
          }
        ]
      }
      , {
        "from":84
        , "to":85
        , "details":
        [
          {
            "type":"table"
            , "Width":"64"
          }
        ]
      }
      , {
        "from":84
        , "to":81
        , "details":
        [
          {
            "type":"table"
            , "Width":"64"
          }
        ]
      }
      , {
        "from":85
        , "to":84
        , "reverse":1
        , "details":
        [
          {
            "type":"table"
            , "Instruction":"Feedback Write"
            , "Variable":"Global variable"
            , "Feedback FIFO Depth":"1"
            , "Feedback FIFO Width":"64"
            , "Max Fanout":"1"
            , "Start Cycle":"2"
            , "Latency":"0"
          }
        ]
      }
      , {
        "from":87
        , "to":87
        , "reverse":1
        , "details":
        [
          {
            "type":"table"
            , "Instruction":"Feedback Write"
            , "Variable":"Global variable"
            , "Feedback FIFO Depth":"1"
            , "Feedback FIFO Width":"64"
            , "Max Fanout":"1"
            , "Start Cycle":"2"
            , "Latency":"0"
          }
        ]
      }
      , {
        "from":87
        , "to":81
        , "details":
        [
          {
            "type":"table"
            , "Width":"64"
          }
        ]
      }
      , {
        "from":89
        , "to":89
        , "reverse":1
        , "details":
        [
          {
            "type":"table"
            , "Instruction":"Feedback Write"
            , "Variable":"Global variable"
            , "Feedback FIFO Depth":"1"
            , "Feedback FIFO Width":"64"
            , "Max Fanout":"1"
            , "Start Cycle":"2"
            , "Latency":"0"
          }
        ]
      }
      , {
        "from":89
        , "to":81
        , "details":
        [
          {
            "type":"table"
            , "Width":"64"
          }
        ]
      }
      , {
        "from":91
        , "to":91
        , "reverse":1
        , "details":
        [
          {
            "type":"table"
            , "Instruction":"Feedback Write"
            , "Variable":"Global variable"
            , "Feedback FIFO Depth":"1"
            , "Feedback FIFO Width":"64"
            , "Max Fanout":"1"
            , "Start Cycle":"2"
            , "Latency":"0"
          }
        ]
      }
      , {
        "from":91
        , "to":81
        , "details":
        [
          {
            "type":"table"
            , "Width":"64"
          }
        ]
      }
      , {
        "from":93
        , "to":81
        , "details":
        [
          {
            "type":"table"
            , "Width":"1"
          }
        ]
      }
    ]
  }
  , "37":
  {
    "nodes":
    [
      {
        "name":"Exit"
        , "id":95
        , "subtype":"exit"
        , "start":"7.00"
        , "end":"10.00"
        , "details":
        [
          {
            "type":"table"
            , "Max Fanout":"2"
            , "Start Cycle":"7"
            , "Latency":"3"
            , "Exit FIFO Depth":"32"
            , "Exit FIFO Width":"64"
            , "Details":"Exit FIFO depth is sized to accommodate all data that may be in-flight in the stall-free cluster; this depth will be equal to or greater than the latency of the cluster.  The width of the FIFO depends on the amount of data that needs to pass from the stall-free logic cluster to the stall-able logic below it."
          }
        ]
        , "type":"inst"
      }
      , {
        "name":"Entry"
        , "id":96
        , "subtype":"entry"
        , "details":
        [
          {
            "type":"table"
            , "Instruction":"Cluster Entry"
            , "Max Fanout":"0"
            , "Start Cycle":"4"
            , "Latency":"0"
          }
        ]
        , "type":"inst"
      }
      , {
        "name":"f32 +"
        , "id":97
        , "subtype":"default"
        , "start":"4.00"
        , "end":"7.00"
        , "details":
        [
          {
            "type":"table"
            , "Instruction":"32-bit Floating-point Add"
            , "Max Fanout":"1"
            , "Start Cycle":"4"
            , "Latency":"3"
            , "Rounding Scheme":"IEEE-754 RNE Rounding"
            , "Implementation Preference":"Default DSP usage"
          }
        ]
        , "debug":
        [
          [
            {
              "filename":"/home/u139750/lab4/dpcpp-tutorial/matrix-multi/build/src/matrix-multi-st-v1.cpp"
              , "line":74
            }
          ]
        ]
        , "type":"inst"
      }
    ]
    , "links":
    [
      {
        "from":96
        , "to":97
        , "details":
        [
          {
            "type":"table"
            , "Width":"96"
          }
        ]
      }
      , {
        "from":97
        , "to":95
        , "details":
        [
          {
            "type":"table"
            , "Width":"32"
          }
        ]
      }
    ]
  }
  , "50":
  {
    "nodes":
    [
      {
        "name":"Exit"
        , "id":98
        , "subtype":"exit"
        , "start":"8.00"
        , "end":"11.00"
        , "details":
        [
          {
            "type":"table"
            , "Max Fanout":"2"
            , "Start Cycle":"8"
            , "Latency":"3"
            , "Exit FIFO Depth":"32"
            , "Exit FIFO Width":"832"
            , "Details":"Exit FIFO depth is sized to accommodate all data that may be in-flight in the stall-free cluster; this depth will be equal to or greater than the latency of the cluster.  The width of the FIFO depends on the amount of data that needs to pass from the stall-free logic cluster to the stall-able logic below it."
          }
        ]
        , "type":"inst"
      }
      , {
        "name":"Entry"
        , "id":99
        , "subtype":"entry"
        , "details":
        [
          {
            "type":"table"
            , "Instruction":"Cluster Entry"
            , "Max Fanout":"0"
            , "Start Cycle":"1"
            , "Latency":"0"
          }
        ]
        , "type":"inst"
      }
      , {
        "name":"Loop Orch"
        , "id":100
        , "subtype":"pop"
        , "start":"2.00"
        , "end":"2.00"
        , "details":
        [
          {
            "type":"table"
            , "Instruction":"Loop Orchestration Logic"
          }
        ]
        , "debug":
        [
          [
            {
              "filename":"/home/u139750/lab4/dpcpp-tutorial/matrix-multi/build/src/matrix-multi-st-v1.cpp"
              , "line":72
            }
          ]
        ]
        , "type":"inst"
      }
      , {
        "name":"Global variable"
        , "id":101
        , "subtype":"pop"
        , "start":"2.00"
        , "end":"2.00"
        , "details":
        [
          {
            "type":"table"
            , "Instruction":"Feedback Read"
            , "Variable":"Global variable"
            , "Max Fanout":"4"
            , "Start Cycle":"2"
            , "Latency":"0"
          }
        ]
        , "debug":
        [
          [
            {
              "filename":"/home/u139750/lab4/dpcpp-tutorial/matrix-multi/build/src/matrix-multi-st-v1.cpp"
              , "line":72
            }
          ]
        ]
        , "type":"inst"
      }
      , {
        "name":"Global variable"
        , "id":102
        , "subtype":"pop"
        , "start":"2.00"
        , "end":"2.00"
        , "details":
        [
          {
            "type":"table"
            , "Instruction":"Feedback Read"
            , "Variable":"Global variable"
            , "Max Fanout":"2"
            , "Start Cycle":"2"
            , "Latency":"0"
          }
        ]
        , "debug":
        [
          [
            {
              "filename":"/glob/development-tools/versions/oneapi/2022.1.2/oneapi/compiler/2022.0.2/linux/bin-llvm/../include/sycl/CL/sycl/accessor.hpp"
              , "line":840
            }
          ]
        ]
        , "type":"inst"
      }
      , {
        "name":"+"
        , "id":104
        , "subtype":"default"
        , "start":"2.00"
        , "end":"2.00"
        , "details":
        [
          {
            "type":"table"
            , "Instruction":"64-bit Integer Add"
            , "Max Fanout":"1"
            , "Start Cycle":"2"
            , "Latency":"0"
          }
        ]
        , "debug":
        [
          [
            {
              "filename":"/glob/development-tools/versions/oneapi/2022.1.2/oneapi/compiler/2022.0.2/linux/bin-llvm/../include/sycl/CL/sycl/accessor.hpp"
              , "line":840
            }
          ]
        ]
        , "type":"inst"
      }
      , {
        "name":"arg0"
        , "id":105
        , "subtype":"default"
        , "start":"0.00"
        , "end":"3.00"
        , "details":
        [
          {
            "type":"table"
            , "Instruction":"Input Synchronization for 'arg0'"
            , "Max Fanout":"1"
            , "Start Cycle":"0"
            , "Latency":"3"
          }
        ]
        , "type":"inst"
      }
      , {
        "name":"Ptr. Comp."
        , "id":106
        , "subtype":"default"
        , "start":"2.00"
        , "end":"3.00"
        , "details":
        [
          {
            "type":"table"
            , "Instruction":"Pointer Computation"
            , "Max Fanout":"7"
            , "Start Cycle":"2"
            , "Latency":"1"
          }
        ]
        , "debug":
        [
          [
            {
              "filename":"/glob/development-tools/versions/oneapi/2022.1.2/oneapi/compiler/2022.0.2/linux/bin-llvm/../include/sycl/CL/sycl/accessor.hpp"
              , "line":1559
            }
          ]
        ]
        , "type":"inst"
      }
      , {
        "name":"Or"
        , "id":107
        , "subtype":"default"
        , "start":"2.00"
        , "end":"2.00"
        , "details":
        [
          {
            "type":"table"
            , "Instruction":"64-bit Or"
            , "Constant Operand":"1 (0x1)"
            , "Max Fanout":"1"
            , "Start Cycle":"2"
            , "Latency":"0"
          }
        ]
        , "debug":
        [
          [
            {
              "filename":"/home/u139750/lab4/dpcpp-tutorial/matrix-multi/build/src/matrix-multi-st-v1.cpp"
              , "line":72
            }
          ]
        ]
        , "type":"inst"
      }
      , {
        "name":"FFwd Dest"
        , "id":108
        , "subtype":"ffwdDest"
        , "start":"2.00"
        , "end":"2.00"
        , "details":
        [
          {
            "type":"table"
            , "Instruction":"FFwd Destination"
            , "Max Fanout":"1"
            , "Start Cycle":"2"
            , "Latency":"0"
          }
        ]
        , "type":"inst"
      }
      , {
        "name":"+"
        , "id":109
        , "subtype":"default"
        , "start":"2.00"
        , "end":"2.00"
        , "details":
        [
          {
            "type":"table"
            , "Instruction":"64-bit Integer Add"
            , "Max Fanout":"1"
            , "Start Cycle":"2"
            , "Latency":"0"
          }
        ]
        , "debug":
        [
          [
            {
              "filename":"/glob/development-tools/versions/oneapi/2022.1.2/oneapi/compiler/2022.0.2/linux/bin-llvm/../include/sycl/CL/sycl/accessor.hpp"
              , "line":840
            }
          ]
        ]
        , "type":"inst"
      }
      , {
        "name":"FFwd Dest"
        , "id":110
        , "subtype":"ffwdDest"
        , "start":"2.00"
        , "end":"2.00"
        , "details":
        [
          {
            "type":"table"
            , "Instruction":"FFwd Destination"
            , "Max Fanout":"1"
            , "Start Cycle":"2"
            , "Latency":"0"
          }
        ]
        , "type":"inst"
      }
      , {
        "name":"*"
        , "id":111
        , "subtype":"default"
        , "start":"2.00"
        , "end":"6.00"
        , "details":
        [
          {
            "type":"table"
            , "Instruction":"64-bit Integer Multiply"
            , "Max Fanout":"4"
            , "Start Cycle":"2"
            , "Latency":"4"
            , "Implementation Preference":"Default DSP usage"
          }
        ]
        , "debug":
        [
          [
            {
              "filename":"/glob/development-tools/versions/oneapi/2022.1.2/oneapi/compiler/2022.0.2/linux/bin-llvm/../include/sycl/CL/sycl/accessor.hpp"
              , "line":840
            }
          ]
        ]
        , "type":"inst"
      }
      , {
        "name":"FFwd Dest"
        , "id":112
        , "subtype":"ffwdDest"
        , "start":"7.00"
        , "end":"7.00"
        , "details":
        [
          {
            "type":"table"
            , "Instruction":"FFwd Destination"
            , "Max Fanout":"1"
            , "Start Cycle":"7"
            , "Latency":"0"
          }
        ]
        , "type":"inst"
      }
      , {
        "name":"+"
        , "id":113
        , "subtype":"default"
        , "start":"7.00"
        , "end":"7.00"
        , "details":
        [
          {
            "type":"table"
            , "Instruction":"64-bit Integer Add"
            , "Max Fanout":"1"
            , "Start Cycle":"7"
            , "Latency":"0"
          }
        ]
        , "debug":
        [
          [
            {
              "filename":"/glob/development-tools/versions/oneapi/2022.1.2/oneapi/compiler/2022.0.2/linux/bin-llvm/../include/sycl/CL/sycl/accessor.hpp"
              , "line":840
            }
          ]
        ]
        , "type":"inst"
      }
      , {
        "name":"Global variable"
        , "id":114
        , "subtype":"pop"
        , "start":"2.00"
        , "end":"2.00"
        , "details":
        [
          {
            "type":"table"
            , "Instruction":"Feedback Read"
            , "Variable":"Global variable"
            , "Max Fanout":"3"
            , "Start Cycle":"2"
            , "Latency":"0"
          }
        ]
        , "debug":
        [
          [
            {
              "filename":"/home/u139750/lab4/dpcpp-tutorial/matrix-multi/build/src/matrix-multi-st-v1.cpp"
              , "line":69
            }
          ]
        ]
        , "type":"inst"
      }
      , {
        "name":"+"
        , "id":116
        , "subtype":"default"
        , "start":"7.00"
        , "end":"7.00"
        , "details":
        [
          {
            "type":"table"
            , "Instruction":"64-bit Integer Add"
            , "Max Fanout":"1"
            , "Start Cycle":"7"
            , "Latency":"0"
          }
        ]
        , "debug":
        [
          [
            {
              "filename":"/glob/development-tools/versions/oneapi/2022.1.2/oneapi/compiler/2022.0.2/linux/bin-llvm/../include/sycl/CL/sycl/accessor.hpp"
              , "line":840
            }
          ]
        ]
        , "type":"inst"
      }
      , {
        "name":"arg4"
        , "id":117
        , "subtype":"default"
        , "start":"0.00"
        , "end":"8.00"
        , "details":
        [
          {
            "type":"table"
            , "Instruction":"Input Synchronization for 'arg4'"
            , "Max Fanout":"1"
            , "Start Cycle":"0"
            , "Latency":"8"
          }
        ]
        , "type":"inst"
      }
      , {
        "name":"Ptr. Comp."
        , "id":118
        , "subtype":"default"
        , "start":"7.00"
        , "end":"8.00"
        , "details":
        [
          {
            "type":"table"
            , "Instruction":"Pointer Computation"
            , "Max Fanout":"7"
            , "Start Cycle":"7"
            , "Latency":"1"
          }
        ]
        , "debug":
        [
          [
            {
              "filename":"/glob/development-tools/versions/oneapi/2022.1.2/oneapi/compiler/2022.0.2/linux/bin-llvm/../include/sycl/CL/sycl/accessor.hpp"
              , "line":1559
            }
          ]
        ]
        , "type":"inst"
      }
      , {
        "name":"FFwd Dest"
        , "id":119
        , "subtype":"ffwdDest"
        , "start":"2.00"
        , "end":"2.00"
        , "details":
        [
          {
            "type":"table"
            , "Instruction":"FFwd Destination"
            , "Max Fanout":"1"
            , "Start Cycle":"2"
            , "Latency":"0"
          }
        ]
        , "type":"inst"
      }
      , {
        "name":"+"
        , "id":120
        , "subtype":"default"
        , "start":"2.00"
        , "end":"2.00"
        , "details":
        [
          {
            "type":"table"
            , "Instruction":"64-bit Integer Add"
            , "Max Fanout":"1"
            , "Start Cycle":"2"
            , "Latency":"0"
          }
        ]
        , "debug":
        [
          [
            {
              "filename":"/glob/development-tools/versions/oneapi/2022.1.2/oneapi/compiler/2022.0.2/linux/bin-llvm/../include/sycl/CL/sycl/accessor.hpp"
              , "line":840
            }
          ]
        ]
        , "type":"inst"
      }
      , {
        "name":"FFwd Dest"
        , "id":121
        , "subtype":"ffwdDest"
        , "start":"2.00"
        , "end":"2.00"
        , "details":
        [
          {
            "type":"table"
            , "Instruction":"FFwd Destination"
            , "Max Fanout":"1"
            , "Start Cycle":"2"
            , "Latency":"0"
          }
        ]
        , "type":"inst"
      }
      , {
        "name":"*"
        , "id":122
        , "subtype":"default"
        , "start":"2.00"
        , "end":"6.00"
        , "details":
        [
          {
            "type":"table"
            , "Instruction":"64-bit Integer Multiply"
            , "Max Fanout":"4"
            , "Start Cycle":"2"
            , "Latency":"4"
            , "Implementation Preference":"Default DSP usage"
          }
        ]
        , "debug":
        [
          [
            {
              "filename":"/glob/development-tools/versions/oneapi/2022.1.2/oneapi/compiler/2022.0.2/linux/bin-llvm/../include/sycl/CL/sycl/accessor.hpp"
              , "line":840
            }
          ]
        ]
        , "type":"inst"
      }
      , {
        "name":"FFwd Dest"
        , "id":123
        , "subtype":"ffwdDest"
        , "start":"7.00"
        , "end":"7.00"
        , "details":
        [
          {
            "type":"table"
            , "Instruction":"FFwd Destination"
            , "Max Fanout":"1"
            , "Start Cycle":"7"
            , "Latency":"0"
          }
        ]
        , "type":"inst"
      }
      , {
        "name":"+"
        , "id":124
        , "subtype":"default"
        , "start":"7.00"
        , "end":"7.00"
        , "details":
        [
          {
            "type":"table"
            , "Instruction":"64-bit Integer Add"
            , "Max Fanout":"1"
            , "Start Cycle":"7"
            , "Latency":"0"
          }
        ]
        , "debug":
        [
          [
            {
              "filename":"/glob/development-tools/versions/oneapi/2022.1.2/oneapi/compiler/2022.0.2/linux/bin-llvm/../include/sycl/CL/sycl/accessor.hpp"
              , "line":840
            }
          ]
        ]
        , "type":"inst"
      }
      , {
        "name":"+"
        , "id":125
        , "subtype":"default"
        , "start":"7.00"
        , "end":"7.00"
        , "details":
        [
          {
            "type":"table"
            , "Instruction":"64-bit Integer Add"
            , "Max Fanout":"1"
            , "Start Cycle":"7"
            , "Latency":"0"
          }
        ]
        , "debug":
        [
          [
            {
              "filename":"/glob/development-tools/versions/oneapi/2022.1.2/oneapi/compiler/2022.0.2/linux/bin-llvm/../include/sycl/CL/sycl/accessor.hpp"
              , "line":840
            }
          ]
        ]
        , "type":"inst"
      }
      , {
        "name":"arg4"
        , "id":126
        , "subtype":"default"
        , "start":"0.00"
        , "end":"8.00"
        , "details":
        [
          {
            "type":"table"
            , "Instruction":"Input Synchronization for 'arg4'"
            , "Max Fanout":"1"
            , "Start Cycle":"0"
            , "Latency":"8"
          }
        ]
        , "type":"inst"
      }
      , {
        "name":"Ptr. Comp."
        , "id":127
        , "subtype":"default"
        , "start":"7.00"
        , "end":"8.00"
        , "details":
        [
          {
            "type":"table"
            , "Instruction":"Pointer Computation"
            , "Max Fanout":"7"
            , "Start Cycle":"7"
            , "Latency":"1"
          }
        ]
        , "debug":
        [
          [
            {
              "filename":"/glob/development-tools/versions/oneapi/2022.1.2/oneapi/compiler/2022.0.2/linux/bin-llvm/../include/sycl/CL/sycl/accessor.hpp"
              , "line":1559
            }
          ]
        ]
        , "type":"inst"
      }
      , {
        "name":"Xor"
        , "id":128
        , "subtype":"default"
        , "start":"2.00"
        , "end":"3.00"
        , "details":
        [
          {
            "type":"table"
            , "Instruction":"1-bit Xor"
            , "Constant Operand":"1 (0x1)"
            , "Max Fanout":"1"
            , "Start Cycle":"2"
            , "Latency":"1"
          }
        ]
        , "type":"inst"
      }
      , {
        "name":"+"
        , "id":129
        , "subtype":"default"
        , "start":"2.00"
        , "end":"2.00"
        , "details":
        [
          {
            "type":"table"
            , "Instruction":"64-bit Integer Add"
            , "Constant Operand":"2 (0x2)"
            , "Max Fanout":"1"
            , "Start Cycle":"2"
            , "Latency":"0"
          }
        ]
        , "debug":
        [
          [
            {
              "filename":"/home/u139750/lab4/dpcpp-tutorial/matrix-multi/build/src/matrix-multi-st-v1.cpp"
              , "line":72
            }
          ]
        ]
        , "type":"inst"
      }
      , {
        "name":"Global variable"
        , "id":131
        , "subtype":"pop"
        , "start":"2.00"
        , "end":"2.00"
        , "details":
        [
          {
            "type":"table"
            , "Instruction":"Feedback Read"
            , "Variable":"Global variable"
            , "Max Fanout":"3"
            , "Start Cycle":"2"
            , "Latency":"0"
          }
        ]
        , "debug":
        [
          [
            {
              "filename":"/glob/development-tools/versions/oneapi/2022.1.2/oneapi/compiler/2022.0.2/linux/bin-llvm/../include/sycl/CL/sycl/accessor.hpp"
              , "line":840
            }
          ]
        ]
        , "type":"inst"
      }
      , {
        "name":"Global variable"
        , "id":133
        , "subtype":"pop"
        , "start":"2.00"
        , "end":"2.00"
        , "details":
        [
          {
            "type":"table"
            , "Instruction":"Feedback Read"
            , "Variable":"Global variable"
            , "Max Fanout":"3"
            , "Start Cycle":"2"
            , "Latency":"0"
          }
        ]
        , "debug":
        [
          [
            {
              "filename":"/glob/development-tools/versions/oneapi/2022.1.2/oneapi/compiler/2022.0.2/linux/bin-llvm/../include/sycl/CL/sycl/accessor.hpp"
              , "line":840
            }
          ]
        ]
        , "type":"inst"
      }
      , {
        "name":"Feedback"
        , "id":135
        , "subtype":"pop"
        , "start":"2.00"
        , "end":"2.00"
        , "details":
        [
          {
            "type":"table"
            , "Instruction":"Feedback Read"
            , "Variable":"Unknown variable"
            , "Max Fanout":"2"
            , "Start Cycle":"2"
            , "Latency":"0"
          }
        ]
        , "debug":
        [
          [
            {
              "filename":"/home/u139750/lab4/dpcpp-tutorial/matrix-multi/build/src/matrix-multi-st-v1.cpp"
              , "line":68
            }
          ]
        ]
        , "type":"inst"
      }
    ]
    , "links":
    [
      {
        "from":99
        , "to":100
        , "details":
        [
          {
            "type":"table"
            , "Width":"640"
          }
        ]
      }
      , {
        "from":99
        , "to":102
        , "details":
        [
          {
            "type":"table"
            , "Width":"640"
          }
        ]
      }
      , {
        "from":99
        , "to":114
        , "details":
        [
          {
            "type":"table"
            , "Width":"640"
          }
        ]
      }
      , {
        "from":99
        , "to":131
        , "details":
        [
          {
            "type":"table"
            , "Width":"640"
          }
        ]
      }
      , {
        "from":99
        , "to":133
        , "details":
        [
          {
            "type":"table"
            , "Width":"640"
          }
        ]
      }
      , {
        "from":99
        , "to":135
        , "details":
        [
          {
            "type":"table"
            , "Width":"640"
          }
        ]
      }
      , {
        "from":99
        , "to":98
        , "details":
        [
          {
            "type":"table"
            , "Width":"640"
          }
        ]
      }
      , {
        "from":99
        , "to":128
        , "details":
        [
          {
            "type":"table"
            , "Width":"640"
          }
        ]
      }
      , {
        "from":99
        , "to":101
        , "details":
        [
          {
            "type":"table"
            , "Width":"640"
          }
        ]
      }
      , {
        "from":99
        , "to":101
        , "details":
        [
          {
            "type":"table"
            , "Width":"640"
          }
        ]
      }
      , {
        "from":99
        , "to":131
        , "details":
        [
          {
            "type":"table"
            , "Width":"640"
          }
        ]
      }
      , {
        "from":99
        , "to":102
        , "details":
        [
          {
            "type":"table"
            , "Width":"640"
          }
        ]
      }
      , {
        "from":99
        , "to":133
        , "details":
        [
          {
            "type":"table"
            , "Width":"640"
          }
        ]
      }
      , {
        "from":99
        , "to":135
        , "details":
        [
          {
            "type":"table"
            , "Width":"640"
          }
        ]
      }
      , {
        "from":99
        , "to":114
        , "details":
        [
          {
            "type":"table"
            , "Width":"640"
          }
        ]
      }
      , {
        "from":100
        , "to":101
        , "details":
        [
          {
            "type":"table"
            , "Width":"2"
          }
        ]
      }
      , {
        "from":100
        , "to":131
        , "details":
        [
          {
            "type":"table"
            , "Width":"2"
          }
        ]
      }
      , {
        "from":100
        , "to":102
        , "details":
        [
          {
            "type":"table"
            , "Width":"2"
          }
        ]
      }
      , {
        "from":100
        , "to":133
        , "details":
        [
          {
            "type":"table"
            , "Width":"2"
          }
        ]
      }
      , {
        "from":100
        , "to":135
        , "details":
        [
          {
            "type":"table"
            , "Width":"2"
          }
        ]
      }
      , {
        "from":100
        , "to":114
        , "details":
        [
          {
            "type":"table"
            , "Width":"2"
          }
        ]
      }
      , {
        "from":100
        , "to":98
        , "details":
        [
          {
            "type":"table"
            , "Width":"2"
          }
        ]
      }
      , {
        "from":101
        , "to":107
        , "details":
        [
          {
            "type":"table"
            , "Width":"64"
          }
        ]
      }
      , {
        "from":101
        , "to":129
        , "details":
        [
          {
            "type":"table"
            , "Width":"64"
          }
        ]
      }
      , {
        "from":101
        , "to":109
        , "details":
        [
          {
            "type":"table"
            , "Width":"64"
          }
        ]
      }
      , {
        "from":101
        , "to":104
        , "details":
        [
          {
            "type":"table"
            , "Width":"64"
          }
        ]
      }
      , {
        "from":102
        , "to":102
        , "reverse":1
        , "details":
        [
          {
            "type":"table"
            , "Instruction":"Feedback Write"
            , "Variable":"Global variable"
            , "Feedback FIFO Depth":"1"
            , "Feedback FIFO Width":"64"
            , "Max Fanout":"1"
            , "Start Cycle":"2"
            , "Latency":"0"
          }
        ]
      }
      , {
        "from":102
        , "to":104
        , "details":
        [
          {
            "type":"table"
            , "Width":"64"
          }
        ]
      }
      , {
        "from":104
        , "to":106
        , "details":
        [
          {
            "type":"table"
            , "Width":"64"
          }
        ]
      }
      , {
        "from":105
        , "to":106
        , "details":
        [
          {
            "type":"table"
            , "Width":"64"
          }
        ]
      }
      , {
        "from":106
        , "to":98
        , "details":
        [
          {
            "type":"table"
            , "Width":"64"
          }
        ]
      }
      , {
        "from":107
        , "to":120
        , "details":
        [
          {
            "type":"table"
            , "Width":"64"
          }
        ]
      }
      , {
        "from":108
        , "to":109
        , "details":
        [
          {
            "type":"table"
            , "Width":"64"
          }
        ]
      }
      , {
        "from":109
        , "to":111
        , "details":
        [
          {
            "type":"table"
            , "Width":"64"
          }
        ]
      }
      , {
        "from":110
        , "to":111
        , "details":
        [
          {
            "type":"table"
            , "Width":"64"
          }
        ]
      }
      , {
        "from":111
        , "to":113
        , "details":
        [
          {
            "type":"table"
            , "Width":"64"
          }
        ]
      }
      , {
        "from":112
        , "to":113
        , "details":
        [
          {
            "type":"table"
            , "Width":"64"
          }
        ]
      }
      , {
        "from":113
        , "to":116
        , "details":
        [
          {
            "type":"table"
            , "Width":"64"
          }
        ]
      }
      , {
        "from":114
        , "to":114
        , "reverse":1
        , "details":
        [
          {
            "type":"table"
            , "Instruction":"Feedback Write"
            , "Variable":"Global variable"
            , "Feedback FIFO Depth":"1"
            , "Feedback FIFO Width":"64"
            , "Max Fanout":"1"
            , "Start Cycle":"2"
            , "Latency":"0"
          }
        ]
      }
      , {
        "from":114
        , "to":125
        , "details":
        [
          {
            "type":"table"
            , "Width":"64"
          }
        ]
      }
      , {
        "from":114
        , "to":116
        , "details":
        [
          {
            "type":"table"
            , "Width":"64"
          }
        ]
      }
      , {
        "from":114
        , "to":98
        , "details":
        [
          {
            "type":"table"
            , "Width":"64"
          }
        ]
      }
      , {
        "from":116
        , "to":118
        , "details":
        [
          {
            "type":"table"
            , "Width":"64"
          }
        ]
      }
      , {
        "from":117
        , "to":118
        , "details":
        [
          {
            "type":"table"
            , "Width":"64"
          }
        ]
      }
      , {
        "from":118
        , "to":98
        , "details":
        [
          {
            "type":"table"
            , "Width":"64"
          }
        ]
      }
      , {
        "from":119
        , "to":120
        , "details":
        [
          {
            "type":"table"
            , "Width":"64"
          }
        ]
      }
      , {
        "from":120
        , "to":122
        , "details":
        [
          {
            "type":"table"
            , "Width":"64"
          }
        ]
      }
      , {
        "from":121
        , "to":122
        , "details":
        [
          {
            "type":"table"
            , "Width":"64"
          }
        ]
      }
      , {
        "from":122
        , "to":124
        , "details":
        [
          {
            "type":"table"
            , "Width":"64"
          }
        ]
      }
      , {
        "from":123
        , "to":124
        , "details":
        [
          {
            "type":"table"
            , "Width":"64"
          }
        ]
      }
      , {
        "from":124
        , "to":125
        , "details":
        [
          {
            "type":"table"
            , "Width":"64"
          }
        ]
      }
      , {
        "from":125
        , "to":127
        , "details":
        [
          {
            "type":"table"
            , "Width":"64"
          }
        ]
      }
      , {
        "from":126
        , "to":127
        , "details":
        [
          {
            "type":"table"
            , "Width":"64"
          }
        ]
      }
      , {
        "from":127
        , "to":98
        , "details":
        [
          {
            "type":"table"
            , "Width":"64"
          }
        ]
      }
      , {
        "from":128
        , "to":98
        , "details":
        [
          {
            "type":"table"
            , "Width":"1"
          }
        ]
      }
      , {
        "from":129
        , "to":101
        , "reverse":1
        , "details":
        [
          {
            "type":"table"
            , "Instruction":"Feedback Write"
            , "Variable":"Global variable"
            , "Feedback FIFO Depth":"1"
            , "Feedback FIFO Width":"64"
            , "Max Fanout":"1"
            , "Start Cycle":"2"
            , "Latency":"0"
          }
        ]
      }
      , {
        "from":131
        , "to":131
        , "reverse":1
        , "details":
        [
          {
            "type":"table"
            , "Instruction":"Feedback Write"
            , "Variable":"Global variable"
            , "Feedback FIFO Depth":"1"
            , "Feedback FIFO Width":"64"
            , "Max Fanout":"1"
            , "Start Cycle":"2"
            , "Latency":"0"
          }
        ]
      }
      , {
        "from":131
        , "to":98
        , "details":
        [
          {
            "type":"table"
            , "Width":"64"
          }
        ]
      }
      , {
        "from":133
        , "to":133
        , "reverse":1
        , "details":
        [
          {
            "type":"table"
            , "Instruction":"Feedback Write"
            , "Variable":"Global variable"
            , "Feedback FIFO Depth":"1"
            , "Feedback FIFO Width":"64"
            , "Max Fanout":"1"
            , "Start Cycle":"2"
            , "Latency":"0"
          }
        ]
      }
      , {
        "from":133
        , "to":98
        , "details":
        [
          {
            "type":"table"
            , "Width":"64"
          }
        ]
      }
      , {
        "from":135
        , "to":135
        , "reverse":1
        , "details":
        [
          {
            "type":"table"
            , "Instruction":"Feedback Write"
            , "Variable":"Unknown variable"
            , "Feedback FIFO Depth":"1"
            , "Feedback FIFO Width":"1"
            , "Max Fanout":"1"
            , "Start Cycle":"2"
            , "Latency":"0"
          }
        ]
      }
      , {
        "from":135
        , "to":98
        , "details":
        [
          {
            "type":"table"
            , "Width":"1"
          }
        ]
      }
    ]
  }
  , "54":
  {
    "nodes":
    [
      {
        "name":"Exit"
        , "id":140
        , "subtype":"exit"
        , "start":"300.00"
        , "end":"303.00"
        , "details":
        [
          {
            "type":"table"
            , "Max Fanout":"2"
            , "Start Cycle":"300"
            , "Latency":"3"
            , "Exit FIFO Depth":"32"
            , "Exit FIFO Width":"64"
            , "Details":"Exit FIFO depth is sized to accommodate all data that may be in-flight in the stall-free cluster; this depth will be equal to or greater than the latency of the cluster.  The width of the FIFO depends on the amount of data that needs to pass from the stall-free logic cluster to the stall-able logic below it."
          }
        ]
        , "type":"inst"
      }
      , {
        "name":"Entry"
        , "id":141
        , "subtype":"entry"
        , "details":
        [
          {
            "type":"table"
            , "Instruction":"Cluster Entry"
            , "Max Fanout":"0"
            , "Start Cycle":"291"
            , "Latency":"0"
          }
        ]
        , "type":"inst"
      }
      , {
        "name":"f32 Dot-2"
        , "id":142
        , "subtype":"default"
        , "start":"291.00"
        , "end":"296.00"
        , "details":
        [
          {
            "type":"table"
            , "Instruction":"32-bit Floating-point Dot Product of Size 2"
            , "Max Fanout":"1"
            , "Start Cycle":"291"
            , "Latency":"5"
          }
        ]
        , "debug":
        [
          [
            {
              "filename":"/home/u139750/lab4/dpcpp-tutorial/matrix-multi/build/src/matrix-multi-st-v1.cpp"
              , "line":73
            }
          ]
        ]
        , "type":"inst"
      }
      , {
        "name":"f32 FP Accum"
        , "id":143
        , "subtype":"default"
        , "start":"296.00"
        , "end":"300.00"
        , "details":
        [
          {
            "type":"table"
            , "Instruction":"32-bit Floating-point Accumulator"
            , "Max Fanout":"1"
            , "Start Cycle":"296"
            , "Latency":"4"
          }
        ]
        , "debug":
        [
          [
            {
              "filename":"/home/u139750/lab4/dpcpp-tutorial/matrix-multi/build/src/matrix-multi-st-v1.cpp"
              , "line":73
            }
          ]
        ]
        , "type":"inst"
      }
    ]
    , "links":
    [
      {
        "from":141
        , "to":143
        , "details":
        [
          {
            "type":"table"
            , "Width":"192"
          }
        ]
      }
      , {
        "from":141
        , "to":142
        , "details":
        [
          {
            "type":"table"
            , "Width":"192"
          }
        ]
      }
      , {
        "from":142
        , "to":143
        , "details":
        [
          {
            "type":"table"
            , "Width":"32"
          }
        ]
      }
      , {
        "from":143
        , "to":140
        , "details":
        [
          {
            "type":"table"
            , "Width":"32"
          }
        ]
      }
    ]
  }
}
