{"children":[{"children":[{"data":[179950,358572,492,123,0],"details":[{"text":"Platform interface logic.","type":"text"}],"name":"Board interface","type":"resource"}],"name":"Static Partition","type":"partition"},{"data":[3601,8981,61,0,0],"details":[{"text":"Global interconnect for 16 global loads and 4 global stores. Reduce number of global loads and stores to simplify global interconnect.","type":"text"},{"text":"For 16 global loads and 4 global stores.","type":"brief"},{"links":[{"guide":"Best Practices Guide : Global Memory Interconnect","link":"file:////glob/development-tools/versions/oneapi/2022.1.2/oneapi/compiler/2022.0.2/linux/lib/oclfpga/aoc_help_pages/hnj1476724450050.html"}],"text":"See %L for more information","type":"text"}],"name":"Global interconnect","type":"resource"},{"data":[0,67,2,0,0],"details":[{"text":"This read-only memory contains information for the host about the system and about each kernel in the system, including kernel names, arguments, and attributes. The system description ROM ensures that the binary image on the FPGA is compatible with the host program.","type":"text"},{"text":"Contains information for the host.","type":"brief"}],"name":"System description ROM","type":"resource"},{"children":[{"data":[2989,5372,86,0,126],"details":[{"text":"Feedback+Cluster logic","type":"brief"}],"name":"Data control overhead","type":"resource"},{"data":[1338,2411,0,0,10],"details":[{"text":"Kernel dispatch logic.","type":"text"},{"text":"Kernel dispatch logic.","type":"brief"}],"name":"Function overhead","type":"resource"},{"children":[{"count":4,"data":[11126,42131,122,0,261],"debug":[[{"filename":"","line":0}]],"name":"State","type":"resource"},{"count":4,"data":[624,368,0,20,0],"debug":[[{"filename":"","line":0}]],"name":"64-bit Integer Multiply","type":"resource"},{"count":4,"data":[256,0,0,0,0],"debug":[[{"filename":"","line":0}]],"name":"64-bit Integer Subtract","type":"resource"},{"count":10,"data":[10,10,0,0,0],"debug":[[{"filename":"","line":0}]],"name":"llvm.fpga.fanout","type":"resource"}],"data":[12016,42509,122,20,261],"name":"No Source Line","type":"resource"},{"children":[{"children":[{"count":1,"data":[7,0,0,0,0],"debug":[[{"filename":"/glob/development-tools/versions/oneapi/2022.1.2/oneapi/compiler/2022.0.2/linux/bin-llvm/../include/sycl/CL/sycl/handler.hpp","line":"940"}]],"name":"21-bit Integer Compare","type":"resource"}],"data":[7,0,0,0,0],"debug":[[{"filename":"/glob/development-tools/versions/oneapi/2022.1.2/oneapi/compiler/2022.0.2/linux/bin-llvm/../include/sycl/CL/sycl/handler.hpp","line":940},{"filename":"/home/u139750/lab4/dpcpp-tutorial/matrix-multi/build/src/matrix-multi-st-v2.cpp","line":71}]],"name":"handler.hpp:940 > matrix-multi-st-v2.cpp:71","replace_name":true,"type":"resource"},{"children":[{"count":4,"data":[19544,8184,0,0,0],"debug":[[{"filename":"/glob/development-tools/versions/oneapi/2022.1.2/oneapi/compiler/2022.0.2/linux/bin-llvm/../include/sycl/CL/sycl/handler.hpp","line":"940"}]],"name":"64-bit Unsigned Integer Divide","type":"resource"}],"data":[19544,8184,0,0,0],"debug":[[{"filename":"/glob/development-tools/versions/oneapi/2022.1.2/oneapi/compiler/2022.0.2/linux/bin-llvm/../include/sycl/CL/sycl/handler.hpp","line":940},{"filename":"/home/u139750/lab4/dpcpp-tutorial/matrix-multi/build/src/matrix-multi-st-v2.cpp","line":73}]],"name":"handler.hpp:940 > matrix-multi-st-v2.cpp:73","replace_name":true,"type":"resource"},{"children":[{"count":24,"data":[1506,0,0,0,0],"debug":[[{"filename":"/glob/development-tools/versions/oneapi/2022.1.2/oneapi/compiler/2022.0.2/linux/bin-llvm/../include/sycl/CL/sycl/handler.hpp","line":"940"}]],"name":"64-bit Integer Add","type":"resource"},{"count":6,"data":[918,540,0,30,0],"debug":[[{"filename":"/glob/development-tools/versions/oneapi/2022.1.2/oneapi/compiler/2022.0.2/linux/bin-llvm/../include/sycl/CL/sycl/handler.hpp","line":"940"}]],"name":"64-bit Integer Multiply","type":"resource"}],"data":[2424,540,0,30,0],"debug":[[{"filename":"/glob/development-tools/versions/oneapi/2022.1.2/oneapi/compiler/2022.0.2/linux/bin-llvm/../include/sycl/CL/sycl/handler.hpp","line":940},{"filename":"/home/u139750/lab4/dpcpp-tutorial/matrix-multi/build/src/matrix-multi-st-v2.cpp","line":79},{"filename":"/glob/development-tools/versions/oneapi/2022.1.2/oneapi/compiler/2022.0.2/linux/bin-llvm/../include/sycl/CL/sycl/accessor.hpp","line":344},{"filename":"/glob/development-tools/versions/oneapi/2022.1.2/oneapi/compiler/2022.0.2/linux/bin-llvm/../include/sycl/CL/sycl/accessor.hpp","line":1558},{"filename":"/glob/development-tools/versions/oneapi/2022.1.2/oneapi/compiler/2022.0.2/linux/bin-llvm/../include/sycl/CL/sycl/accessor.hpp","line":840}]],"name":"handler.hpp:940 > matrix-multi-st-v2.cpp:79 > \naccessor.hpp:344 > accessor.hpp:1558 > \naccessor.hpp:840","replace_name":true,"type":"resource"},{"children":[{"count":4,"data":[2016,8200,60,0,0],"debug":[[{"filename":"/glob/development-tools/versions/oneapi/2022.1.2/oneapi/compiler/2022.0.2/linux/bin-llvm/../include/sycl/CL/sycl/handler.hpp","line":"940"}]],"name":"Load","type":"resource"},{"count":4,"data":[1576,1268,0,0,0],"debug":[[{"filename":"/glob/development-tools/versions/oneapi/2022.1.2/oneapi/compiler/2022.0.2/linux/bin-llvm/../include/sycl/CL/sycl/handler.hpp","line":"940"}]],"name":"'Convert 64-bit Unsigned Integer to Floating-point' Function Call","type":"resource"},{"count":8,"data":[8,1,0,0,0],"debug":[[{"filename":"/glob/development-tools/versions/oneapi/2022.1.2/oneapi/compiler/2022.0.2/linux/bin-llvm/../include/sycl/CL/sycl/handler.hpp","line":"940"}]],"name":"1-bit Or","type":"resource"},{"count":4,"data":[0,0,0,4,0],"debug":[[{"filename":"/glob/development-tools/versions/oneapi/2022.1.2/oneapi/compiler/2022.0.2/linux/bin-llvm/../include/sycl/CL/sycl/handler.hpp","line":"940"}]],"name":"32-bit Floating-point Add","type":"resource"},{"count":4,"data":[1598,8864,4,0,124],"debug":[[{"filename":"/glob/development-tools/versions/oneapi/2022.1.2/oneapi/compiler/2022.0.2/linux/bin-llvm/../include/sycl/CL/sycl/handler.hpp","line":"940"}]],"name":"Store","type":"resource"}],"data":[5198,18333,64,4,124],"debug":[[{"filename":"/glob/development-tools/versions/oneapi/2022.1.2/oneapi/compiler/2022.0.2/linux/bin-llvm/../include/sycl/CL/sycl/handler.hpp","line":940},{"filename":"/home/u139750/lab4/dpcpp-tutorial/matrix-multi/build/src/matrix-multi-st-v2.cpp","line":80}]],"name":"handler.hpp:940 > matrix-multi-st-v2.cpp:80","replace_name":true,"type":"resource"},{"children":[{"count":12,"data":[752,0,0,0,0],"debug":[[{"filename":"/glob/development-tools/versions/oneapi/2022.1.2/oneapi/compiler/2022.0.2/linux/bin-llvm/../include/sycl/CL/sycl/handler.hpp","line":"940"}]],"name":"64-bit Integer Add","type":"resource"},{"count":4,"data":[747,929,0,20,0],"debug":[[{"filename":"/glob/development-tools/versions/oneapi/2022.1.2/oneapi/compiler/2022.0.2/linux/bin-llvm/../include/sycl/CL/sycl/handler.hpp","line":"940"}]],"name":"64-bit Integer Multiply","type":"resource"}],"data":[1499,929,0,20,0],"debug":[[{"filename":"/glob/development-tools/versions/oneapi/2022.1.2/oneapi/compiler/2022.0.2/linux/bin-llvm/../include/sycl/CL/sycl/handler.hpp","line":940},{"filename":"/home/u139750/lab4/dpcpp-tutorial/matrix-multi/build/src/matrix-multi-st-v2.cpp","line":80},{"filename":"/glob/development-tools/versions/oneapi/2022.1.2/oneapi/compiler/2022.0.2/linux/bin-llvm/../include/sycl/CL/sycl/accessor.hpp","line":329},{"filename":"/glob/development-tools/versions/oneapi/2022.1.2/oneapi/compiler/2022.0.2/linux/bin-llvm/../include/sycl/CL/sycl/accessor.hpp","line":1551},{"filename":"/glob/development-tools/versions/oneapi/2022.1.2/oneapi/compiler/2022.0.2/linux/bin-llvm/../include/sycl/CL/sycl/accessor.hpp","line":840}]],"name":"handler.hpp:940 > matrix-multi-st-v2.cpp:80 > \naccessor.hpp:329 > accessor.hpp:1551 > \naccessor.hpp:840","replace_name":true,"type":"resource"},{"children":[{"count":4,"data":[248,0,0,0,0],"debug":[[{"filename":"/glob/development-tools/versions/oneapi/2022.1.2/oneapi/compiler/2022.0.2/linux/bin-llvm/../include/sycl/CL/sycl/handler.hpp","line":"940"}]],"name":"Pointer Computation","type":"resource"}],"data":[248,0,0,0,0],"debug":[[{"filename":"/glob/development-tools/versions/oneapi/2022.1.2/oneapi/compiler/2022.0.2/linux/bin-llvm/../include/sycl/CL/sycl/handler.hpp","line":940},{"filename":"/home/u139750/lab4/dpcpp-tutorial/matrix-multi/build/src/matrix-multi-st-v2.cpp","line":80},{"filename":"/glob/development-tools/versions/oneapi/2022.1.2/oneapi/compiler/2022.0.2/linux/bin-llvm/../include/sycl/CL/sycl/accessor.hpp","line":329},{"filename":"/glob/development-tools/versions/oneapi/2022.1.2/oneapi/compiler/2022.0.2/linux/bin-llvm/../include/sycl/CL/sycl/accessor.hpp","line":1552}]],"name":"handler.hpp:940 > matrix-multi-st-v2.cpp:80 > \naccessor.hpp:329 > accessor.hpp:1552","replace_name":true,"type":"resource"},{"children":[{"count":12,"data":[752,0,0,0,0],"debug":[[{"filename":"/glob/development-tools/versions/oneapi/2022.1.2/oneapi/compiler/2022.0.2/linux/bin-llvm/../include/sycl/CL/sycl/handler.hpp","line":"940"}]],"name":"64-bit Integer Add","type":"resource"},{"count":4,"data":[747,929,0,20,0],"debug":[[{"filename":"/glob/development-tools/versions/oneapi/2022.1.2/oneapi/compiler/2022.0.2/linux/bin-llvm/../include/sycl/CL/sycl/handler.hpp","line":"940"}]],"name":"64-bit Integer Multiply","type":"resource"}],"data":[1499,929,0,20,0],"debug":[[{"filename":"/glob/development-tools/versions/oneapi/2022.1.2/oneapi/compiler/2022.0.2/linux/bin-llvm/../include/sycl/CL/sycl/handler.hpp","line":940},{"filename":"/home/u139750/lab4/dpcpp-tutorial/matrix-multi/build/src/matrix-multi-st-v2.cpp","line":80},{"filename":"/glob/development-tools/versions/oneapi/2022.1.2/oneapi/compiler/2022.0.2/linux/bin-llvm/../include/sycl/CL/sycl/accessor.hpp","line":344},{"filename":"/glob/development-tools/versions/oneapi/2022.1.2/oneapi/compiler/2022.0.2/linux/bin-llvm/../include/sycl/CL/sycl/accessor.hpp","line":1558},{"filename":"/glob/development-tools/versions/oneapi/2022.1.2/oneapi/compiler/2022.0.2/linux/bin-llvm/../include/sycl/CL/sycl/accessor.hpp","line":840}]],"name":"handler.hpp:940 > matrix-multi-st-v2.cpp:80 > \naccessor.hpp:344 > accessor.hpp:1558 > \naccessor.hpp:840","replace_name":true,"type":"resource"},{"children":[{"count":4,"data":[248,0,0,0,0],"debug":[[{"filename":"/glob/development-tools/versions/oneapi/2022.1.2/oneapi/compiler/2022.0.2/linux/bin-llvm/../include/sycl/CL/sycl/handler.hpp","line":"940"}]],"name":"Pointer Computation","type":"resource"}],"data":[248,0,0,0,0],"debug":[[{"filename":"/glob/development-tools/versions/oneapi/2022.1.2/oneapi/compiler/2022.0.2/linux/bin-llvm/../include/sycl/CL/sycl/handler.hpp","line":940},{"filename":"/home/u139750/lab4/dpcpp-tutorial/matrix-multi/build/src/matrix-multi-st-v2.cpp","line":80},{"filename":"/glob/development-tools/versions/oneapi/2022.1.2/oneapi/compiler/2022.0.2/linux/bin-llvm/../include/sycl/CL/sycl/accessor.hpp","line":344},{"filename":"/glob/development-tools/versions/oneapi/2022.1.2/oneapi/compiler/2022.0.2/linux/bin-llvm/../include/sycl/CL/sycl/accessor.hpp","line":1559}]],"name":"handler.hpp:940 > matrix-multi-st-v2.cpp:80 > \naccessor.hpp:344 > accessor.hpp:1559","replace_name":true,"type":"resource"},{"children":[{"count":1,"data":[1,1,0,0,0],"debug":[[{"filename":"/glob/development-tools/versions/oneapi/2022.1.2/oneapi/compiler/2022.0.2/linux/bin-llvm/../include/sycl/CL/sycl/handler.hpp","line":"940"}]],"name":"1-bit And","type":"resource"},{"count":1,"data":[1,0,0,0,0],"debug":[[{"filename":"/glob/development-tools/versions/oneapi/2022.1.2/oneapi/compiler/2022.0.2/linux/bin-llvm/../include/sycl/CL/sycl/handler.hpp","line":"940"}]],"name":"1-bit Or","type":"resource"},{"count":1,"data":[4,0,0,0,0],"debug":[[{"filename":"/glob/development-tools/versions/oneapi/2022.1.2/oneapi/compiler/2022.0.2/linux/bin-llvm/../include/sycl/CL/sycl/handler.hpp","line":"940"}]],"name":"11-bit Integer Compare","type":"resource"},{"count":1,"data":[2,0,0,0,0],"debug":[[{"filename":"/glob/development-tools/versions/oneapi/2022.1.2/oneapi/compiler/2022.0.2/linux/bin-llvm/../include/sycl/CL/sycl/handler.hpp","line":"940"}]],"name":"2-bit Select","type":"resource"}],"data":[8,1,0,0,0],"debug":[[{"filename":"/glob/development-tools/versions/oneapi/2022.1.2/oneapi/compiler/2022.0.2/linux/bin-llvm/../include/sycl/CL/sycl/handler.hpp","line":940},{"filename":"/home/u139750/lab4/dpcpp-tutorial/matrix-multi/build/src/matrix-multi-st-v2.cpp","line":78}]],"name":"handler.hpp:940 > matrix-multi-st-v2.cpp:78","replace_name":true,"type":"resource"},{"children":[{"count":8,"data":[3152,2536,0,0,0],"debug":[[{"filename":"/glob/development-tools/versions/oneapi/2022.1.2/oneapi/compiler/2022.0.2/linux/bin-llvm/../include/sycl/CL/sycl/handler.hpp","line":"940"}]],"name":"'Convert 64-bit Unsigned Integer to Floating-point' Function Call","type":"resource"},{"count":8,"data":[1400,1496,0,0,0],"debug":[[{"filename":"/glob/development-tools/versions/oneapi/2022.1.2/oneapi/compiler/2022.0.2/linux/bin-llvm/../include/sycl/CL/sycl/handler.hpp","line":"940"}]],"name":"'Convert Floating-point to 64-bit Unsigned Integer' Function Call","type":"resource"},{"count":16,"data":[0,0,0,8,0],"debug":[[{"filename":"/glob/development-tools/versions/oneapi/2022.1.2/oneapi/compiler/2022.0.2/linux/bin-llvm/../include/sycl/CL/sycl/handler.hpp","line":"940"}]],"name":"32-bit Floating-point Multiply-Add","type":"resource"},{"count":12,"data":[6884,26060,184,0,0],"debug":[[{"filename":"/glob/development-tools/versions/oneapi/2022.1.2/oneapi/compiler/2022.0.2/linux/bin-llvm/../include/sycl/CL/sycl/handler.hpp","line":"940"}]],"name":"Load","type":"resource"}],"data":[11436,30092,184,8,0],"debug":[[{"filename":"/glob/development-tools/versions/oneapi/2022.1.2/oneapi/compiler/2022.0.2/linux/bin-llvm/../include/sycl/CL/sycl/handler.hpp","line":940},{"filename":"/home/u139750/lab4/dpcpp-tutorial/matrix-multi/build/src/matrix-multi-st-v2.cpp","line":79}]],"name":"handler.hpp:940 > matrix-multi-st-v2.cpp:79","replace_name":true,"type":"resource"},{"children":[{"count":12,"data":[744,0,0,0,0],"debug":[[{"filename":"/glob/development-tools/versions/oneapi/2022.1.2/oneapi/compiler/2022.0.2/linux/bin-llvm/../include/sycl/CL/sycl/handler.hpp","line":"940"}]],"name":"Pointer Computation","type":"resource"}],"data":[744,0,0,0,0],"debug":[[{"filename":"/glob/development-tools/versions/oneapi/2022.1.2/oneapi/compiler/2022.0.2/linux/bin-llvm/../include/sycl/CL/sycl/handler.hpp","line":940},{"filename":"/home/u139750/lab4/dpcpp-tutorial/matrix-multi/build/src/matrix-multi-st-v2.cpp","line":79},{"filename":"/glob/development-tools/versions/oneapi/2022.1.2/oneapi/compiler/2022.0.2/linux/bin-llvm/../include/sycl/CL/sycl/accessor.hpp","line":344},{"filename":"/glob/development-tools/versions/oneapi/2022.1.2/oneapi/compiler/2022.0.2/linux/bin-llvm/../include/sycl/CL/sycl/accessor.hpp","line":1559}]],"name":"handler.hpp:940 > matrix-multi-st-v2.cpp:79 > \naccessor.hpp:344 > accessor.hpp:1559","replace_name":true,"type":"resource"}],"data":[42855,59008,248,82,124],"debug":[[{"filename":"/glob/development-tools/versions/oneapi/2022.1.2/oneapi/compiler/2022.0.2/linux/bin-llvm/../include/sycl/CL/sycl/handler.hpp","line":940}]],"name":"/glob/development-tools/versions/oneapi/2022.1.2/oneapi/compiler/2022.0.2/linux/bin-llvm/../include/sycl/CL/sycl/handler.hpp:940","replace_name":"true","type":"resource"}],"compute_units":1,"data":[59198,109300,456,102,521],"details":[{"text":"Number of compute units: 1","type":"text"},{"text":"1 compute unit.","type":"brief"}],"name":"MMstv2","total_kernel_resources":[59198,109300,456,102,521],"total_percent":[13.8967,8.14817,6.3963,16.808,6.71937],"type":"function"}],"columns":["","ALUTs","FFs","RAMs","DSPs","MLABs","Details"],"data":[62799,118348,519,102,521],"debug_enabled":"true","max_resources":[854400,1708800,2713,1518,42720],"name":"Kernel System","total":[242749,476920,1011,225,521],"total_percent":[55.6501,29.6312,27.9096,37.265,14.8221],"type":"module"}