{
  "columns":
  ["", "Pipelined", "II", "Speculated iterations", "Details"]
  , "children":
  [
    {
      "name":"Kernel: MMstv2"
      , "data":
      ["", "", ""]
      , "debug":
      [
        [
          {
            "filename":"/home/u139750/lab4/dpcpp-tutorial/matrix-multi/build/src/matrix-multi-st-v2.cpp"
            , "line":68
          }
        ]
      ]
      , "details":
      [
        {
          "type":"brief"
          , "text":"Single work-item execution"
        }
        , {
          "type":"text"
          , "text":"Single work-item execution"
        }
        , {
          "type":"text"
          , "text":"Fmax bottlenck block: None"
        }
        , {
          "type":"text"
          , "text":"See %L for more information"
          , "links":
          [
            {
              "guide":"Best Practices Guide : Kernels"
              , "link":"file:////glob/development-tools/versions/oneapi/2022.1.2/oneapi/compiler/2022.0.2/linux/lib/oclfpga/aoc_help_pages/ipp1476408832230.html"
            }
          ]
        }
      ]
      , "children":
      [
        {
          "name":"Fully unrolled loop"
          , "data":
          ["n/a", "n/a", "n/a"]
          , "debug":
          [
            [
              {
                "filename":"accessor.hpp"
                , "line":896
              }
            ]
          ]
          , "details":
          [
            {
              "type":"brief"
              , "text":"Unrolled by #pragma unroll"
            }
            , {
              "type":"text"
              , "text":"Unrolled by #pragma unroll"
            }
          ]
          , "children":
          [
          ]
        }
        , {
          "name":"Fully unrolled loop"
          , "data":
          ["n/a", "n/a", "n/a"]
          , "debug":
          [
            [
              {
                "filename":"accessor.hpp"
                , "line":896
              }
            ]
          ]
          , "details":
          [
            {
              "type":"brief"
              , "text":"Unrolled by #pragma unroll"
            }
            , {
              "type":"text"
              , "text":"Unrolled by #pragma unroll"
            }
          ]
          , "children":
          [
          ]
        }
        , {
          "name":"Fully unrolled loop"
          , "data":
          ["n/a", "n/a", "n/a"]
          , "debug":
          [
            [
              {
                "filename":"accessor.hpp"
                , "line":896
              }
            ]
          ]
          , "details":
          [
            {
              "type":"brief"
              , "text":"Unrolled by #pragma unroll"
            }
            , {
              "type":"text"
              , "text":"Unrolled by #pragma unroll"
            }
          ]
          , "children":
          [
          ]
        }
        , {
          "name":"Fully unrolled loop"
          , "data":
          ["n/a", "n/a", "n/a"]
          , "debug":
          [
            [
              {
                "filename":"accessor.hpp"
                , "line":896
              }
            ]
          ]
          , "details":
          [
            {
              "type":"brief"
              , "text":"Unrolled by #pragma unroll"
            }
            , {
              "type":"text"
              , "text":"Unrolled by #pragma unroll"
            }
          ]
          , "children":
          [
          ]
        }
        , {
          "name":"4X Partially unrolled MMstv2.B1"
          , "data":
          ["Yes", ">=1", "0"]
          , "debug":
          [
            [
              {
                "filename":"/home/u139750/lab4/dpcpp-tutorial/matrix-multi/build/src/matrix-multi-st-v2.cpp"
                , "line":71
              }
            ]
          ]
          , "details":
          [
            {
              "type":"text"
              , "text":"Additional dependency due to memory dependency:"
              , "details":
              [
                {
                  "type":"text"
                  , "text":"From: Store Operation (%L > %L)"
                  , "links":
                  [
                    {
                      "filename":"/glob/development-tools/versions/oneapi/2022.1.2/oneapi/compiler/2022.0.2/linux/bin-llvm/../include/sycl/CL/sycl/handler.hpp"
                      , "line":"940"
                    }
                    , {
                      "filename":"/home/u139750/lab4/dpcpp-tutorial/matrix-multi/build/src/matrix-multi-st-v2.cpp"
                      , "line":"80"
                    }
                  ]
                }
                , {
                  "type":"text"
                  , "text":"To: Store Operation (%L > %L)"
                  , "links":
                  [
                    {
                      "filename":"/glob/development-tools/versions/oneapi/2022.1.2/oneapi/compiler/2022.0.2/linux/bin-llvm/../include/sycl/CL/sycl/handler.hpp"
                      , "line":"940"
                    }
                    , {
                      "filename":"/home/u139750/lab4/dpcpp-tutorial/matrix-multi/build/src/matrix-multi-st-v2.cpp"
                      , "line":"80"
                    }
                  ]
                }
              ]
            }
            , {
              "type":"text"
              , "text":"Additional dependency due to memory dependency:"
              , "details":
              [
                {
                  "type":"text"
                  , "text":"From: Store Operation (%L > %L)"
                  , "links":
                  [
                    {
                      "filename":"/glob/development-tools/versions/oneapi/2022.1.2/oneapi/compiler/2022.0.2/linux/bin-llvm/../include/sycl/CL/sycl/handler.hpp"
                      , "line":"940"
                    }
                    , {
                      "filename":"/home/u139750/lab4/dpcpp-tutorial/matrix-multi/build/src/matrix-multi-st-v2.cpp"
                      , "line":"80"
                    }
                  ]
                }
                , {
                  "type":"text"
                  , "text":"To: Store Operation (%L > %L)"
                  , "links":
                  [
                    {
                      "filename":"/glob/development-tools/versions/oneapi/2022.1.2/oneapi/compiler/2022.0.2/linux/bin-llvm/../include/sycl/CL/sycl/handler.hpp"
                      , "line":"940"
                    }
                    , {
                      "filename":"/home/u139750/lab4/dpcpp-tutorial/matrix-multi/build/src/matrix-multi-st-v2.cpp"
                      , "line":"80"
                    }
                  ]
                }
              ]
            }
            , {
              "type":"text"
              , "text":"Additional dependency due to memory dependency:"
              , "details":
              [
                {
                  "type":"text"
                  , "text":"From: Store Operation (%L > %L)"
                  , "links":
                  [
                    {
                      "filename":"/glob/development-tools/versions/oneapi/2022.1.2/oneapi/compiler/2022.0.2/linux/bin-llvm/../include/sycl/CL/sycl/handler.hpp"
                      , "line":"940"
                    }
                    , {
                      "filename":"/home/u139750/lab4/dpcpp-tutorial/matrix-multi/build/src/matrix-multi-st-v2.cpp"
                      , "line":"80"
                    }
                  ]
                }
                , {
                  "type":"text"
                  , "text":"To: Store Operation (%L > %L)"
                  , "links":
                  [
                    {
                      "filename":"/glob/development-tools/versions/oneapi/2022.1.2/oneapi/compiler/2022.0.2/linux/bin-llvm/../include/sycl/CL/sycl/handler.hpp"
                      , "line":"940"
                    }
                    , {
                      "filename":"/home/u139750/lab4/dpcpp-tutorial/matrix-multi/build/src/matrix-multi-st-v2.cpp"
                      , "line":"80"
                    }
                  ]
                }
              ]
            }
            , {
              "type":"text"
              , "text":"Additional dependency due to memory dependency:"
              , "details":
              [
                {
                  "type":"text"
                  , "text":"From: Store Operation (%L > %L)"
                  , "links":
                  [
                    {
                      "filename":"/glob/development-tools/versions/oneapi/2022.1.2/oneapi/compiler/2022.0.2/linux/bin-llvm/../include/sycl/CL/sycl/handler.hpp"
                      , "line":"940"
                    }
                    , {
                      "filename":"/home/u139750/lab4/dpcpp-tutorial/matrix-multi/build/src/matrix-multi-st-v2.cpp"
                      , "line":"80"
                    }
                  ]
                }
                , {
                  "type":"text"
                  , "text":"To: Store Operation (%L > %L)"
                  , "links":
                  [
                    {
                      "filename":"/glob/development-tools/versions/oneapi/2022.1.2/oneapi/compiler/2022.0.2/linux/bin-llvm/../include/sycl/CL/sycl/handler.hpp"
                      , "line":"940"
                    }
                    , {
                      "filename":"/home/u139750/lab4/dpcpp-tutorial/matrix-multi/build/src/matrix-multi-st-v2.cpp"
                      , "line":"80"
                    }
                  ]
                }
              ]
            }
            , {
              "type":"text"
              , "text":"Additional dependency due to memory dependency:"
              , "details":
              [
                {
                  "type":"text"
                  , "text":"From: Store Operation (%L > %L)"
                  , "links":
                  [
                    {
                      "filename":"/glob/development-tools/versions/oneapi/2022.1.2/oneapi/compiler/2022.0.2/linux/bin-llvm/../include/sycl/CL/sycl/handler.hpp"
                      , "line":"940"
                    }
                    , {
                      "filename":"/home/u139750/lab4/dpcpp-tutorial/matrix-multi/build/src/matrix-multi-st-v2.cpp"
                      , "line":"80"
                    }
                  ]
                }
                , {
                  "type":"text"
                  , "text":"To: Store Operation (%L > %L)"
                  , "links":
                  [
                    {
                      "filename":"/glob/development-tools/versions/oneapi/2022.1.2/oneapi/compiler/2022.0.2/linux/bin-llvm/../include/sycl/CL/sycl/handler.hpp"
                      , "line":"940"
                    }
                    , {
                      "filename":"/home/u139750/lab4/dpcpp-tutorial/matrix-multi/build/src/matrix-multi-st-v2.cpp"
                      , "line":"80"
                    }
                  ]
                }
              ]
            }
            , {
              "type":"text"
              , "text":"Additional dependency due to memory dependency:"
              , "details":
              [
                {
                  "type":"text"
                  , "text":"From: Store Operation (%L > %L)"
                  , "links":
                  [
                    {
                      "filename":"/glob/development-tools/versions/oneapi/2022.1.2/oneapi/compiler/2022.0.2/linux/bin-llvm/../include/sycl/CL/sycl/handler.hpp"
                      , "line":"940"
                    }
                    , {
                      "filename":"/home/u139750/lab4/dpcpp-tutorial/matrix-multi/build/src/matrix-multi-st-v2.cpp"
                      , "line":"80"
                    }
                  ]
                }
                , {
                  "type":"text"
                  , "text":"To: Store Operation (%L > %L)"
                  , "links":
                  [
                    {
                      "filename":"/glob/development-tools/versions/oneapi/2022.1.2/oneapi/compiler/2022.0.2/linux/bin-llvm/../include/sycl/CL/sycl/handler.hpp"
                      , "line":"940"
                    }
                    , {
                      "filename":"/home/u139750/lab4/dpcpp-tutorial/matrix-multi/build/src/matrix-multi-st-v2.cpp"
                      , "line":"80"
                    }
                  ]
                }
              ]
            }
            , {
              "type":"text"
              , "text":"Additional dependency due to memory dependency:"
              , "details":
              [
                {
                  "type":"text"
                  , "text":"From: Store Operation (%L > %L)"
                  , "links":
                  [
                    {
                      "filename":"/glob/development-tools/versions/oneapi/2022.1.2/oneapi/compiler/2022.0.2/linux/bin-llvm/../include/sycl/CL/sycl/handler.hpp"
                      , "line":"940"
                    }
                    , {
                      "filename":"/home/u139750/lab4/dpcpp-tutorial/matrix-multi/build/src/matrix-multi-st-v2.cpp"
                      , "line":"80"
                    }
                  ]
                }
                , {
                  "type":"text"
                  , "text":"To: Store Operation (%L > %L)"
                  , "links":
                  [
                    {
                      "filename":"/glob/development-tools/versions/oneapi/2022.1.2/oneapi/compiler/2022.0.2/linux/bin-llvm/../include/sycl/CL/sycl/handler.hpp"
                      , "line":"940"
                    }
                    , {
                      "filename":"/home/u139750/lab4/dpcpp-tutorial/matrix-multi/build/src/matrix-multi-st-v2.cpp"
                      , "line":"80"
                    }
                  ]
                }
              ]
            }
            , {
              "type":"text"
              , "text":"Additional dependency due to memory dependency:"
              , "details":
              [
                {
                  "type":"text"
                  , "text":"From: Store Operation (%L > %L)"
                  , "links":
                  [
                    {
                      "filename":"/glob/development-tools/versions/oneapi/2022.1.2/oneapi/compiler/2022.0.2/linux/bin-llvm/../include/sycl/CL/sycl/handler.hpp"
                      , "line":"940"
                    }
                    , {
                      "filename":"/home/u139750/lab4/dpcpp-tutorial/matrix-multi/build/src/matrix-multi-st-v2.cpp"
                      , "line":"80"
                    }
                  ]
                }
                , {
                  "type":"text"
                  , "text":"To: Store Operation (%L > %L)"
                  , "links":
                  [
                    {
                      "filename":"/glob/development-tools/versions/oneapi/2022.1.2/oneapi/compiler/2022.0.2/linux/bin-llvm/../include/sycl/CL/sycl/handler.hpp"
                      , "line":"940"
                    }
                    , {
                      "filename":"/home/u139750/lab4/dpcpp-tutorial/matrix-multi/build/src/matrix-multi-st-v2.cpp"
                      , "line":"80"
                    }
                  ]
                }
              ]
            }
            , {
              "type":"text"
              , "text":"Additional dependency due to memory dependency:"
              , "details":
              [
                {
                  "type":"text"
                  , "text":"From: Store Operation (%L > %L)"
                  , "links":
                  [
                    {
                      "filename":"/glob/development-tools/versions/oneapi/2022.1.2/oneapi/compiler/2022.0.2/linux/bin-llvm/../include/sycl/CL/sycl/handler.hpp"
                      , "line":"940"
                    }
                    , {
                      "filename":"/home/u139750/lab4/dpcpp-tutorial/matrix-multi/build/src/matrix-multi-st-v2.cpp"
                      , "line":"80"
                    }
                  ]
                }
                , {
                  "type":"text"
                  , "text":"To: Store Operation (%L > %L)"
                  , "links":
                  [
                    {
                      "filename":"/glob/development-tools/versions/oneapi/2022.1.2/oneapi/compiler/2022.0.2/linux/bin-llvm/../include/sycl/CL/sycl/handler.hpp"
                      , "line":"940"
                    }
                    , {
                      "filename":"/home/u139750/lab4/dpcpp-tutorial/matrix-multi/build/src/matrix-multi-st-v2.cpp"
                      , "line":"80"
                    }
                  ]
                }
              ]
            }
            , {
              "type":"text"
              , "text":"Stallable instruction: n/a"
            }
            , {
              "type":"text"
              , "text":"Maximum concurrent iterations: Capacity of loop"
              , "details":
              [
                {
                  "type":"text"
                  , "text":"Use the %L viewer to estimate capacity"
                  , "links":
                  [
                    {
                      "view":"Fmax II Report"
                    }
                  ]
                }
              ]
            }
            , {
              "type":"text"
              , "text":"Average Trip count: 640000 (exact)"
            }
            , {
              "type":"text"
              , "text":"See %L for more information"
              , "links":
              [
                {
                  "guide":"Best Practices Guide : Nested Loops"
                  , "link":"file:////glob/development-tools/versions/oneapi/2022.1.2/oneapi/compiler/2022.0.2/linux/lib/oclfpga/aoc_help_pages/rfr1469543500580.html"
                }
              ]
            }
          ]
          , "children":
          [
            {
              "name":"Fully unrolled loop"
              , "data":
              ["n/a", "n/a", "n/a"]
              , "debug":
              [
                [
                  {
                    "filename":"accessor.hpp"
                    , "line":839
                  }
                ]
              ]
              , "details":
              [
                {
                  "type":"brief"
                  , "text":"Unrolled by #pragma unroll"
                }
                , {
                  "type":"text"
                  , "text":"Unrolled by #pragma unroll"
                }
              ]
              , "children":
              [
              ]
            }
            , {
              "name":"Fully unrolled loop"
              , "data":
              ["n/a", "n/a", "n/a"]
              , "debug":
              [
                [
                  {
                    "filename":"accessor.hpp"
                    , "line":839
                  }
                ]
              ]
              , "details":
              [
                {
                  "type":"brief"
                  , "text":"Unrolled by #pragma unroll"
                }
                , {
                  "type":"text"
                  , "text":"Unrolled by #pragma unroll"
                }
              ]
              , "children":
              [
              ]
            }
            , {
              "name":"2X Partially unrolled Fused loop MMstv2.B2"
              , "data":
              ["Yes", "~28", "1"]
              , "debug":
              [
                [
                  {
                    "filename":"Multiple Locations"
                    , "line":0
                  }
                ]
              ]
              , "details":
              [
                {
                  "type":"brief"
                  , "text":"Data dependency"
                }
                , {
                  "type":"text"
                  , "text":"Most critical loop feedback path during scheduling:"
                  , "details":
                  [
                    {
                      "type":"text"
                      , "text":"The critical path contains 24 nodes. Only the top 20 failing nodes are listed."
                      , "details":
                      [
                        {
                          "type":"text"
                          , "text":"5.00 clock cycles 'Convert 64-bit Unsigned Integer to Floating-point' Function Call Operation (%L > %L)"
                          , "links":
                          [
                            {
                              "filename":"/glob/development-tools/versions/oneapi/2022.1.2/oneapi/compiler/2022.0.2/linux/bin-llvm/../include/sycl/CL/sycl/handler.hpp"
                              , "line":"940"
                            }
                            , {
                              "filename":"/home/u139750/lab4/dpcpp-tutorial/matrix-multi/build/src/matrix-multi-st-v2.cpp"
                              , "line":"79"
                            }
                          ]
                        }
                        , {
                          "type":"text"
                          , "text":"5.00 clock cycles 'Convert Floating-point to 64-bit Unsigned Integer' Function Call Operation (%L > %L)"
                          , "links":
                          [
                            {
                              "filename":"/glob/development-tools/versions/oneapi/2022.1.2/oneapi/compiler/2022.0.2/linux/bin-llvm/../include/sycl/CL/sycl/handler.hpp"
                              , "line":"940"
                            }
                            , {
                              "filename":"/home/u139750/lab4/dpcpp-tutorial/matrix-multi/build/src/matrix-multi-st-v2.cpp"
                              , "line":"79"
                            }
                          ]
                        }
                        , {
                          "type":"text"
                          , "text":"5.00 clock cycles 'Convert 64-bit Unsigned Integer to Floating-point' Function Call Operation (%L > %L)"
                          , "links":
                          [
                            {
                              "filename":"/glob/development-tools/versions/oneapi/2022.1.2/oneapi/compiler/2022.0.2/linux/bin-llvm/../include/sycl/CL/sycl/handler.hpp"
                              , "line":"940"
                            }
                            , {
                              "filename":"/home/u139750/lab4/dpcpp-tutorial/matrix-multi/build/src/matrix-multi-st-v2.cpp"
                              , "line":"79"
                            }
                          ]
                        }
                        , {
                          "type":"text"
                          , "text":"5.00 clock cycles 'Convert Floating-point to 64-bit Unsigned Integer' Function Call Operation (%L > %L)"
                          , "links":
                          [
                            {
                              "filename":"/glob/development-tools/versions/oneapi/2022.1.2/oneapi/compiler/2022.0.2/linux/bin-llvm/../include/sycl/CL/sycl/handler.hpp"
                              , "line":"940"
                            }
                            , {
                              "filename":"/home/u139750/lab4/dpcpp-tutorial/matrix-multi/build/src/matrix-multi-st-v2.cpp"
                              , "line":"79"
                            }
                          ]
                        }
                        , {
                          "type":"text"
                          , "text":"5.00 clock cycles 'Convert 64-bit Unsigned Integer to Floating-point' Function Call Operation (%L > %L)"
                          , "links":
                          [
                            {
                              "filename":"/glob/development-tools/versions/oneapi/2022.1.2/oneapi/compiler/2022.0.2/linux/bin-llvm/../include/sycl/CL/sycl/handler.hpp"
                              , "line":"940"
                            }
                            , {
                              "filename":"/home/u139750/lab4/dpcpp-tutorial/matrix-multi/build/src/matrix-multi-st-v2.cpp"
                              , "line":"79"
                            }
                          ]
                        }
                        , {
                          "type":"text"
                          , "text":"5.00 clock cycles 'Convert 64-bit Unsigned Integer to Floating-point' Function Call Operation (%L > %L)"
                          , "links":
                          [
                            {
                              "filename":"/glob/development-tools/versions/oneapi/2022.1.2/oneapi/compiler/2022.0.2/linux/bin-llvm/../include/sycl/CL/sycl/handler.hpp"
                              , "line":"940"
                            }
                            , {
                              "filename":"/home/u139750/lab4/dpcpp-tutorial/matrix-multi/build/src/matrix-multi-st-v2.cpp"
                              , "line":"79"
                            }
                          ]
                        }
                        , {
                          "type":"text"
                          , "text":"5.00 clock cycles 'Convert Floating-point to 64-bit Unsigned Integer' Function Call Operation (%L > %L)"
                          , "links":
                          [
                            {
                              "filename":"/glob/development-tools/versions/oneapi/2022.1.2/oneapi/compiler/2022.0.2/linux/bin-llvm/../include/sycl/CL/sycl/handler.hpp"
                              , "line":"940"
                            }
                            , {
                              "filename":"/home/u139750/lab4/dpcpp-tutorial/matrix-multi/build/src/matrix-multi-st-v2.cpp"
                              , "line":"79"
                            }
                          ]
                        }
                        , {
                          "type":"text"
                          , "text":"5.00 clock cycles 'Convert 64-bit Unsigned Integer to Floating-point' Function Call Operation (%L > %L)"
                          , "links":
                          [
                            {
                              "filename":"/glob/development-tools/versions/oneapi/2022.1.2/oneapi/compiler/2022.0.2/linux/bin-llvm/../include/sycl/CL/sycl/handler.hpp"
                              , "line":"940"
                            }
                            , {
                              "filename":"/home/u139750/lab4/dpcpp-tutorial/matrix-multi/build/src/matrix-multi-st-v2.cpp"
                              , "line":"79"
                            }
                          ]
                        }
                        , {
                          "type":"text"
                          , "text":"5.00 clock cycles 'Convert Floating-point to 64-bit Unsigned Integer' Function Call Operation (%L > %L)"
                          , "links":
                          [
                            {
                              "filename":"/glob/development-tools/versions/oneapi/2022.1.2/oneapi/compiler/2022.0.2/linux/bin-llvm/../include/sycl/CL/sycl/handler.hpp"
                              , "line":"940"
                            }
                            , {
                              "filename":"/home/u139750/lab4/dpcpp-tutorial/matrix-multi/build/src/matrix-multi-st-v2.cpp"
                              , "line":"79"
                            }
                          ]
                        }
                        , {
                          "type":"text"
                          , "text":"5.00 clock cycles 'Convert 64-bit Unsigned Integer to Floating-point' Function Call Operation (%L > %L)"
                          , "links":
                          [
                            {
                              "filename":"/glob/development-tools/versions/oneapi/2022.1.2/oneapi/compiler/2022.0.2/linux/bin-llvm/../include/sycl/CL/sycl/handler.hpp"
                              , "line":"940"
                            }
                            , {
                              "filename":"/home/u139750/lab4/dpcpp-tutorial/matrix-multi/build/src/matrix-multi-st-v2.cpp"
                              , "line":"79"
                            }
                          ]
                        }
                        , {
                          "type":"text"
                          , "text":"5.00 clock cycles 'Convert 64-bit Unsigned Integer to Floating-point' Function Call Operation (%L > %L)"
                          , "links":
                          [
                            {
                              "filename":"/glob/development-tools/versions/oneapi/2022.1.2/oneapi/compiler/2022.0.2/linux/bin-llvm/../include/sycl/CL/sycl/handler.hpp"
                              , "line":"940"
                            }
                            , {
                              "filename":"/home/u139750/lab4/dpcpp-tutorial/matrix-multi/build/src/matrix-multi-st-v2.cpp"
                              , "line":"79"
                            }
                          ]
                        }
                        , {
                          "type":"text"
                          , "text":"5.00 clock cycles 'Convert Floating-point to 64-bit Unsigned Integer' Function Call Operation (%L > %L)"
                          , "links":
                          [
                            {
                              "filename":"/glob/development-tools/versions/oneapi/2022.1.2/oneapi/compiler/2022.0.2/linux/bin-llvm/../include/sycl/CL/sycl/handler.hpp"
                              , "line":"940"
                            }
                            , {
                              "filename":"/home/u139750/lab4/dpcpp-tutorial/matrix-multi/build/src/matrix-multi-st-v2.cpp"
                              , "line":"79"
                            }
                          ]
                        }
                        , {
                          "type":"text"
                          , "text":"5.00 clock cycles 'Convert 64-bit Unsigned Integer to Floating-point' Function Call Operation (%L > %L)"
                          , "links":
                          [
                            {
                              "filename":"/glob/development-tools/versions/oneapi/2022.1.2/oneapi/compiler/2022.0.2/linux/bin-llvm/../include/sycl/CL/sycl/handler.hpp"
                              , "line":"940"
                            }
                            , {
                              "filename":"/home/u139750/lab4/dpcpp-tutorial/matrix-multi/build/src/matrix-multi-st-v2.cpp"
                              , "line":"79"
                            }
                          ]
                        }
                        , {
                          "type":"text"
                          , "text":"5.00 clock cycles 'Convert Floating-point to 64-bit Unsigned Integer' Function Call Operation (%L > %L)"
                          , "links":
                          [
                            {
                              "filename":"/glob/development-tools/versions/oneapi/2022.1.2/oneapi/compiler/2022.0.2/linux/bin-llvm/../include/sycl/CL/sycl/handler.hpp"
                              , "line":"940"
                            }
                            , {
                              "filename":"/home/u139750/lab4/dpcpp-tutorial/matrix-multi/build/src/matrix-multi-st-v2.cpp"
                              , "line":"79"
                            }
                          ]
                        }
                        , {
                          "type":"text"
                          , "text":"5.00 clock cycles 'Convert Floating-point to 64-bit Unsigned Integer' Function Call Operation (%L > %L)"
                          , "links":
                          [
                            {
                              "filename":"/glob/development-tools/versions/oneapi/2022.1.2/oneapi/compiler/2022.0.2/linux/bin-llvm/../include/sycl/CL/sycl/handler.hpp"
                              , "line":"940"
                            }
                            , {
                              "filename":"/home/u139750/lab4/dpcpp-tutorial/matrix-multi/build/src/matrix-multi-st-v2.cpp"
                              , "line":"79"
                            }
                          ]
                        }
                        , {
                          "type":"text"
                          , "text":"5.00 clock cycles 'Convert Floating-point to 64-bit Unsigned Integer' Function Call Operation (%L > %L)"
                          , "links":
                          [
                            {
                              "filename":"/glob/development-tools/versions/oneapi/2022.1.2/oneapi/compiler/2022.0.2/linux/bin-llvm/../include/sycl/CL/sycl/handler.hpp"
                              , "line":"940"
                            }
                            , {
                              "filename":"/home/u139750/lab4/dpcpp-tutorial/matrix-multi/build/src/matrix-multi-st-v2.cpp"
                              , "line":"79"
                            }
                          ]
                        }
                        , {
                          "type":"text"
                          , "text":"4.00 clock cycles 32-bit Floating-point Multiply-Add Operation (%L > %L)"
                          , "links":
                          [
                            {
                              "filename":"/glob/development-tools/versions/oneapi/2022.1.2/oneapi/compiler/2022.0.2/linux/bin-llvm/../include/sycl/CL/sycl/handler.hpp"
                              , "line":"940"
                            }
                            , {
                              "filename":"/home/u139750/lab4/dpcpp-tutorial/matrix-multi/build/src/matrix-multi-st-v2.cpp"
                              , "line":"79"
                            }
                          ]
                        }
                        , {
                          "type":"text"
                          , "text":"4.00 clock cycles 32-bit Floating-point Multiply-Add Operation (%L > %L)"
                          , "links":
                          [
                            {
                              "filename":"/glob/development-tools/versions/oneapi/2022.1.2/oneapi/compiler/2022.0.2/linux/bin-llvm/../include/sycl/CL/sycl/handler.hpp"
                              , "line":"940"
                            }
                            , {
                              "filename":"/home/u139750/lab4/dpcpp-tutorial/matrix-multi/build/src/matrix-multi-st-v2.cpp"
                              , "line":"79"
                            }
                          ]
                        }
                        , {
                          "type":"text"
                          , "text":"4.00 clock cycles 32-bit Floating-point Multiply-Add Operation (%L > %L)"
                          , "links":
                          [
                            {
                              "filename":"/glob/development-tools/versions/oneapi/2022.1.2/oneapi/compiler/2022.0.2/linux/bin-llvm/../include/sycl/CL/sycl/handler.hpp"
                              , "line":"940"
                            }
                            , {
                              "filename":"/home/u139750/lab4/dpcpp-tutorial/matrix-multi/build/src/matrix-multi-st-v2.cpp"
                              , "line":"79"
                            }
                          ]
                        }
                        , {
                          "type":"text"
                          , "text":"4.00 clock cycles 32-bit Floating-point Multiply-Add Operation (%L > %L)"
                          , "links":
                          [
                            {
                              "filename":"/glob/development-tools/versions/oneapi/2022.1.2/oneapi/compiler/2022.0.2/linux/bin-llvm/../include/sycl/CL/sycl/handler.hpp"
                              , "line":"940"
                            }
                            , {
                              "filename":"/home/u139750/lab4/dpcpp-tutorial/matrix-multi/build/src/matrix-multi-st-v2.cpp"
                              , "line":"79"
                            }
                          ]
                        }
                        , {
                          "type":"text"
                          , "text":"4.00 clock cycles 32-bit Floating-point Multiply-Add Operation (%L > %L)"
                          , "links":
                          [
                            {
                              "filename":"/glob/development-tools/versions/oneapi/2022.1.2/oneapi/compiler/2022.0.2/linux/bin-llvm/../include/sycl/CL/sycl/handler.hpp"
                              , "line":"940"
                            }
                            , {
                              "filename":"/home/u139750/lab4/dpcpp-tutorial/matrix-multi/build/src/matrix-multi-st-v2.cpp"
                              , "line":"79"
                            }
                          ]
                        }
                        , {
                          "type":"text"
                          , "text":"4.00 clock cycles 32-bit Floating-point Multiply-Add Operation (%L > %L)"
                          , "links":
                          [
                            {
                              "filename":"/glob/development-tools/versions/oneapi/2022.1.2/oneapi/compiler/2022.0.2/linux/bin-llvm/../include/sycl/CL/sycl/handler.hpp"
                              , "line":"940"
                            }
                            , {
                              "filename":"/home/u139750/lab4/dpcpp-tutorial/matrix-multi/build/src/matrix-multi-st-v2.cpp"
                              , "line":"79"
                            }
                          ]
                        }
                        , {
                          "type":"text"
                          , "text":"4.00 clock cycles 32-bit Floating-point Multiply-Add Operation (%L > %L)"
                          , "links":
                          [
                            {
                              "filename":"/glob/development-tools/versions/oneapi/2022.1.2/oneapi/compiler/2022.0.2/linux/bin-llvm/../include/sycl/CL/sycl/handler.hpp"
                              , "line":"940"
                            }
                            , {
                              "filename":"/home/u139750/lab4/dpcpp-tutorial/matrix-multi/build/src/matrix-multi-st-v2.cpp"
                              , "line":"79"
                            }
                          ]
                        }
                        , {
                          "type":"text"
                          , "text":"4.00 clock cycles 32-bit Floating-point Multiply-Add Operation (%L > %L)"
                          , "links":
                          [
                            {
                              "filename":"/glob/development-tools/versions/oneapi/2022.1.2/oneapi/compiler/2022.0.2/linux/bin-llvm/../include/sycl/CL/sycl/handler.hpp"
                              , "line":"940"
                            }
                            , {
                              "filename":"/home/u139750/lab4/dpcpp-tutorial/matrix-multi/build/src/matrix-multi-st-v2.cpp"
                              , "line":"79"
                            }
                          ]
                        }
                      ]
                    }
                  ]
                }
                , {
                  "type":"text"
                  , "text":"II is an approximation due to the following stallable instructions:"
                  , "details":
                  [
                    {
                      "type":"text"
                      , "text":"Load Operation (%L > %L)"
                      , "links":
                      [
                        {
                          "filename":"/glob/development-tools/versions/oneapi/2022.1.2/oneapi/compiler/2022.0.2/linux/bin-llvm/../include/sycl/CL/sycl/handler.hpp"
                          , "line":"940"
                        }
                        , {
                          "filename":"/home/u139750/lab4/dpcpp-tutorial/matrix-multi/build/src/matrix-multi-st-v2.cpp"
                          , "line":"79"
                        }
                      ]
                    }
                    , {
                      "type":"text"
                      , "text":"Load Operation (%L > %L)"
                      , "links":
                      [
                        {
                          "filename":"/glob/development-tools/versions/oneapi/2022.1.2/oneapi/compiler/2022.0.2/linux/bin-llvm/../include/sycl/CL/sycl/handler.hpp"
                          , "line":"940"
                        }
                        , {
                          "filename":"/home/u139750/lab4/dpcpp-tutorial/matrix-multi/build/src/matrix-multi-st-v2.cpp"
                          , "line":"79"
                        }
                      ]
                    }
                    , {
                      "type":"text"
                      , "text":"Load Operation (%L > %L)"
                      , "links":
                      [
                        {
                          "filename":"/glob/development-tools/versions/oneapi/2022.1.2/oneapi/compiler/2022.0.2/linux/bin-llvm/../include/sycl/CL/sycl/handler.hpp"
                          , "line":"940"
                        }
                        , {
                          "filename":"/home/u139750/lab4/dpcpp-tutorial/matrix-multi/build/src/matrix-multi-st-v2.cpp"
                          , "line":"79"
                        }
                      ]
                    }
                    , {
                      "type":"text"
                      , "text":"Load Operation (%L > %L)"
                      , "links":
                      [
                        {
                          "filename":"/glob/development-tools/versions/oneapi/2022.1.2/oneapi/compiler/2022.0.2/linux/bin-llvm/../include/sycl/CL/sycl/handler.hpp"
                          , "line":"940"
                        }
                        , {
                          "filename":"/home/u139750/lab4/dpcpp-tutorial/matrix-multi/build/src/matrix-multi-st-v2.cpp"
                          , "line":"79"
                        }
                      ]
                    }
                    , {
                      "type":"text"
                      , "text":"Load Operation (%L > %L)"
                      , "links":
                      [
                        {
                          "filename":"/glob/development-tools/versions/oneapi/2022.1.2/oneapi/compiler/2022.0.2/linux/bin-llvm/../include/sycl/CL/sycl/handler.hpp"
                          , "line":"940"
                        }
                        , {
                          "filename":"/home/u139750/lab4/dpcpp-tutorial/matrix-multi/build/src/matrix-multi-st-v2.cpp"
                          , "line":"79"
                        }
                      ]
                    }
                    , {
                      "type":"text"
                      , "text":"Load Operation (%L > %L)"
                      , "links":
                      [
                        {
                          "filename":"/glob/development-tools/versions/oneapi/2022.1.2/oneapi/compiler/2022.0.2/linux/bin-llvm/../include/sycl/CL/sycl/handler.hpp"
                          , "line":"940"
                        }
                        , {
                          "filename":"/home/u139750/lab4/dpcpp-tutorial/matrix-multi/build/src/matrix-multi-st-v2.cpp"
                          , "line":"79"
                        }
                      ]
                    }
                    , {
                      "type":"text"
                      , "text":"Load Operation (%L > %L)"
                      , "links":
                      [
                        {
                          "filename":"/glob/development-tools/versions/oneapi/2022.1.2/oneapi/compiler/2022.0.2/linux/bin-llvm/../include/sycl/CL/sycl/handler.hpp"
                          , "line":"940"
                        }
                        , {
                          "filename":"/home/u139750/lab4/dpcpp-tutorial/matrix-multi/build/src/matrix-multi-st-v2.cpp"
                          , "line":"79"
                        }
                      ]
                    }
                    , {
                      "type":"text"
                      , "text":"Load Operation (%L > %L)"
                      , "links":
                      [
                        {
                          "filename":"/glob/development-tools/versions/oneapi/2022.1.2/oneapi/compiler/2022.0.2/linux/bin-llvm/../include/sycl/CL/sycl/handler.hpp"
                          , "line":"940"
                        }
                        , {
                          "filename":"/home/u139750/lab4/dpcpp-tutorial/matrix-multi/build/src/matrix-multi-st-v2.cpp"
                          , "line":"79"
                        }
                      ]
                    }
                    , {
                      "type":"text"
                      , "text":"Load Operation (%L > %L)"
                      , "links":
                      [
                        {
                          "filename":"/glob/development-tools/versions/oneapi/2022.1.2/oneapi/compiler/2022.0.2/linux/bin-llvm/../include/sycl/CL/sycl/handler.hpp"
                          , "line":"940"
                        }
                        , {
                          "filename":"/home/u139750/lab4/dpcpp-tutorial/matrix-multi/build/src/matrix-multi-st-v2.cpp"
                          , "line":"79"
                        }
                      ]
                    }
                    , {
                      "type":"text"
                      , "text":"Load Operation (%L > %L)"
                      , "links":
                      [
                        {
                          "filename":"/glob/development-tools/versions/oneapi/2022.1.2/oneapi/compiler/2022.0.2/linux/bin-llvm/../include/sycl/CL/sycl/handler.hpp"
                          , "line":"940"
                        }
                        , {
                          "filename":"/home/u139750/lab4/dpcpp-tutorial/matrix-multi/build/src/matrix-multi-st-v2.cpp"
                          , "line":"79"
                        }
                      ]
                    }
                    , {
                      "type":"text"
                      , "text":"Load Operation (%L > %L)"
                      , "links":
                      [
                        {
                          "filename":"/glob/development-tools/versions/oneapi/2022.1.2/oneapi/compiler/2022.0.2/linux/bin-llvm/../include/sycl/CL/sycl/handler.hpp"
                          , "line":"940"
                        }
                        , {
                          "filename":"/home/u139750/lab4/dpcpp-tutorial/matrix-multi/build/src/matrix-multi-st-v2.cpp"
                          , "line":"79"
                        }
                      ]
                    }
                    , {
                      "type":"text"
                      , "text":"Load Operation (%L > %L)"
                      , "links":
                      [
                        {
                          "filename":"/glob/development-tools/versions/oneapi/2022.1.2/oneapi/compiler/2022.0.2/linux/bin-llvm/../include/sycl/CL/sycl/handler.hpp"
                          , "line":"940"
                        }
                        , {
                          "filename":"/home/u139750/lab4/dpcpp-tutorial/matrix-multi/build/src/matrix-multi-st-v2.cpp"
                          , "line":"79"
                        }
                      ]
                    }
                  ]
                }
                , {
                  "type":"text"
                  , "text":"Maximum concurrent iterations: Capacity of loop"
                  , "details":
                  [
                    {
                      "type":"text"
                      , "text":"Use the %L viewer to estimate capacity"
                      , "links":
                      [
                        {
                          "view":"Fmax II Report"
                        }
                      ]
                    }
                  ]
                }
                , {
                  "type":"text"
                  , "text":"Average Trip count: 800 (exact)"
                }
                , {
                  "type":"text"
                  , "text":"See %L for more information"
                  , "links":
                  [
                    {
                      "guide":"Best Practices Guide : Loops in a Single Work-Item Kernel"
                      , "link":"file:////glob/development-tools/versions/oneapi/2022.1.2/oneapi/compiler/2022.0.2/linux/lib/oclfpga/aoc_help_pages/wfa1476380079940.html"
                    }
                  ]
                }
              ]
              , "children":
              [
                {
                  "name":"Fused subloop"
                  , "data":
                  ["n/a", "n/a", "n/a"]
                  , "debug":
                  [
                    [
                      {
                        "filename":"matrix-multi-st-v2.cpp"
                        , "line":78
                      }
                    ]
                  ]
                  , "children":
                  [
                    {
                      "name":"Fully unrolled loop"
                      , "data":
                      ["n/a", "n/a", "n/a"]
                      , "debug":
                      [
                        [
                          {
                            "filename":"accessor.hpp"
                            , "line":839
                          }
                        ]
                      ]
                      , "details":
                      [
                        {
                          "type":"brief"
                          , "text":"Unrolled by #pragma unroll"
                        }
                        , {
                          "type":"text"
                          , "text":"Unrolled by #pragma unroll"
                        }
                      ]
                      , "children":
                      [
                      ]
                    }
                    , {
                      "name":"Fully unrolled loop"
                      , "data":
                      ["n/a", "n/a", "n/a"]
                      , "debug":
                      [
                        [
                          {
                            "filename":"accessor.hpp"
                            , "line":839
                          }
                        ]
                      ]
                      , "details":
                      [
                        {
                          "type":"brief"
                          , "text":"Unrolled by #pragma unroll"
                        }
                        , {
                          "type":"text"
                          , "text":"Unrolled by #pragma unroll"
                        }
                      ]
                      , "children":
                      [
                      ]
                    }
                  ]
                }
                , {
                  "name":"Fused subloop"
                  , "data":
                  ["n/a", "n/a", "n/a"]
                  , "debug":
                  [
                    [
                      {
                        "filename":"matrix-multi-st-v2.cpp"
                        , "line":78
                      }
                    ]
                  ]
                  , "children":
                  [
                  ]
                }
                , {
                  "name":"Fused subloop"
                  , "data":
                  ["n/a", "n/a", "n/a"]
                  , "debug":
                  [
                    [
                      {
                        "filename":"matrix-multi-st-v2.cpp"
                        , "line":78
                      }
                    ]
                  ]
                  , "children":
                  [
                  ]
                }
                , {
                  "name":"Fused subloop"
                  , "data":
                  ["n/a", "n/a", "n/a"]
                  , "debug":
                  [
                    [
                      {
                        "filename":"matrix-multi-st-v2.cpp"
                        , "line":78
                      }
                    ]
                  ]
                  , "children":
                  [
                  ]
                }
              ]
            }
          ]
        }
      ]
    }
  ]
}
