{
  "name":"loop_attributes"
  , "id":392
  , "nodes":
  [
    {
      "name":"MMstv2"
      , "id":1
      , "clk":"No"
      , "fmax":"240.00"
      , "type":"kernel"
      , "children":
      [
        {
          "name":"MMstv2.B0"
          , "id":2
          , "af":"240.00"
          , "br":"0"
          , "ci":"0"
          , "fo":"Disabled"
          , "ii":"1"
          , "ll":"1"
          , "lt":"2.000000"
          , "mi":"n/a"
          , "pl":"Yes"
          , "tc":"0"
          , "tn":"1"
          , "type":"bb"
        }
        , {
          "name":"4X Partially unrolled MMstv2.B1"
          , "id":3
          , "af":"240.00"
          , "br":"0"
          , "ci":"0"
          , "fo":"Disabled"
          , "ii":"1"
          , "ll":"1"
          , "lt":"274.000000"
          , "mi":"1"
          , "pl":"Yes"
          , "tc":"0"
          , "tn":"1"
          , "details":
          [
            {
              "type":"text"
              , "text":"Hyper-Optimized loop structure: n/a"
            }
          ]
          , "debug":
          [
            [
              {
                "filename":"/home/u139750/lab4/dpcpp-tutorial/matrix-multi/build/src/matrix-multi-st-v2.cpp"
                , "line":71
              }
            ]
          ]
          , "type":"loop"
          , "children":
          [
            {
              "name":"Fused loop MMstv2.B2"
              , "id":4
              , "af":"240.00"
              , "br":"1"
              , "ci":"0"
              , "fo":"Disabled"
              , "ii":"28"
              , "ll":"2"
              , "lt":"402.000000"
              , "mi":"28"
              , "pl":"Yes"
              , "tc":"800"
              , "tn":"0"
              , "details":
              [
                {
                  "type":"text"
                  , "text":"Hyper-Optimized loop structure: n/a"
                }
              ]
              , "debug":
              [
                [
                  {
                    "filename":"/home/u139750/lab4/dpcpp-tutorial/matrix-multi/build/src/matrix-multi-st-v2.cpp"
                    , "line":78
                  }
                ]
              ]
              , "type":"loop"
            }
          ]
        }
        , {
          "name":"MMstv2.B4"
          , "id":6
          , "af":"240.00"
          , "br":"1"
          , "ci":"0"
          , "fo":"Disabled"
          , "ii":"145"
          , "ll":"1"
          , "lt":"253.000000"
          , "mi":"n/a"
          , "pl":"Yes"
          , "tc":"640000"
          , "tn":"1"
          , "type":"bb"
        }
        , {
          "name":"MMstv2.B3"
          , "id":5
          , "af":"240.00"
          , "br":"0"
          , "ci":"0"
          , "fo":"Disabled"
          , "ii":"1"
          , "ll":"1"
          , "lt":"1.000000"
          , "mi":"n/a"
          , "pl":"Yes"
          , "tc":"0"
          , "tn":"1"
          , "type":"bb"
        }
      ]
    }
  ]
}
