{
  "nodes":
  [
    {
      "type":"kernel"
      , "id":2
      , "name":"MMstv2"
      , "children":
      [
        {
          "type":"bb"
          , "id":3
          , "name":"MMstv2.B0"
          , "details":
          [
            {
              "type":"table"
              , "Latency":"2"
            }
          ]
        }
        , {
          "type":"bb"
          , "id":4
          , "name":"MMstv2.B1"
          , "children":
          [
            {
              "type":"inst"
              , "id":8
              , "name":"Load"
              , "debug":
              [
                [
                  {
                    "filename":"/home/u139750/lab4/dpcpp-tutorial/matrix-multi/build/src/matrix-multi-st-v2.cpp"
                    , "line":80
                  }
                ]
              ]
              , "details":
              [
                {
                  "type":"table"
                  , "Width":"32 bits"
                  , "Type":"Burst-coalesced"
                  , "Stall-free":"No"
                  , "Start Cycle":"75"
                  , "Latency":"198"
                  , "Reference":
                  [
                    {
                      "type":"text"
                      , "text":"See %L for more information"
                      , "links":
                      [
                        {
                          "guide":"Best Practices Guide : Load-Store Units"
                          , "link":"file:////glob/development-tools/versions/oneapi/2022.1.2/oneapi/compiler/2022.0.2/linux/lib/oclfpga/aoc_help_pages/yeo1491314105959.html"
                        }
                      ]
                    }
                  ]
                }
              ]
            }
            , {
              "type":"inst"
              , "id":9
              , "name":"Load"
              , "debug":
              [
                [
                  {
                    "filename":"/home/u139750/lab4/dpcpp-tutorial/matrix-multi/build/src/matrix-multi-st-v2.cpp"
                    , "line":80
                  }
                ]
              ]
              , "details":
              [
                {
                  "type":"table"
                  , "Width":"32 bits"
                  , "Type":"Burst-coalesced"
                  , "Stall-free":"No"
                  , "Start Cycle":"75"
                  , "Latency":"198"
                  , "Reference":
                  [
                    {
                      "type":"text"
                      , "text":"See %L for more information"
                      , "links":
                      [
                        {
                          "guide":"Best Practices Guide : Load-Store Units"
                          , "link":"file:////glob/development-tools/versions/oneapi/2022.1.2/oneapi/compiler/2022.0.2/linux/lib/oclfpga/aoc_help_pages/yeo1491314105959.html"
                        }
                      ]
                    }
                  ]
                }
              ]
            }
            , {
              "type":"inst"
              , "id":10
              , "name":"Load"
              , "debug":
              [
                [
                  {
                    "filename":"/home/u139750/lab4/dpcpp-tutorial/matrix-multi/build/src/matrix-multi-st-v2.cpp"
                    , "line":80
                  }
                ]
              ]
              , "details":
              [
                {
                  "type":"table"
                  , "Width":"32 bits"
                  , "Type":"Burst-coalesced"
                  , "Stall-free":"No"
                  , "Start Cycle":"75"
                  , "Latency":"198"
                  , "Reference":
                  [
                    {
                      "type":"text"
                      , "text":"See %L for more information"
                      , "links":
                      [
                        {
                          "guide":"Best Practices Guide : Load-Store Units"
                          , "link":"file:////glob/development-tools/versions/oneapi/2022.1.2/oneapi/compiler/2022.0.2/linux/lib/oclfpga/aoc_help_pages/yeo1491314105959.html"
                        }
                      ]
                    }
                  ]
                }
              ]
            }
            , {
              "type":"inst"
              , "id":28
              , "name":"Loop Input"
              , "debug":
              [
                [
                  {
                    "filename":"/home/u139750/lab4/dpcpp-tutorial/matrix-multi/build/src/matrix-multi-st-v2.cpp"
                    , "line":71
                  }
                ]
              ]
              , "details":
              [
                {
                  "type":"table"
                  , "Start Cycle":"0"
                  , "Latency":"1"
                  , "Loops To":"33"
                }
              ]
            }
            , {
              "type":"inst"
              , "id":29
              , "name":"End"
              , "details":
              [
                {
                  "type":"table"
                  , "Start Cycle":"274"
                  , "Latency":"1"
                }
              ]
            }
          ]
          , "details":
          [
            {
              "type":"table"
              , "Latency":"274"
              , "II":"1"
              , "Subloops":"Yes"
              , "Pipelined":"Yes"
              , "Fmax Bottlenecks":"No"
              , "Loop Info":"Entry to loop. "
            }
          ]
        }
        , {
          "type":"bb"
          , "id":5
          , "name":"MMstv2.B2"
          , "children":
          [
            {
              "type":"inst"
              , "id":11
              , "name":"Load"
              , "debug":
              [
                [
                  {
                    "filename":"/home/u139750/lab4/dpcpp-tutorial/matrix-multi/build/src/matrix-multi-st-v2.cpp"
                    , "line":79
                  }
                ]
              ]
              , "details":
              [
                {
                  "type":"table"
                  , "Width":"64 bits"
                  , "Type":"Burst-coalesced non-aligned"
                  , "Stall-free":"No"
                  , "Start Cycle":"76"
                  , "Latency":"293"
                  , "Reference":
                  [
                    {
                      "type":"text"
                      , "text":"See %L for more information"
                      , "links":
                      [
                        {
                          "guide":"Best Practices Guide : Load-Store Units"
                          , "link":"file:////glob/development-tools/versions/oneapi/2022.1.2/oneapi/compiler/2022.0.2/linux/lib/oclfpga/aoc_help_pages/yeo1491314105959.html"
                        }
                      ]
                    }
                  ]
                }
              ]
            }
            , {
              "type":"inst"
              , "id":12
              , "name":"Load"
              , "debug":
              [
                [
                  {
                    "filename":"/home/u139750/lab4/dpcpp-tutorial/matrix-multi/build/src/matrix-multi-st-v2.cpp"
                    , "line":79
                  }
                ]
              ]
              , "details":
              [
                {
                  "type":"table"
                  , "Width":"32 bits"
                  , "Type":"Burst-coalesced"
                  , "Stall-free":"No"
                  , "Start Cycle":"76"
                  , "Latency":"198"
                  , "Reference":
                  [
                    {
                      "type":"text"
                      , "text":"See %L for more information"
                      , "links":
                      [
                        {
                          "guide":"Best Practices Guide : Load-Store Units"
                          , "link":"file:////glob/development-tools/versions/oneapi/2022.1.2/oneapi/compiler/2022.0.2/linux/lib/oclfpga/aoc_help_pages/yeo1491314105959.html"
                        }
                      ]
                    }
                  ]
                }
              ]
            }
            , {
              "type":"inst"
              , "id":13
              , "name":"Load"
              , "debug":
              [
                [
                  {
                    "filename":"/home/u139750/lab4/dpcpp-tutorial/matrix-multi/build/src/matrix-multi-st-v2.cpp"
                    , "line":79
                  }
                ]
              ]
              , "details":
              [
                {
                  "type":"table"
                  , "Width":"32 bits"
                  , "Type":"Burst-coalesced"
                  , "Stall-free":"No"
                  , "Start Cycle":"76"
                  , "Latency":"198"
                  , "Reference":
                  [
                    {
                      "type":"text"
                      , "text":"See %L for more information"
                      , "links":
                      [
                        {
                          "guide":"Best Practices Guide : Load-Store Units"
                          , "link":"file:////glob/development-tools/versions/oneapi/2022.1.2/oneapi/compiler/2022.0.2/linux/lib/oclfpga/aoc_help_pages/yeo1491314105959.html"
                        }
                      ]
                    }
                  ]
                }
              ]
            }
            , {
              "type":"inst"
              , "id":14
              , "name":"Load"
              , "debug":
              [
                [
                  {
                    "filename":"/home/u139750/lab4/dpcpp-tutorial/matrix-multi/build/src/matrix-multi-st-v2.cpp"
                    , "line":79
                  }
                ]
              ]
              , "details":
              [
                {
                  "type":"table"
                  , "Width":"64 bits"
                  , "Type":"Burst-coalesced non-aligned"
                  , "Stall-free":"No"
                  , "Start Cycle":"76"
                  , "Latency":"293"
                  , "Reference":
                  [
                    {
                      "type":"text"
                      , "text":"See %L for more information"
                      , "links":
                      [
                        {
                          "guide":"Best Practices Guide : Load-Store Units"
                          , "link":"file:////glob/development-tools/versions/oneapi/2022.1.2/oneapi/compiler/2022.0.2/linux/lib/oclfpga/aoc_help_pages/yeo1491314105959.html"
                        }
                      ]
                    }
                  ]
                }
              ]
            }
            , {
              "type":"inst"
              , "id":15
              , "name":"Load"
              , "debug":
              [
                [
                  {
                    "filename":"/home/u139750/lab4/dpcpp-tutorial/matrix-multi/build/src/matrix-multi-st-v2.cpp"
                    , "line":79
                  }
                ]
              ]
              , "details":
              [
                {
                  "type":"table"
                  , "Width":"32 bits"
                  , "Type":"Burst-coalesced"
                  , "Stall-free":"No"
                  , "Start Cycle":"76"
                  , "Latency":"198"
                  , "Reference":
                  [
                    {
                      "type":"text"
                      , "text":"See %L for more information"
                      , "links":
                      [
                        {
                          "guide":"Best Practices Guide : Load-Store Units"
                          , "link":"file:////glob/development-tools/versions/oneapi/2022.1.2/oneapi/compiler/2022.0.2/linux/lib/oclfpga/aoc_help_pages/yeo1491314105959.html"
                        }
                      ]
                    }
                  ]
                }
              ]
            }
            , {
              "type":"inst"
              , "id":16
              , "name":"Load"
              , "debug":
              [
                [
                  {
                    "filename":"/home/u139750/lab4/dpcpp-tutorial/matrix-multi/build/src/matrix-multi-st-v2.cpp"
                    , "line":79
                  }
                ]
              ]
              , "details":
              [
                {
                  "type":"table"
                  , "Width":"32 bits"
                  , "Type":"Burst-coalesced"
                  , "Stall-free":"No"
                  , "Start Cycle":"76"
                  , "Latency":"198"
                  , "Reference":
                  [
                    {
                      "type":"text"
                      , "text":"See %L for more information"
                      , "links":
                      [
                        {
                          "guide":"Best Practices Guide : Load-Store Units"
                          , "link":"file:////glob/development-tools/versions/oneapi/2022.1.2/oneapi/compiler/2022.0.2/linux/lib/oclfpga/aoc_help_pages/yeo1491314105959.html"
                        }
                      ]
                    }
                  ]
                }
              ]
            }
            , {
              "type":"inst"
              , "id":17
              , "name":"Load"
              , "debug":
              [
                [
                  {
                    "filename":"/home/u139750/lab4/dpcpp-tutorial/matrix-multi/build/src/matrix-multi-st-v2.cpp"
                    , "line":79
                  }
                ]
              ]
              , "details":
              [
                {
                  "type":"table"
                  , "Width":"64 bits"
                  , "Type":"Burst-coalesced non-aligned"
                  , "Stall-free":"No"
                  , "Start Cycle":"76"
                  , "Latency":"293"
                  , "Reference":
                  [
                    {
                      "type":"text"
                      , "text":"See %L for more information"
                      , "links":
                      [
                        {
                          "guide":"Best Practices Guide : Load-Store Units"
                          , "link":"file:////glob/development-tools/versions/oneapi/2022.1.2/oneapi/compiler/2022.0.2/linux/lib/oclfpga/aoc_help_pages/yeo1491314105959.html"
                        }
                      ]
                    }
                  ]
                }
              ]
            }
            , {
              "type":"inst"
              , "id":18
              , "name":"Load"
              , "debug":
              [
                [
                  {
                    "filename":"/home/u139750/lab4/dpcpp-tutorial/matrix-multi/build/src/matrix-multi-st-v2.cpp"
                    , "line":79
                  }
                ]
              ]
              , "details":
              [
                {
                  "type":"table"
                  , "Width":"32 bits"
                  , "Type":"Burst-coalesced"
                  , "Stall-free":"No"
                  , "Start Cycle":"76"
                  , "Latency":"198"
                  , "Reference":
                  [
                    {
                      "type":"text"
                      , "text":"See %L for more information"
                      , "links":
                      [
                        {
                          "guide":"Best Practices Guide : Load-Store Units"
                          , "link":"file:////glob/development-tools/versions/oneapi/2022.1.2/oneapi/compiler/2022.0.2/linux/lib/oclfpga/aoc_help_pages/yeo1491314105959.html"
                        }
                      ]
                    }
                  ]
                }
              ]
            }
            , {
              "type":"inst"
              , "id":19
              , "name":"Load"
              , "debug":
              [
                [
                  {
                    "filename":"/home/u139750/lab4/dpcpp-tutorial/matrix-multi/build/src/matrix-multi-st-v2.cpp"
                    , "line":79
                  }
                ]
              ]
              , "details":
              [
                {
                  "type":"table"
                  , "Width":"32 bits"
                  , "Type":"Burst-coalesced"
                  , "Stall-free":"No"
                  , "Start Cycle":"76"
                  , "Latency":"198"
                  , "Reference":
                  [
                    {
                      "type":"text"
                      , "text":"See %L for more information"
                      , "links":
                      [
                        {
                          "guide":"Best Practices Guide : Load-Store Units"
                          , "link":"file:////glob/development-tools/versions/oneapi/2022.1.2/oneapi/compiler/2022.0.2/linux/lib/oclfpga/aoc_help_pages/yeo1491314105959.html"
                        }
                      ]
                    }
                  ]
                }
              ]
            }
            , {
              "type":"inst"
              , "id":20
              , "name":"Load"
              , "debug":
              [
                [
                  {
                    "filename":"/home/u139750/lab4/dpcpp-tutorial/matrix-multi/build/src/matrix-multi-st-v2.cpp"
                    , "line":79
                  }
                ]
              ]
              , "details":
              [
                {
                  "type":"table"
                  , "Width":"64 bits"
                  , "Type":"Burst-coalesced non-aligned"
                  , "Stall-free":"No"
                  , "Start Cycle":"76"
                  , "Latency":"293"
                  , "Reference":
                  [
                    {
                      "type":"text"
                      , "text":"See %L for more information"
                      , "links":
                      [
                        {
                          "guide":"Best Practices Guide : Load-Store Units"
                          , "link":"file:////glob/development-tools/versions/oneapi/2022.1.2/oneapi/compiler/2022.0.2/linux/lib/oclfpga/aoc_help_pages/yeo1491314105959.html"
                        }
                      ]
                    }
                  ]
                }
              ]
            }
            , {
              "type":"inst"
              , "id":21
              , "name":"Load"
              , "debug":
              [
                [
                  {
                    "filename":"/home/u139750/lab4/dpcpp-tutorial/matrix-multi/build/src/matrix-multi-st-v2.cpp"
                    , "line":79
                  }
                ]
              ]
              , "details":
              [
                {
                  "type":"table"
                  , "Width":"32 bits"
                  , "Type":"Burst-coalesced"
                  , "Stall-free":"No"
                  , "Start Cycle":"76"
                  , "Latency":"198"
                  , "Reference":
                  [
                    {
                      "type":"text"
                      , "text":"See %L for more information"
                      , "links":
                      [
                        {
                          "guide":"Best Practices Guide : Load-Store Units"
                          , "link":"file:////glob/development-tools/versions/oneapi/2022.1.2/oneapi/compiler/2022.0.2/linux/lib/oclfpga/aoc_help_pages/yeo1491314105959.html"
                        }
                      ]
                    }
                  ]
                }
              ]
            }
            , {
              "type":"inst"
              , "id":22
              , "name":"Load"
              , "debug":
              [
                [
                  {
                    "filename":"/home/u139750/lab4/dpcpp-tutorial/matrix-multi/build/src/matrix-multi-st-v2.cpp"
                    , "line":79
                  }
                ]
              ]
              , "details":
              [
                {
                  "type":"table"
                  , "Width":"32 bits"
                  , "Type":"Burst-coalesced"
                  , "Stall-free":"No"
                  , "Start Cycle":"76"
                  , "Latency":"198"
                  , "Reference":
                  [
                    {
                      "type":"text"
                      , "text":"See %L for more information"
                      , "links":
                      [
                        {
                          "guide":"Best Practices Guide : Load-Store Units"
                          , "link":"file:////glob/development-tools/versions/oneapi/2022.1.2/oneapi/compiler/2022.0.2/linux/lib/oclfpga/aoc_help_pages/yeo1491314105959.html"
                        }
                      ]
                    }
                  ]
                }
              ]
            }
            , {
              "type":"inst"
              , "id":30
              , "name":"Loop Input"
              , "debug":
              [
                [
                  {
                    "filename":"/home/u139750/lab4/dpcpp-tutorial/matrix-multi/build/src/matrix-multi-st-v2.cpp"
                    , "line":78
                  }
                ]
              ]
              , "details":
              [
                {
                  "type":"table"
                  , "Start Cycle":"0"
                  , "Latency":"1"
                  , "Loops To":"31"
                }
              ]
            }
            , {
              "type":"inst"
              , "id":31
              , "name":"Loop End"
              , "details":
              [
                {
                  "type":"table"
                  , "Start Cycle":"402"
                  , "Latency":"1"
                }
              ]
            }
          ]
          , "details":
          [
            {
              "type":"table"
              , "Latency":"402"
              , "II":"28"
              , "Subloops":"No"
              , "Pipelined":"Yes"
              , "Fmax Bottlenecks":"No"
              , "Loop Info":"Loop is pipelined with II of 28. See Loops Analysis for more information."
            }
          ]
        }
        , {
          "type":"bb"
          , "id":6
          , "name":"MMstv2.B3"
          , "details":
          [
            {
              "type":"table"
              , "Latency":"0"
            }
          ]
        }
        , {
          "type":"bb"
          , "id":7
          , "name":"MMstv2.B4"
          , "children":
          [
            {
              "type":"inst"
              , "id":23
              , "name":"Store"
              , "debug":
              [
                [
                  {
                    "filename":"/home/u139750/lab4/dpcpp-tutorial/matrix-multi/build/src/matrix-multi-st-v2.cpp"
                    , "line":80
                  }
                ]
              ]
              , "details":
              [
                {
                  "type":"table"
                  , "Width":"32 bits"
                  , "Type":"Burst-coalesced"
                  , "Stall-free":"No"
                  , "Start Cycle":"108"
                  , "Latency":"36"
                  , "Reference":
                  [
                    {
                      "type":"text"
                      , "text":"See %L for more information"
                      , "links":
                      [
                        {
                          "guide":"Best Practices Guide : Load-Store Units"
                          , "link":"file:////glob/development-tools/versions/oneapi/2022.1.2/oneapi/compiler/2022.0.2/linux/lib/oclfpga/aoc_help_pages/yeo1491314105959.html"
                        }
                      ]
                    }
                  ]
                }
              ]
            }
            , {
              "type":"inst"
              , "id":24
              , "name":"Load"
              , "debug":
              [
                [
                  {
                    "filename":"/home/u139750/lab4/dpcpp-tutorial/matrix-multi/build/src/matrix-multi-st-v2.cpp"
                    , "line":80
                  }
                ]
              ]
              , "details":
              [
                {
                  "type":"table"
                  , "Width":"32 bits"
                  , "Type":"Burst-coalesced"
                  , "Stall-free":"No"
                  , "Start Cycle":"6"
                  , "Latency":"198"
                  , "Reference":
                  [
                    {
                      "type":"text"
                      , "text":"See %L for more information"
                      , "links":
                      [
                        {
                          "guide":"Best Practices Guide : Load-Store Units"
                          , "link":"file:////glob/development-tools/versions/oneapi/2022.1.2/oneapi/compiler/2022.0.2/linux/lib/oclfpga/aoc_help_pages/yeo1491314105959.html"
                        }
                      ]
                    }
                  ]
                }
              ]
            }
            , {
              "type":"inst"
              , "id":25
              , "name":"Store"
              , "debug":
              [
                [
                  {
                    "filename":"/home/u139750/lab4/dpcpp-tutorial/matrix-multi/build/src/matrix-multi-st-v2.cpp"
                    , "line":80
                  }
                ]
              ]
              , "details":
              [
                {
                  "type":"table"
                  , "Width":"32 bits"
                  , "Type":"Burst-coalesced"
                  , "Stall-free":"No"
                  , "Start Cycle":"144"
                  , "Latency":"36"
                  , "Reference":
                  [
                    {
                      "type":"text"
                      , "text":"See %L for more information"
                      , "links":
                      [
                        {
                          "guide":"Best Practices Guide : Load-Store Units"
                          , "link":"file:////glob/development-tools/versions/oneapi/2022.1.2/oneapi/compiler/2022.0.2/linux/lib/oclfpga/aoc_help_pages/yeo1491314105959.html"
                        }
                      ]
                    }
                  ]
                }
              ]
            }
            , {
              "type":"inst"
              , "id":26
              , "name":"Store"
              , "debug":
              [
                [
                  {
                    "filename":"/home/u139750/lab4/dpcpp-tutorial/matrix-multi/build/src/matrix-multi-st-v2.cpp"
                    , "line":80
                  }
                ]
              ]
              , "details":
              [
                {
                  "type":"table"
                  , "Width":"32 bits"
                  , "Type":"Burst-coalesced"
                  , "Stall-free":"No"
                  , "Start Cycle":"180"
                  , "Latency":"36"
                  , "Reference":
                  [
                    {
                      "type":"text"
                      , "text":"See %L for more information"
                      , "links":
                      [
                        {
                          "guide":"Best Practices Guide : Load-Store Units"
                          , "link":"file:////glob/development-tools/versions/oneapi/2022.1.2/oneapi/compiler/2022.0.2/linux/lib/oclfpga/aoc_help_pages/yeo1491314105959.html"
                        }
                      ]
                    }
                  ]
                }
              ]
            }
            , {
              "type":"inst"
              , "id":27
              , "name":"Store"
              , "debug":
              [
                [
                  {
                    "filename":"/home/u139750/lab4/dpcpp-tutorial/matrix-multi/build/src/matrix-multi-st-v2.cpp"
                    , "line":80
                  }
                ]
              ]
              , "details":
              [
                {
                  "type":"table"
                  , "Width":"32 bits"
                  , "Type":"Burst-coalesced"
                  , "Stall-free":"No"
                  , "Start Cycle":"216"
                  , "Latency":"36"
                  , "Reference":
                  [
                    {
                      "type":"text"
                      , "text":"See %L for more information"
                      , "links":
                      [
                        {
                          "guide":"Best Practices Guide : Load-Store Units"
                          , "link":"file:////glob/development-tools/versions/oneapi/2022.1.2/oneapi/compiler/2022.0.2/linux/lib/oclfpga/aoc_help_pages/yeo1491314105959.html"
                        }
                      ]
                    }
                  ]
                }
              ]
            }
            , {
              "type":"inst"
              , "id":32
              , "name":"Begin"
              , "details":
              [
                {
                  "type":"table"
                  , "Start Cycle":"0"
                  , "Latency":"1"
                }
              ]
            }
            , {
              "type":"inst"
              , "id":33
              , "name":"Loop End"
              , "details":
              [
                {
                  "type":"table"
                  , "Start Cycle":"252"
                  , "Latency":"1"
                }
              ]
            }
          ]
          , "details":
          [
            {
              "type":"table"
              , "Latency":"252"
              , "II":"1"
              , "Subloops":"Yes"
              , "Pipelined":"Yes"
              , "Fmax Bottlenecks":"No"
              , "Loop Info":"Exit which branches back to loop. "
            }
          ]
        }
      ]
    }
    , {
      "type":"memtype"
      , "id":1
      , "name":"Global Memory"
      , "children":
      [
        {
          "type":"memsys"
          , "id":34
          , "name":"DDR"
          , "details":
          [
            {
              "type":"table"
              , "Number of banks":"2"
            }
          ]
        }
      ]
    }
  ]
  , "links":
  [
    {
      "from":33
      , "to":28
    }
    , {
      "from":3
      , "to":28
    }
    , {
      "from":8
      , "to":29
    }
    , {
      "from":9
      , "to":29
    }
    , {
      "from":10
      , "to":29
    }
    , {
      "from":31
      , "to":30
    }
    , {
      "from":29
      , "to":30
    }
    , {
      "from":11
      , "to":31
    }
    , {
      "from":12
      , "to":31
    }
    , {
      "from":13
      , "to":31
    }
    , {
      "from":14
      , "to":31
    }
    , {
      "from":15
      , "to":31
    }
    , {
      "from":16
      , "to":31
    }
    , {
      "from":17
      , "to":31
    }
    , {
      "from":18
      , "to":31
    }
    , {
      "from":19
      , "to":31
    }
    , {
      "from":20
      , "to":31
    }
    , {
      "from":21
      , "to":31
    }
    , {
      "from":22
      , "to":31
    }
    , {
      "from":33
      , "to":6
    }
    , {
      "from":31
      , "to":32
    }
    , {
      "from":23
      , "to":33
    }
    , {
      "from":24
      , "to":33
    }
    , {
      "from":25
      , "to":33
    }
    , {
      "from":26
      , "to":33
    }
    , {
      "from":27
      , "to":33
    }
    , {
      "from":28
      , "to":8
    }
    , {
      "from":28
      , "to":9
    }
    , {
      "from":28
      , "to":10
    }
    , {
      "from":30
      , "to":11
    }
    , {
      "from":30
      , "to":12
    }
    , {
      "from":30
      , "to":13
    }
    , {
      "from":30
      , "to":14
    }
    , {
      "from":30
      , "to":15
    }
    , {
      "from":30
      , "to":16
    }
    , {
      "from":30
      , "to":17
    }
    , {
      "from":30
      , "to":18
    }
    , {
      "from":30
      , "to":19
    }
    , {
      "from":30
      , "to":20
    }
    , {
      "from":30
      , "to":21
    }
    , {
      "from":30
      , "to":22
    }
    , {
      "from":32
      , "to":23
    }
    , {
      "from":32
      , "to":24
    }
    , {
      "from":23
      , "to":25
    }
    , {
      "from":25
      , "to":26
    }
    , {
      "from":24
      , "to":27
    }
    , {
      "from":26
      , "to":27
    }
    , {
      "from":34
      , "to":8
    }
    , {
      "from":34
      , "to":9
    }
    , {
      "from":34
      , "to":10
    }
    , {
      "from":34
      , "to":11
    }
    , {
      "from":34
      , "to":12
    }
    , {
      "from":34
      , "to":13
    }
    , {
      "from":34
      , "to":14
    }
    , {
      "from":34
      , "to":15
    }
    , {
      "from":34
      , "to":16
    }
    , {
      "from":34
      , "to":17
    }
    , {
      "from":34
      , "to":18
    }
    , {
      "from":34
      , "to":19
    }
    , {
      "from":34
      , "to":20
    }
    , {
      "from":34
      , "to":21
    }
    , {
      "from":34
      , "to":22
    }
    , {
      "from":23
      , "to":34
    }
    , {
      "from":34
      , "to":24
    }
    , {
      "from":25
      , "to":34
    }
    , {
      "from":26
      , "to":34
    }
    , {
      "from":27
      , "to":34
    }
  ]
}
