<KERNEL_LIST>
	<PROGRAM_GLOBAL_MEM_SIZE value="0" />
	<ENABLE_HYPER_OPTIMIZATIONS value="0" />
	<USE_SYNC_RESET value="0" />
	<TOP_LEVEL_RESET_EXTENDER value="0" />
	<ENABLE_STALL_LATENCY value="0" />
	<ENABLE_ECC value="0" />
	<GLOBAL_WRITE_LSU_IC_DATA_LATENESS value="0" />
	<GLOBAL_READ_LSU_IC_DATA_LATENESS value="0" />
	<GLOBAL_LSU_IC_WIDE_DATA_SLICING value="0" />
	<ALLOW_HIGH_SPEED_FIFO_USAGE value="0" />
	<KERNEL_BUNDLE name="_ZTS6MMstv2" kname="k0_ZTS6MMstv2" compute_units="1">
	<KERNEL name="_ZTS6MMstv2" kname="k0_ZTS6MMstv2" filename="kernel_hdl/k0_ZTS6MMstv2/k0_ZTS6MMstv2_function_wrapper.sv" entity_name="k0_ZTS6MMstv2_function_wrapper" version="1" cosim_name="" enable_global_profiling="1" workgroup_invariant="1" workitem_invariant="0" has_global_atomics="0" num_vector_lanes="1" num_profiling_signals="0">
		<RESOURCE_INFO>
			<ID value="0" />
			<AGGREGATE_STATIC_LOCAL_MEM_SIZE value="0" />
			<MAX_WORK_GROUP_SIZE num="3" values="1, 1, 1" />
			<REQUIRED_WORK_GROUP_SIZE x="1" y="1" z="1" />
			<FAST_RELAUNCH_DEPTH value="1" />
			<USES_GLOBAL_WORK_OFFSET value="1" />
		</RESOURCE_INFO>
		<CONFIGURATION>
			<INTERFACE port="clock_reset" type="clock"/>
			<INTERFACE port="cra_irq" type="irq"/>
			<INTERFACE port="cra" type="agent" cosim_name="k0_ZTS6MMstv2_function_cra_agent" read="1" write="1" width="64" is_volatile="0" size="512" latency="0" />
		</CONFIGURATION>
		<REQUIREMENTS>
			<FILE name="$::env(INTELFPGAOCLSDKROOT)/linux64/lib/dspba/Libraries/sv/base/dspba_library_ver.sv" />
			<FILE name="$::env(INTELFPGAOCLSDKROOT)/ip/acl_ecc_pkg.sv" />
			<FILE name="$::env(INTELFPGAOCLSDKROOT)/ip/acl_data_fifo.v" />
			<FILE name="$::env(INTELFPGAOCLSDKROOT)/ip/acl_fifo.v" />
			<FILE name="$::env(INTELFPGAOCLSDKROOT)/ip/acl_altera_syncram_wrapped.sv" />
			<FILE name="$::env(INTELFPGAOCLSDKROOT)/ip/acl_scfifo_wrapped.sv" />
			<FILE name="$::env(INTELFPGAOCLSDKROOT)/ip/acl_ecc_decoder.sv" />
			<FILE name="$::env(INTELFPGAOCLSDKROOT)/ip/acl_ecc_encoder.sv" />
			<FILE name="$::env(INTELFPGAOCLSDKROOT)/ip/acl_ll_fifo.v" />
			<FILE name="$::env(INTELFPGAOCLSDKROOT)/ip/acl_ll_ram_fifo.v" />
			<FILE name="$::env(INTELFPGAOCLSDKROOT)/ip/acl_valid_fifo_counter.v" />
			<FILE name="$::env(INTELFPGAOCLSDKROOT)/ip/acl_dspba_valid_fifo_counter.v" />
			<FILE name="$::env(INTELFPGAOCLSDKROOT)/ip/acl_staging_reg.v" />
			<FILE name="$::env(INTELFPGAOCLSDKROOT)/ip/hld_fifo.sv" />
			<FILE name="$::env(INTELFPGAOCLSDKROOT)/ip/acl_mid_speed_fifo.sv" />
			<FILE name="$::env(INTELFPGAOCLSDKROOT)/ip/acl_latency_one_ram_fifo.sv" />
			<FILE name="$::env(INTELFPGAOCLSDKROOT)/ip/acl_latency_zero_ram_fifo.sv" />
			<FILE name="$::env(INTELFPGAOCLSDKROOT)/ip/hld_fifo_zero_width.sv" />
			<FILE name="$::env(INTELFPGAOCLSDKROOT)/ip/acl_high_speed_fifo.sv" />
			<FILE name="$::env(INTELFPGAOCLSDKROOT)/ip/acl_low_latency_fifo.sv" />
			<FILE name="$::env(INTELFPGAOCLSDKROOT)/ip/acl_zero_latency_fifo.sv" />
			<FILE name="$::env(INTELFPGAOCLSDKROOT)/ip/acl_fanout_pipeline.sv" />
			<FILE name="$::env(INTELFPGAOCLSDKROOT)/ip/acl_std_synchronizer_nocut.v" />
			<FILE name="$::env(INTELFPGAOCLSDKROOT)/ip/acl_tessellated_incr_decr_threshold.sv" />
			<FILE name="$::env(INTELFPGAOCLSDKROOT)/ip/acl_tessellated_incr_lookahead.sv" />
			<FILE name="$::env(INTELFPGAOCLSDKROOT)/ip/acl_reset_handler.sv" />
			<FILE name="$::env(INTELFPGAOCLSDKROOT)/ip/acl_lfsr.sv" />
			<FILE name="$::env(INTELFPGAOCLSDKROOT)/ip/acl_mlab_fifo.sv" />
			<FILE name="$::env(INTELFPGAOCLSDKROOT)/ip/acl_parameter_assert.svh" />
			<FILE name="$::env(INTELFPGAOCLSDKROOT)/ip/acl_pop.v" />
			<FILE name="$::env(INTELFPGAOCLSDKROOT)/ip/acl_dspba_buffer.v" />
			<FILE name="$::env(INTELFPGAOCLSDKROOT)/ip/acl_ffwdsrc.v" />
			<FILE name="$::env(INTELFPGAOCLSDKROOT)/ip/acl_pipeline.v" />
			<FILE name="$::env(INTELFPGAOCLSDKROOT)/ip/acl_push.v" />
			<FILE name="$::env(INTELFPGAOCLSDKROOT)/ip/acl_ffwddst.sv" />
			<FILE name="$::env(INTELFPGAOCLSDKROOT)/ip/acl_token_fifo_counter.v" />
			<FILE name="$::env(INTELFPGAOCLSDKROOT)/ip/acl_full_detector.v" />
			<FILE name="$::env(INTELFPGAOCLSDKROOT)/ip/acl_tessellated_incr_decr_decr.sv" />
			<FILE name="$::env(INTELFPGAOCLSDKROOT)/ip/lsu_top.v" />
			<FILE name="$::env(INTELFPGAOCLSDKROOT)/ip/lsu_permute_address.v" />
			<FILE name="$::env(INTELFPGAOCLSDKROOT)/ip/lsu_pipelined.v" />
			<FILE name="$::env(INTELFPGAOCLSDKROOT)/ip/lsu_enabled.v" />
			<FILE name="$::env(INTELFPGAOCLSDKROOT)/ip/lsu_basic_coalescer.v" />
			<FILE name="$::env(INTELFPGAOCLSDKROOT)/ip/lsu_simple.v" />
			<FILE name="$::env(INTELFPGAOCLSDKROOT)/ip/lsu_streaming.v" />
			<FILE name="$::env(INTELFPGAOCLSDKROOT)/ip/lsu_burst_host.v" />
			<FILE name="$::env(INTELFPGAOCLSDKROOT)/ip/lsu_bursting_load_stores.v" />
			<FILE name="$::env(INTELFPGAOCLSDKROOT)/ip/lsu_non_aligned_write.v" />
			<FILE name="$::env(INTELFPGAOCLSDKROOT)/ip/lsu_read_cache.v" />
			<FILE name="$::env(INTELFPGAOCLSDKROOT)/ip/lsu_atomic.v" />
			<FILE name="$::env(INTELFPGAOCLSDKROOT)/ip/lsu_prefetch_block.v" />
			<FILE name="$::env(INTELFPGAOCLSDKROOT)/ip/lsu_wide_wrapper.v" />
			<FILE name="$::env(INTELFPGAOCLSDKROOT)/ip/lsu_streaming_prefetch.v" />
			<FILE name="$::env(INTELFPGAOCLSDKROOT)/ip/acl_aligned_burst_coalesced_lsu.v" />
			<FILE name="$::env(INTELFPGAOCLSDKROOT)/ip/acl_toggle_detect.v" />
			<FILE name="$::env(INTELFPGAOCLSDKROOT)/ip/acl_debug_mem.v" />
			<FILE name="$::env(INTELFPGAOCLSDKROOT)/ip/lsu_burst_coalesced_pipelined_write.sv" />
			<FILE name="$::env(INTELFPGAOCLSDKROOT)/ip/lsu_burst_coalesced_pipelined_read.sv" />
			<FILE name="$::env(INTELFPGAOCLSDKROOT)/ip/acl_fifo_stall_valid_lookahead.sv" />
			<FILE name="$::env(INTELFPGAOCLSDKROOT)/ip/hld_global_load_store.sv" />
			<FILE name="$::env(INTELFPGAOCLSDKROOT)/ip/hld_lsu.sv" />
			<FILE name="$::env(INTELFPGAOCLSDKROOT)/ip/hld_lsu_burst_coalescer.sv" />
			<FILE name="$::env(INTELFPGAOCLSDKROOT)/ip/hld_lsu_coalescer_dynamic_timeout.sv" />
			<FILE name="$::env(INTELFPGAOCLSDKROOT)/ip/hld_lsu_data_aligner.sv" />
			<FILE name="$::env(INTELFPGAOCLSDKROOT)/ip/hld_lsu_read_cache.sv" />
			<FILE name="$::env(INTELFPGAOCLSDKROOT)/ip/hld_lsu_read_data_alignment.sv" />
			<FILE name="$::env(INTELFPGAOCLSDKROOT)/ip/hld_lsu_unaligned_controller.sv" />
			<FILE name="$::env(INTELFPGAOCLSDKROOT)/ip/hld_lsu_word_coalescer.sv" />
			<FILE name="$::env(INTELFPGAOCLSDKROOT)/ip/hld_lsu_write_data_alignment.sv" />
			<FILE name="$::env(INTELFPGAOCLSDKROOT)/ip/hld_lsu_write_kernel_downstream.sv" />
			<FILE name="$::env(INTELFPGAOCLSDKROOT)/ip/acl_shift_register_no_reset.sv" />
			<FILE name="$::env(INTELFPGAOCLSDKROOT)/ip/acl_fp_convert_from_long.v" />
			<FILE name="$::env(INTELFPGAOCLSDKROOT)/ip/acl_fp_convert_with_rounding_64.v" />
			<FILE name="$::env(INTELFPGAOCLSDKROOT)/ip/hld_loop_profiler.sv" />
			<FILE name="$::env(INTELFPGAOCLSDKROOT)/ip/hld_sim_latency_tracker.sv" />
			<FILE name="$::env(INTELFPGAOCLSDKROOT)/ip/acl_loop_limiter.v" />
			<FILE name="$::env(INTELFPGAOCLSDKROOT)/ip/acl_clock2x_holder.v" />
			<FILE name="kernel_hdl/k0_ZTS6MMstv2/k0_ZTS6MMstv2_function_wrapper.sv" />
			<FILE name="kernel_hdl/k0_ZTS6MMstv2/k0_ZTS6MMstv2_function.sv" />
			<FILE name="kernel_hdl/k0_ZTS6MMstv2/k0_ZTS6MMstv2_bb_ZTS6MMstv2_B3.sv" />
			<FILE name="kernel_hdl/k0_ZTS6MMstv2/k0_ZTS6MMstv2_ZTS6MMstv2_B3_branch.sv" />
			<FILE name="kernel_hdl/k0_ZTS6MMstv2/k0_ZTS6MMstv2_ZTS6MMstv2_B3_merge.sv" />
			<FILE name="kernel_hdl/k0_ZTS6MMstv2/k0_ZTS6MMstv2_bb_ZTS6MMstv2_B3_stall_region.sv" />
			<FILE name="kernel_hdl/k0_ZTS6MMstv2/k0_ZTS6MMstv2_i_llvm_fpga_push_token_i1_0000_push_k0_zts6mmstv20.sv" />
			<FILE name="kernel_hdl/k0_ZTS6MMstv2/k0_ZTS6MMstv2_i_llvm_fpga_push_token_i1_0000h_k0_zts6mmstv20_reg.sv" />
			<FILE name="kernel_hdl/k0_ZTS6MMstv2/k0_ZTS6MMstv2_bb_ZTS6MMstv2_B4.sv" />
			<FILE name="kernel_hdl/k0_ZTS6MMstv2/k0_ZTS6MMstv2_ZTS6MMstv2_B4_branch.sv" />
			<FILE name="kernel_hdl/k0_ZTS6MMstv2/k0_ZTS6MMstv2_ZTS6MMstv2_B4_merge.sv" />
			<FILE name="kernel_hdl/k0_ZTS6MMstv2/k0_ZTS6MMstv2_bb_ZTS6MMstv2_B4_stall_region.sv" />
			<FILE name="kernel_hdl/k0_ZTS6MMstv2/k0_ZTS6MMstv2_i_llvm_fpga_mem_memdep_37_k0_zts6mmstv20.sv" />
			<FILE name="kernel_hdl/k0_ZTS6MMstv2/k0_ZTS6MMstv2_i_llvm_fpga_mem_memdep_39_k0_zts6mmstv20.sv" />
			<FILE name="kernel_hdl/k0_ZTS6MMstv2/k0_ZTS6MMstv2_i_llvm_fpga_mem_memdep_42_k0_zts6mmstv20.sv" />
			<FILE name="kernel_hdl/k0_ZTS6MMstv2/k0_ZTS6MMstv2_i_llvm_fpga_mem_memdep_k0_zts6mmstv20.sv" />
			<FILE name="kernel_hdl/k0_ZTS6MMstv2/k0_ZTS6MMstv2_i_llvm_fpga_mem_unnamed_k00000tv273_k0_zts6mmstv20.sv" />
			<FILE name="kernel_hdl/k0_ZTS6MMstv2/k0_ZTS6MMstv2_readdata_reg_unnamed_73_k0_ZTS6MMstv215.sv" />
			<FILE name="kernel_hdl/k0_ZTS6MMstv2/k0_ZTS6MMstv2_i_llvm_fpga_pop_i1_memdep_0000_pop8_k0_zts6mmstv20.sv" />
			<FILE name="kernel_hdl/k0_ZTS6MMstv2/k0_ZTS6MMstv2_i_llvm_fpga_pop_i1_memdep_00008_k0_zts6mmstv22_reg.sv" />
			<FILE name="kernel_hdl/k0_ZTS6MMstv2/k0_ZTS6MMstv2_i_llvm_fpga_pop_i1_memdep_0000_pop9_k0_zts6mmstv20.sv" />
			<FILE name="kernel_hdl/k0_ZTS6MMstv2/k0_ZTS6MMstv2_i_llvm_fpga_pop_i1_memdep_00009_k0_zts6mmstv23_reg.sv" />
			<FILE name="kernel_hdl/k0_ZTS6MMstv2/k0_ZTS6MMstv2_i_llvm_fpga_pop_i1_memdep_0000pop10_k0_zts6mmstv20.sv" />
			<FILE name="kernel_hdl/k0_ZTS6MMstv2/k0_ZTS6MMstv2_i_llvm_fpga_pop_i1_memdep_00000_k0_zts6mmstv24_reg.sv" />
			<FILE name="kernel_hdl/k0_ZTS6MMstv2/k0_ZTS6MMstv2_i_llvm_fpga_pop_i1_memdep_phi_pop7_k0_zts6mmstv20.sv" />
			<FILE name="kernel_hdl/k0_ZTS6MMstv2/k0_ZTS6MMstv2_i_llvm_fpga_pop_i1_memdep_00007_k0_zts6mmstv25_reg.sv" />
			<FILE name="kernel_hdl/k0_ZTS6MMstv2/k0_ZTS6MMstv2_i_llvm_fpga_push_i1_memdep0000push8_k0_zts6mmstv20.sv" />
			<FILE name="kernel_hdl/k0_ZTS6MMstv2/k0_ZTS6MMstv2_i_llvm_fpga_push_i1_memdep0000_k0_zts6mmstv240_reg.sv" />
			<FILE name="kernel_hdl/k0_ZTS6MMstv2/k0_ZTS6MMstv2_i_llvm_fpga_push_i1_memdep0000push9_k0_zts6mmstv20.sv" />
			<FILE name="kernel_hdl/k0_ZTS6MMstv2/k0_ZTS6MMstv2_i_llvm_fpga_push_i1_memdep0000_k0_zts6mmstv244_reg.sv" />
			<FILE name="kernel_hdl/k0_ZTS6MMstv2/k0_ZTS6MMstv2_i_llvm_fpga_push_i1_memdep0000ush10_k0_zts6mmstv20.sv" />
			<FILE name="kernel_hdl/k0_ZTS6MMstv2/k0_ZTS6MMstv2_i_llvm_fpga_push_i1_memdep0000_k0_zts6mmstv247_reg.sv" />
			<FILE name="kernel_hdl/k0_ZTS6MMstv2/k0_ZTS6MMstv2_i_llvm_fpga_push_i1_memdep0000push7_k0_zts6mmstv20.sv" />
			<FILE name="kernel_hdl/k0_ZTS6MMstv2/k0_ZTS6MMstv2_i_llvm_fpga_push_i1_memdep0000_k0_zts6mmstv231_reg.sv" />
			<FILE name="kernel_hdl/k0_ZTS6MMstv2/k0_ZTS6MMstv2_i_llvm_fpga_sync_buffer_p10000fer29_k0_zts6mmstv20.sv" />
			<FILE name="kernel_hdl/k0_ZTS6MMstv2/k0_ZTS6MMstv2_i_llvm_fpga_sync_buffer_p10000fer25_k0_zts6mmstv20.sv" />
			<FILE name="kernel_hdl/k0_ZTS6MMstv2/k0_ZTS6MMstv2_i_sfc_s_c0_in_znk2cl4sycl60000r172_k0_zts6mmstv210.sv" />
			<FILE name="kernel_hdl/k0_ZTS6MMstv2/k0_ZTS6MMstv2_i_llvm_fpga_sfc_exit_s_c0_0000it176_k0_zts6mmstv20.sv" />
			<FILE name="kernel_hdl/k0_ZTS6MMstv2/k0_ZTS6MMstv2_i_llvm_fpga_sfc_exit_s_c0_0002mstv21_full_detector.sv" />
			<FILE name="kernel_hdl/k0_ZTS6MMstv2/k0_ZTS6MMstv2_i_llvm_fpga_sfc_exit_s_c0_0002ts6mmstv21_data_fifo.sv" />
			<FILE name="kernel_hdl/k0_ZTS6MMstv2/k0_ZTS6MMstv2_i_sfc_logic_s_c0_in_znk2cl0000er172_k0_zts6mmstv20.sv" />
			<FILE name="kernel_hdl/k0_ZTS6MMstv2/k0_ZTS6MMstv2_flt_i_sfc_logic_s_c0_in_zn0000p00j0ucqp00j0ocqp0zd.sv" />
			<FILE name="kernel_hdl/k0_ZTS6MMstv2/k0_ZTS6MMstv2_i_sfc_s_c1_in_znk2cl4sycl60000r180_k0_zts6mmstv214.sv" />
			<FILE name="kernel_hdl/k0_ZTS6MMstv2/k0_ZTS6MMstv2_i_llvm_fpga_sfc_exit_s_c1_0000it184_k0_zts6mmstv20.sv" />
			<FILE name="kernel_hdl/k0_ZTS6MMstv2/k0_ZTS6MMstv2_i_llvm_fpga_sfc_exit_s_c1_0001mstv21_full_detector.sv" />
			<FILE name="kernel_hdl/k0_ZTS6MMstv2/k0_ZTS6MMstv2_i_llvm_fpga_sfc_exit_s_c1_0001ts6mmstv21_data_fifo.sv" />
			<FILE name="kernel_hdl/k0_ZTS6MMstv2/k0_ZTS6MMstv2_i_sfc_logic_s_c1_in_znk2cl0000er180_k0_zts6mmstv20.sv" />
			<FILE name="kernel_hdl/k0_ZTS6MMstv2/k0_ZTS6MMstv2_flt_i_sfc_logic_s_c1_in_zn0000p00j0ucqp00j0ocqp0zd.sv" />
			<FILE name="kernel_hdl/k0_ZTS6MMstv2/k0_ZTS6MMstv2_i_sfc_s_c2_in_znk2cl4sycl60000nter_k0_zts6mmstv218.sv" />
			<FILE name="kernel_hdl/k0_ZTS6MMstv2/k0_ZTS6MMstv2_i_llvm_fpga_sfc_exit_s_c2_0000_exit_k0_zts6mmstv20.sv" />
			<FILE name="kernel_hdl/k0_ZTS6MMstv2/k0_ZTS6MMstv2_i_llvm_fpga_sfc_exit_s_c2_0000mstv21_full_detector.sv" />
			<FILE name="kernel_hdl/k0_ZTS6MMstv2/k0_ZTS6MMstv2_i_llvm_fpga_sfc_exit_s_c2_0000ts6mmstv21_data_fifo.sv" />
			<FILE name="kernel_hdl/k0_ZTS6MMstv2/k0_ZTS6MMstv2_i_sfc_logic_s_c2_in_znk2cl0000enter_k0_zts6mmstv20.sv" />
			<FILE name="kernel_hdl/k0_ZTS6MMstv2/k0_ZTS6MMstv2_flt_i_sfc_logic_s_c2_in_zn0000p00j0ucqp00j0ocqp0zd.sv" />
			<FILE name="kernel_hdl/k0_ZTS6MMstv2/k0_ZTS6MMstv2_i_sfc_s_c3_in_znk2cl4sycl60000nter_k0_zts6mmstv238.sv" />
			<FILE name="kernel_hdl/k0_ZTS6MMstv2/k0_ZTS6MMstv2_i_llvm_fpga_sfc_exit_s_c3_0000_exit_k0_zts6mmstv20.sv" />
			<FILE name="kernel_hdl/k0_ZTS6MMstv2/k0_ZTS6MMstv2_i_llvm_fpga_sfc_exit_s_c3_0000mstv21_full_detector.sv" />
			<FILE name="kernel_hdl/k0_ZTS6MMstv2/k0_ZTS6MMstv2_i_llvm_fpga_sfc_exit_s_c3_0000ts6mmstv21_data_fifo.sv" />
			<FILE name="kernel_hdl/k0_ZTS6MMstv2/k0_ZTS6MMstv2_i_sfc_logic_s_c3_in_znk2cl0000enter_k0_zts6mmstv20.sv" />
			<FILE name="kernel_hdl/k0_ZTS6MMstv2/k0_ZTS6MMstv2_flt_i_sfc_logic_s_c3_in_zn0000p00j0ucqp00j0ocqp0zd.sv" />
			<FILE name="kernel_hdl/k0_ZTS6MMstv2/k0_ZTS6MMstv2_i_llvm_fpga_pipeline_keep_000045_k0_zts6mmstv22_sr.sv" />
			<FILE name="kernel_hdl/k0_ZTS6MMstv2/k0_ZTS6MMstv2_i_llvm_fpga_pipeline_keep_0000s6mmstv22_valid_fifo.sv" />
			<FILE name="kernel_hdl/k0_ZTS6MMstv2/k0_ZTS6MMstv2_i_llvm_fpga_pipeline_keep_going_k0_zts6mmstv210_sr.sv" />
			<FILE name="kernel_hdl/k0_ZTS6MMstv2/k0_ZTS6MMstv2_i_llvm_fpga_pipeline_keep_00006mmstv210_valid_fifo.sv" />
			<FILE name="kernel_hdl/k0_ZTS6MMstv2/k0_ZTS6MMstv2_loop_limiter_0.sv" />
			<FILE name="kernel_hdl/k0_ZTS6MMstv2/k0_ZTS6MMstv2_bb_ZTS6MMstv2_B0.sv" />
			<FILE name="kernel_hdl/k0_ZTS6MMstv2/k0_ZTS6MMstv2_ZTS6MMstv2_B0_branch.sv" />
			<FILE name="kernel_hdl/k0_ZTS6MMstv2/k0_ZTS6MMstv2_ZTS6MMstv2_B0_merge.sv" />
			<FILE name="kernel_hdl/k0_ZTS6MMstv2/k0_ZTS6MMstv2_bb_ZTS6MMstv2_B0_stall_region.sv" />
			<FILE name="kernel_hdl/k0_ZTS6MMstv2/k0_ZTS6MMstv2_ZTS6MMstv2_B0_merge_reg.sv" />
			<FILE name="kernel_hdl/k0_ZTS6MMstv2/k0_ZTS6MMstv2_i_llvm_fpga_pop_throttle_i0000e_pop_k0_zts6mmstv20.sv" />
			<FILE name="kernel_hdl/k0_ZTS6MMstv2/k0_ZTS6MMstv2_i_llvm_fpga_pop_throttle_i0000p_k0_zts6mmstv20_reg.sv" />
			<FILE name="kernel_hdl/k0_ZTS6MMstv2/k0_ZTS6MMstv2_i_llvm_fpga_ffwd_source_s_0000stv20_k0_zts6mmstv20.sv" />
			<FILE name="kernel_hdl/k0_ZTS6MMstv2/k0_ZTS6MMstv2_i_llvm_fpga_ffwd_source_s_0000tv210_k0_zts6mmstv20.sv" />
			<FILE name="kernel_hdl/k0_ZTS6MMstv2/k0_ZTS6MMstv2_i_llvm_fpga_ffwd_source_s_0000tv211_k0_zts6mmstv20.sv" />
			<FILE name="kernel_hdl/k0_ZTS6MMstv2/k0_ZTS6MMstv2_i_llvm_fpga_ffwd_source_s_0000stv21_k0_zts6mmstv20.sv" />
			<FILE name="kernel_hdl/k0_ZTS6MMstv2/k0_ZTS6MMstv2_i_llvm_fpga_ffwd_source_s_0000stv22_k0_zts6mmstv20.sv" />
			<FILE name="kernel_hdl/k0_ZTS6MMstv2/k0_ZTS6MMstv2_i_llvm_fpga_ffwd_source_s_0000stv23_k0_zts6mmstv20.sv" />
			<FILE name="kernel_hdl/k0_ZTS6MMstv2/k0_ZTS6MMstv2_i_llvm_fpga_ffwd_source_s_0000stv24_k0_zts6mmstv20.sv" />
			<FILE name="kernel_hdl/k0_ZTS6MMstv2/k0_ZTS6MMstv2_i_llvm_fpga_ffwd_source_s_0000stv25_k0_zts6mmstv20.sv" />
			<FILE name="kernel_hdl/k0_ZTS6MMstv2/k0_ZTS6MMstv2_i_llvm_fpga_ffwd_source_s_0000stv26_k0_zts6mmstv20.sv" />
			<FILE name="kernel_hdl/k0_ZTS6MMstv2/k0_ZTS6MMstv2_i_llvm_fpga_ffwd_source_s_0000stv27_k0_zts6mmstv20.sv" />
			<FILE name="kernel_hdl/k0_ZTS6MMstv2/k0_ZTS6MMstv2_i_llvm_fpga_ffwd_source_s_0000stv28_k0_zts6mmstv20.sv" />
			<FILE name="kernel_hdl/k0_ZTS6MMstv2/k0_ZTS6MMstv2_i_llvm_fpga_ffwd_source_s_0000stv29_k0_zts6mmstv20.sv" />
			<FILE name="kernel_hdl/k0_ZTS6MMstv2/k0_ZTS6MMstv2_i_llvm_fpga_sync_buffer_s_0000uffer_k0_zts6mmstv20.sv" />
			<FILE name="kernel_hdl/k0_ZTS6MMstv2/k0_ZTS6MMstv2_i_llvm_fpga_sync_buffer_s_0000fer26_k0_zts6mmstv20.sv" />
			<FILE name="kernel_hdl/k0_ZTS6MMstv2/k0_ZTS6MMstv2_i_llvm_fpga_sync_buffer_s_0001uffer_k0_zts6mmstv20.sv" />
			<FILE name="kernel_hdl/k0_ZTS6MMstv2/k0_ZTS6MMstv2_i_llvm_fpga_sync_buffer_s_0002uffer_k0_zts6mmstv20.sv" />
			<FILE name="kernel_hdl/k0_ZTS6MMstv2/k0_ZTS6MMstv2_i_llvm_fpga_sync_buffer_s_0000fer30_k0_zts6mmstv20.sv" />
			<FILE name="kernel_hdl/k0_ZTS6MMstv2/k0_ZTS6MMstv2_i_llvm_fpga_sync_buffer_s_0003uffer_k0_zts6mmstv20.sv" />
			<FILE name="kernel_hdl/k0_ZTS6MMstv2/k0_ZTS6MMstv2_i_llvm_fpga_sync_buffer_s_0004uffer_k0_zts6mmstv20.sv" />
			<FILE name="kernel_hdl/k0_ZTS6MMstv2/k0_ZTS6MMstv2_i_llvm_fpga_sync_buffer_s_0000fer14_k0_zts6mmstv20.sv" />
			<FILE name="kernel_hdl/k0_ZTS6MMstv2/k0_ZTS6MMstv2_i_llvm_fpga_sync_buffer_s_0005uffer_k0_zts6mmstv20.sv" />
			<FILE name="kernel_hdl/k0_ZTS6MMstv2/k0_ZTS6MMstv2_i_llvm_fpga_sync_buffer_s_0006uffer_k0_zts6mmstv20.sv" />
			<FILE name="kernel_hdl/k0_ZTS6MMstv2/k0_ZTS6MMstv2_i_llvm_fpga_sync_buffer_s_0000fer22_k0_zts6mmstv20.sv" />
			<FILE name="kernel_hdl/k0_ZTS6MMstv2/k0_ZTS6MMstv2_i_llvm_fpga_sync_buffer_s_0007uffer_k0_zts6mmstv20.sv" />
			<FILE name="kernel_hdl/k0_ZTS6MMstv2/k0_ZTS6MMstv2_bb_ZTS6MMstv2_B1.sv" />
			<FILE name="kernel_hdl/k0_ZTS6MMstv2/k0_ZTS6MMstv2_ZTS6MMstv2_B1_branch.sv" />
			<FILE name="kernel_hdl/k0_ZTS6MMstv2/k0_ZTS6MMstv2_ZTS6MMstv2_B1_merge.sv" />
			<FILE name="kernel_hdl/k0_ZTS6MMstv2/k0_ZTS6MMstv2_bb_ZTS6MMstv2_B1_stall_region.sv" />
			<FILE name="kernel_hdl/k0_ZTS6MMstv2/k0_ZTS6MMstv2_i_llvm_fpga_mem_unnamed_k00000tv212_k0_zts6mmstv20.sv" />
			<FILE name="kernel_hdl/k0_ZTS6MMstv2/k0_ZTS6MMstv2_readdata_reg_unnamed_12_k0_ZTS6MMstv20.sv" />
			<FILE name="kernel_hdl/k0_ZTS6MMstv2/k0_ZTS6MMstv2_i_llvm_fpga_mem_unnamed_k00000tv213_k0_zts6mmstv20.sv" />
			<FILE name="kernel_hdl/k0_ZTS6MMstv2/k0_ZTS6MMstv2_readdata_reg_unnamed_13_k0_ZTS6MMstv21.sv" />
			<FILE name="kernel_hdl/k0_ZTS6MMstv2/k0_ZTS6MMstv2_i_llvm_fpga_mem_unnamed_k00000tv214_k0_zts6mmstv20.sv" />
			<FILE name="kernel_hdl/k0_ZTS6MMstv2/k0_ZTS6MMstv2_readdata_reg_unnamed_14_k0_ZTS6MMstv22.sv" />
			<FILE name="kernel_hdl/k0_ZTS6MMstv2/k0_ZTS6MMstv2_ZTS6MMstv2_B1_merge_reg.sv" />
			<FILE name="kernel_hdl/k0_ZTS6MMstv2/k0_ZTS6MMstv2_i_sfc_s_c0_in_zts6mmstv2s_0000ter22_k0_zts6mmstv21.sv" />
			<FILE name="kernel_hdl/k0_ZTS6MMstv2/k0_ZTS6MMstv2_i_llvm_fpga_sfc_exit_s_c0_0000_exit_k0_zts6mmstv20.sv" />
			<FILE name="kernel_hdl/k0_ZTS6MMstv2/k0_ZTS6MMstv2_i_llvm_fpga_sfc_exit_s_c0_0000mstv21_full_detector.sv" />
			<FILE name="kernel_hdl/k0_ZTS6MMstv2/k0_ZTS6MMstv2_i_llvm_fpga_sfc_exit_s_c0_0000ts6mmstv21_data_fifo.sv" />
			<FILE name="kernel_hdl/k0_ZTS6MMstv2/k0_ZTS6MMstv2_i_sfc_logic_s_c0_in_zts6mm0000ter22_k0_zts6mmstv20.sv" />
			<FILE name="kernel_hdl/k0_ZTS6MMstv2/k0_ZTS6MMstv2_i_llvm_fpga_pipeline_keep_going45_k0_zts6mmstv20.sv" />
			<FILE name="kernel_hdl/k0_ZTS6MMstv2/k0_ZTS6MMstv2_i_llvm_fpga_pop_i21_fpga_i0000_pop5_k0_zts6mmstv20.sv" />
			<FILE name="kernel_hdl/k0_ZTS6MMstv2/k0_ZTS6MMstv2_i_llvm_fpga_pop_i64_acl_080000_pop6_k0_zts6mmstv20.sv" />
			<FILE name="kernel_hdl/k0_ZTS6MMstv2/k0_ZTS6MMstv2_i_llvm_fpga_push_i1_notexitcond46_k0_zts6mmstv20.sv" />
			<FILE name="kernel_hdl/k0_ZTS6MMstv2/k0_ZTS6MMstv2_i_llvm_fpga_push_i21_fpga_0000push5_k0_zts6mmstv20.sv" />
			<FILE name="kernel_hdl/k0_ZTS6MMstv2/k0_ZTS6MMstv2_i_llvm_fpga_push_i64_acl_00000push6_k0_zts6mmstv20.sv" />
			<FILE name="kernel_hdl/k0_ZTS6MMstv2/k0_ZTS6MMstv2_i_llvm_fpga_sync_buffer_i60000fer10_k0_zts6mmstv20.sv" />
			<FILE name="kernel_hdl/k0_ZTS6MMstv2/k0_ZTS6MMstv2_i_llvm_fpga_sync_buffer_i60000ffer4_k0_zts6mmstv20.sv" />
			<FILE name="kernel_hdl/k0_ZTS6MMstv2/k0_ZTS6MMstv2_i_llvm_fpga_sync_buffer_i60000ffer5_k0_zts6mmstv20.sv" />
			<FILE name="kernel_hdl/k0_ZTS6MMstv2/k0_ZTS6MMstv2_i_llvm_fpga_sync_buffer_i60000ffer6_k0_zts6mmstv20.sv" />
			<FILE name="kernel_hdl/k0_ZTS6MMstv2/k0_ZTS6MMstv2_i_llvm_fpga_sync_buffer_i60000ffer7_k0_zts6mmstv20.sv" />
			<FILE name="kernel_hdl/k0_ZTS6MMstv2/k0_ZTS6MMstv2_i_llvm_fpga_sync_buffer_i60000ffer8_k0_zts6mmstv20.sv" />
			<FILE name="kernel_hdl/k0_ZTS6MMstv2/k0_ZTS6MMstv2_i_llvm_fpga_sync_buffer_i60000ffer9_k0_zts6mmstv20.sv" />
			<FILE name="kernel_hdl/k0_ZTS6MMstv2/k0_ZTS6MMstv2_i_llvm_fpga_sync_buffer_i60000uffer_k0_zts6mmstv20.sv" />
			<FILE name="kernel_hdl/k0_ZTS6MMstv2/k0_ZTS6MMstv2_i_llvm_fpga_sync_buffer_p10000fer27_k0_zts6mmstv20.sv" />
			<FILE name="kernel_hdl/k0_ZTS6MMstv2/k0_ZTS6MMstv2_i_llvm_fpga_sync_buffer_p10000fer28_k0_zts6mmstv20.sv" />
			<FILE name="kernel_hdl/k0_ZTS6MMstv2/k0_ZTS6MMstv2_i_llvm_fpga_sync_buffer_p10000uffer_k0_zts6mmstv20.sv" />
			<FILE name="kernel_hdl/k0_ZTS6MMstv2/k0_ZTS6MMstv2_i_llvm_fpga_sync_buffer_p10000fer23_k0_zts6mmstv20.sv" />
			<FILE name="kernel_hdl/k0_ZTS6MMstv2/k0_ZTS6MMstv2_i_llvm_fpga_sync_buffer_p10000fer24_k0_zts6mmstv20.sv" />
			<FILE name="kernel_hdl/k0_ZTS6MMstv2/k0_ZTS6MMstv2_i_llvm_fpga_sync_buffer_p10001uffer_k0_zts6mmstv20.sv" />
			<FILE name="kernel_hdl/k0_ZTS6MMstv2/k0_ZTS6MMstv2_i_llvm_fpga_ffwd_dest_s_cl0000fer37_k0_zts6mmstv20.sv" />
			<FILE name="kernel_hdl/k0_ZTS6MMstv2/k0_ZTS6MMstv2_i_llvm_fpga_ffwd_dest_s_cl0000r2638_k0_zts6mmstv20.sv" />
			<FILE name="kernel_hdl/k0_ZTS6MMstv2/k0_ZTS6MMstv2_i_llvm_fpga_ffwd_dest_s_cl0000fer39_k0_zts6mmstv20.sv" />
			<FILE name="kernel_hdl/k0_ZTS6MMstv2/k0_ZTS6MMstv2_i_llvm_fpga_ffwd_dest_s_cl0000fer40_k0_zts6mmstv20.sv" />
			<FILE name="kernel_hdl/k0_ZTS6MMstv2/k0_ZTS6MMstv2_i_llvm_fpga_ffwd_dest_s_cl0000r3041_k0_zts6mmstv20.sv" />
			<FILE name="kernel_hdl/k0_ZTS6MMstv2/k0_ZTS6MMstv2_i_llvm_fpga_ffwd_dest_s_cl0000fer42_k0_zts6mmstv20.sv" />
			<FILE name="kernel_hdl/k0_ZTS6MMstv2/k0_ZTS6MMstv2_i_llvm_fpga_ffwd_dest_s_cl0000fer31_k0_zts6mmstv20.sv" />
			<FILE name="kernel_hdl/k0_ZTS6MMstv2/k0_ZTS6MMstv2_i_llvm_fpga_ffwd_dest_s_cl0000r1432_k0_zts6mmstv20.sv" />
			<FILE name="kernel_hdl/k0_ZTS6MMstv2/k0_ZTS6MMstv2_i_llvm_fpga_ffwd_dest_s_cl0000fer33_k0_zts6mmstv20.sv" />
			<FILE name="kernel_hdl/k0_ZTS6MMstv2/k0_ZTS6MMstv2_bb_ZTS6MMstv2_B1_sr_1.sv" />
			<FILE name="kernel_hdl/k0_ZTS6MMstv2/k0_ZTS6MMstv2_bb_ZTS6MMstv2_B2.sv" />
			<FILE name="kernel_hdl/k0_ZTS6MMstv2/k0_ZTS6MMstv2_ZTS6MMstv2_B2_branch.sv" />
			<FILE name="kernel_hdl/k0_ZTS6MMstv2/k0_ZTS6MMstv2_ZTS6MMstv2_B2_merge.sv" />
			<FILE name="kernel_hdl/k0_ZTS6MMstv2/k0_ZTS6MMstv2_bb_ZTS6MMstv2_B2_stall_region.sv" />
			<FILE name="kernel_hdl/k0_ZTS6MMstv2/k0_ZTS6MMstv2_i_llvm_fpga_mem_unnamed_k00000tv261_k0_zts6mmstv20.sv" />
			<FILE name="kernel_hdl/k0_ZTS6MMstv2/k0_ZTS6MMstv2_readdata_reg_unnamed_61_k0_ZTS6MMstv24.sv" />
			<FILE name="kernel_hdl/k0_ZTS6MMstv2/k0_ZTS6MMstv2_i_llvm_fpga_mem_unnamed_k00000tv262_k0_zts6mmstv20.sv" />
			<FILE name="kernel_hdl/k0_ZTS6MMstv2/k0_ZTS6MMstv2_readdata_reg_unnamed_62_k0_ZTS6MMstv25.sv" />
			<FILE name="kernel_hdl/k0_ZTS6MMstv2/k0_ZTS6MMstv2_i_llvm_fpga_mem_unnamed_k00000tv263_k0_zts6mmstv20.sv" />
			<FILE name="kernel_hdl/k0_ZTS6MMstv2/k0_ZTS6MMstv2_readdata_reg_unnamed_63_k0_ZTS6MMstv27.sv" />
			<FILE name="kernel_hdl/k0_ZTS6MMstv2/k0_ZTS6MMstv2_i_llvm_fpga_mem_unnamed_k00000tv264_k0_zts6mmstv20.sv" />
			<FILE name="kernel_hdl/k0_ZTS6MMstv2/k0_ZTS6MMstv2_readdata_reg_unnamed_64_k0_ZTS6MMstv28.sv" />
			<FILE name="kernel_hdl/k0_ZTS6MMstv2/k0_ZTS6MMstv2_i_llvm_fpga_mem_unnamed_k00000tv265_k0_zts6mmstv20.sv" />
			<FILE name="kernel_hdl/k0_ZTS6MMstv2/k0_ZTS6MMstv2_readdata_reg_unnamed_65_k0_ZTS6MMstv210.sv" />
			<FILE name="kernel_hdl/k0_ZTS6MMstv2/k0_ZTS6MMstv2_i_llvm_fpga_mem_unnamed_k00000tv266_k0_zts6mmstv20.sv" />
			<FILE name="kernel_hdl/k0_ZTS6MMstv2/k0_ZTS6MMstv2_readdata_reg_unnamed_66_k0_ZTS6MMstv211.sv" />
			<FILE name="kernel_hdl/k0_ZTS6MMstv2/k0_ZTS6MMstv2_i_llvm_fpga_mem_unnamed_k00000tv267_k0_zts6mmstv20.sv" />
			<FILE name="kernel_hdl/k0_ZTS6MMstv2/k0_ZTS6MMstv2_readdata_reg_unnamed_67_k0_ZTS6MMstv213.sv" />
			<FILE name="kernel_hdl/k0_ZTS6MMstv2/k0_ZTS6MMstv2_i_llvm_fpga_mem_unnamed_k00000tv268_k0_zts6mmstv20.sv" />
			<FILE name="kernel_hdl/k0_ZTS6MMstv2/k0_ZTS6MMstv2_readdata_reg_unnamed_68_k0_ZTS6MMstv214.sv" />
			<FILE name="kernel_hdl/k0_ZTS6MMstv2/k0_ZTS6MMstv2_ZTS6MMstv2_B2_merge_reg.sv" />
			<FILE name="kernel_hdl/k0_ZTS6MMstv2/k0_ZTS6MMstv2_i_llvm_fpga_mem_memcoalesc0000que_0_k0_zts6mmstv20.sv" />
			<FILE name="kernel_hdl/k0_ZTS6MMstv2/k0_ZTS6MMstv2_readdata_reg_memcoalesce_l0000Mstv2_fpgaunique_0_3.sv" />
			<FILE name="kernel_hdl/k0_ZTS6MMstv2/k0_ZTS6MMstv2_i_llvm_fpga_mem_memcoalesc0000que_1_k0_zts6mmstv20.sv" />
			<FILE name="kernel_hdl/k0_ZTS6MMstv2/k0_ZTS6MMstv2_readdata_reg_memcoalesce_l0000Mstv2_fpgaunique_1_6.sv" />
			<FILE name="kernel_hdl/k0_ZTS6MMstv2/k0_ZTS6MMstv2_i_llvm_fpga_mem_memcoalesc0000que_2_k0_zts6mmstv20.sv" />
			<FILE name="kernel_hdl/k0_ZTS6MMstv2/k0_ZTS6MMstv2_readdata_reg_memcoalesce_l0000Mstv2_fpgaunique_2_9.sv" />
			<FILE name="kernel_hdl/k0_ZTS6MMstv2/k0_ZTS6MMstv2_i_llvm_fpga_mem_memcoalesc0000que_3_k0_zts6mmstv20.sv" />
			<FILE name="kernel_hdl/k0_ZTS6MMstv2/k0_ZTS6MMstv2_readdata_reg_memcoalesce_l0000stv2_fpgaunique_3_12.sv" />
			<FILE name="kernel_hdl/k0_ZTS6MMstv2/k0_ZTS6MMstv2_i_sfc_s_c0_in_znk2cl4sycl6000011323_k0_zts6mmstv21.sv" />
			<FILE name="kernel_hdl/k0_ZTS6MMstv2/k0_ZTS6MMstv2_i_llvm_fpga_sfc_exit_s_c0_0000it142_k0_zts6mmstv20.sv" />
			<FILE name="kernel_hdl/k0_ZTS6MMstv2/k0_ZTS6MMstv2_i_llvm_fpga_sfc_exit_s_c0_0001mstv21_full_detector.sv" />
			<FILE name="kernel_hdl/k0_ZTS6MMstv2/k0_ZTS6MMstv2_i_llvm_fpga_sfc_exit_s_c0_0001ts6mmstv21_data_fifo.sv" />
			<FILE name="kernel_hdl/k0_ZTS6MMstv2/k0_ZTS6MMstv2_i_sfc_logic_s_c0_in_znk2cl000011323_k0_zts6mmstv20.sv" />
			<FILE name="kernel_hdl/k0_ZTS6MMstv2/k0_ZTS6MMstv2_i_llvm_fpga_pipeline_keep_going_k0_zts6mmstv20.sv" />
			<FILE name="kernel_hdl/k0_ZTS6MMstv2/k0_ZTS6MMstv2_i_llvm_fpga_pop_f32_pop32_k0_zts6mmstv20.sv" />
			<FILE name="kernel_hdl/k0_ZTS6MMstv2/k0_ZTS6MMstv2_i_llvm_fpga_pop_f32_pop36_k0_zts6mmstv20.sv" />
			<FILE name="kernel_hdl/k0_ZTS6MMstv2/k0_ZTS6MMstv2_i_llvm_fpga_pop_f32_pop40_k0_zts6mmstv20.sv" />
			<FILE name="kernel_hdl/k0_ZTS6MMstv2/k0_ZTS6MMstv2_i_llvm_fpga_pop_i11_fpga_i0000pop11_k0_zts6mmstv20.sv" />
			<FILE name="kernel_hdl/k0_ZTS6MMstv2/k0_ZTS6MMstv2_i_llvm_fpga_pop_i1_exitcon0000pop44_k0_zts6mmstv20.sv" />
			<FILE name="kernel_hdl/k0_ZTS6MMstv2/k0_ZTS6MMstv2_i_llvm_fpga_pop_i1_forked4849_pop19_k0_zts6mmstv20.sv" />
			<FILE name="kernel_hdl/k0_ZTS6MMstv2/k0_ZTS6MMstv2_i_llvm_fpga_pop_i1_notcmp4366_pop45_k0_zts6mmstv20.sv" />
			<FILE name="kernel_hdl/k0_ZTS6MMstv2/k0_ZTS6MMstv2_i_llvm_fpga_pop_i2_cleanups_pop18_k0_zts6mmstv20.sv" />
			<FILE name="kernel_hdl/k0_ZTS6MMstv2/k0_ZTS6MMstv2_i_llvm_fpga_pop_i2_initera0000pop17_k0_zts6mmstv20.sv" />
			<FILE name="kernel_hdl/k0_ZTS6MMstv2/k0_ZTS6MMstv2_i_llvm_fpga_pop_i64_acl_080000pop29_k0_zts6mmstv20.sv" />
			<FILE name="kernel_hdl/k0_ZTS6MMstv2/k0_ZTS6MMstv2_i_llvm_fpga_pop_i64_acl_0_0000pop12_k0_zts6mmstv20.sv" />
			<FILE name="kernel_hdl/k0_ZTS6MMstv2/k0_ZTS6MMstv2_i_llvm_fpga_pop_i64_arg0_s0000pop43_k0_zts6mmstv20.sv" />
			<FILE name="kernel_hdl/k0_ZTS6MMstv2/k0_ZTS6MMstv2_i_llvm_fpga_pop_i64_arg0_s0000pop42_k0_zts6mmstv20.sv" />
			<FILE name="kernel_hdl/k0_ZTS6MMstv2/k0_ZTS6MMstv2_i_llvm_fpga_pop_i64_arg3_f0000pop28_k0_zts6mmstv20.sv" />
			<FILE name="kernel_hdl/k0_ZTS6MMstv2/k0_ZTS6MMstv2_i_llvm_fpga_pop_i64_arg3_f0000pop22_k0_zts6mmstv20.sv" />
			<FILE name="kernel_hdl/k0_ZTS6MMstv2/k0_ZTS6MMstv2_i_llvm_fpga_pop_i64_arg3_f0000pop25_k0_zts6mmstv20.sv" />
			<FILE name="kernel_hdl/k0_ZTS6MMstv2/k0_ZTS6MMstv2_i_llvm_fpga_pop_i64_arg4_f0000pop27_k0_zts6mmstv20.sv" />
			<FILE name="kernel_hdl/k0_ZTS6MMstv2/k0_ZTS6MMstv2_i_llvm_fpga_pop_i64_arg4_f0000pop21_k0_zts6mmstv20.sv" />
			<FILE name="kernel_hdl/k0_ZTS6MMstv2/k0_ZTS6MMstv2_i_llvm_fpga_pop_i64_arg4_f0000pop24_k0_zts6mmstv20.sv" />
			<FILE name="kernel_hdl/k0_ZTS6MMstv2/k0_ZTS6MMstv2_i_llvm_fpga_pop_i64_arg4_f0000pop26_k0_zts6mmstv20.sv" />
			<FILE name="kernel_hdl/k0_ZTS6MMstv2/k0_ZTS6MMstv2_i_llvm_fpga_pop_i64_arg4_f0000pop20_k0_zts6mmstv20.sv" />
			<FILE name="kernel_hdl/k0_ZTS6MMstv2/k0_ZTS6MMstv2_i_llvm_fpga_pop_i64_arg4_f0000pop23_k0_zts6mmstv20.sv" />
			<FILE name="kernel_hdl/k0_ZTS6MMstv2/k0_ZTS6MMstv2_i_llvm_fpga_pop_i64_decomp0000pop30_k0_zts6mmstv20.sv" />
			<FILE name="kernel_hdl/k0_ZTS6MMstv2/k0_ZTS6MMstv2_i_llvm_fpga_pop_i64_decomp0000pop34_k0_zts6mmstv20.sv" />
			<FILE name="kernel_hdl/k0_ZTS6MMstv2/k0_ZTS6MMstv2_i_llvm_fpga_pop_i64_decomp0000pop38_k0_zts6mmstv20.sv" />
			<FILE name="kernel_hdl/k0_ZTS6MMstv2/k0_ZTS6MMstv2_i_llvm_fpga_pop_i64_pop31_k0_zts6mmstv20.sv" />
			<FILE name="kernel_hdl/k0_ZTS6MMstv2/k0_ZTS6MMstv2_i_llvm_fpga_pop_i64_pop35_k0_zts6mmstv20.sv" />
			<FILE name="kernel_hdl/k0_ZTS6MMstv2/k0_ZTS6MMstv2_i_llvm_fpga_pop_i64_pop39_k0_zts6mmstv20.sv" />
			<FILE name="kernel_hdl/k0_ZTS6MMstv2/k0_ZTS6MMstv2_i_llvm_fpga_pop_p1024f32_pop33_k0_zts6mmstv20.sv" />
			<FILE name="kernel_hdl/k0_ZTS6MMstv2/k0_ZTS6MMstv2_i_llvm_fpga_pop_p1024f32_pop37_k0_zts6mmstv20.sv" />
			<FILE name="kernel_hdl/k0_ZTS6MMstv2/k0_ZTS6MMstv2_i_llvm_fpga_pop_p1024f32_pop41_k0_zts6mmstv20.sv" />
			<FILE name="kernel_hdl/k0_ZTS6MMstv2/k0_ZTS6MMstv2_i_llvm_fpga_push_f32_push32_k0_zts6mmstv20.sv" />
			<FILE name="kernel_hdl/k0_ZTS6MMstv2/k0_ZTS6MMstv2_i_llvm_fpga_push_f32_push36_k0_zts6mmstv20.sv" />
			<FILE name="kernel_hdl/k0_ZTS6MMstv2/k0_ZTS6MMstv2_i_llvm_fpga_push_f32_push40_k0_zts6mmstv20.sv" />
			<FILE name="kernel_hdl/k0_ZTS6MMstv2/k0_ZTS6MMstv2_i_llvm_fpga_push_i11_fpga_0000ush11_k0_zts6mmstv20.sv" />
			<FILE name="kernel_hdl/k0_ZTS6MMstv2/k0_ZTS6MMstv2_i_llvm_fpga_push_i1_exitco0000ush44_k0_zts6mmstv20.sv" />
			<FILE name="kernel_hdl/k0_ZTS6MMstv2/k0_ZTS6MMstv2_i_llvm_fpga_push_i1_forked0000ush19_k0_zts6mmstv20.sv" />
			<FILE name="kernel_hdl/k0_ZTS6MMstv2/k0_ZTS6MMstv2_i_llvm_fpga_push_i1_lastiniteration_k0_zts6mmstv20.sv" />
			<FILE name="kernel_hdl/k0_ZTS6MMstv2/k0_ZTS6MMstv2_i_llvm_fpga_push_i1_notcmp0000ush45_k0_zts6mmstv20.sv" />
			<FILE name="kernel_hdl/k0_ZTS6MMstv2/k0_ZTS6MMstv2_i_llvm_fpga_push_i1_notexitcond_k0_zts6mmstv20.sv" />
			<FILE name="kernel_hdl/k0_ZTS6MMstv2/k0_ZTS6MMstv2_i_llvm_fpga_push_i2_cleanups_push18_k0_zts6mmstv20.sv" />
			<FILE name="kernel_hdl/k0_ZTS6MMstv2/k0_ZTS6MMstv2_i_llvm_fpga_push_i2_initer0000ush17_k0_zts6mmstv20.sv" />
			<FILE name="kernel_hdl/k0_ZTS6MMstv2/k0_ZTS6MMstv2_i_llvm_fpga_push_i64_acl_00000ush29_k0_zts6mmstv20.sv" />
			<FILE name="kernel_hdl/k0_ZTS6MMstv2/k0_ZTS6MMstv2_i_llvm_fpga_push_i64_acl_00000ush12_k0_zts6mmstv20.sv" />
			<FILE name="kernel_hdl/k0_ZTS6MMstv2/k0_ZTS6MMstv2_i_llvm_fpga_push_i64_arg0_0000ush43_k0_zts6mmstv20.sv" />
			<FILE name="kernel_hdl/k0_ZTS6MMstv2/k0_ZTS6MMstv2_i_llvm_fpga_push_i64_arg0_0000ush42_k0_zts6mmstv20.sv" />
			<FILE name="kernel_hdl/k0_ZTS6MMstv2/k0_ZTS6MMstv2_i_llvm_fpga_push_i64_arg3_0000ush28_k0_zts6mmstv20.sv" />
			<FILE name="kernel_hdl/k0_ZTS6MMstv2/k0_ZTS6MMstv2_i_llvm_fpga_push_i64_arg3_0000ush22_k0_zts6mmstv20.sv" />
			<FILE name="kernel_hdl/k0_ZTS6MMstv2/k0_ZTS6MMstv2_i_llvm_fpga_push_i64_arg3_0000ush25_k0_zts6mmstv20.sv" />
			<FILE name="kernel_hdl/k0_ZTS6MMstv2/k0_ZTS6MMstv2_i_llvm_fpga_push_i64_arg4_0000ush27_k0_zts6mmstv20.sv" />
			<FILE name="kernel_hdl/k0_ZTS6MMstv2/k0_ZTS6MMstv2_i_llvm_fpga_push_i64_arg4_0000ush21_k0_zts6mmstv20.sv" />
			<FILE name="kernel_hdl/k0_ZTS6MMstv2/k0_ZTS6MMstv2_i_llvm_fpga_push_i64_arg4_0000ush24_k0_zts6mmstv20.sv" />
			<FILE name="kernel_hdl/k0_ZTS6MMstv2/k0_ZTS6MMstv2_i_llvm_fpga_push_i64_arg4_0000ush26_k0_zts6mmstv20.sv" />
			<FILE name="kernel_hdl/k0_ZTS6MMstv2/k0_ZTS6MMstv2_i_llvm_fpga_push_i64_arg4_0000ush20_k0_zts6mmstv20.sv" />
			<FILE name="kernel_hdl/k0_ZTS6MMstv2/k0_ZTS6MMstv2_i_llvm_fpga_push_i64_arg4_0000ush23_k0_zts6mmstv20.sv" />
			<FILE name="kernel_hdl/k0_ZTS6MMstv2/k0_ZTS6MMstv2_i_llvm_fpga_push_i64_decom0000ush30_k0_zts6mmstv20.sv" />
			<FILE name="kernel_hdl/k0_ZTS6MMstv2/k0_ZTS6MMstv2_i_llvm_fpga_push_i64_decom0000ush34_k0_zts6mmstv20.sv" />
			<FILE name="kernel_hdl/k0_ZTS6MMstv2/k0_ZTS6MMstv2_i_llvm_fpga_push_i64_decom0000ush38_k0_zts6mmstv20.sv" />
			<FILE name="kernel_hdl/k0_ZTS6MMstv2/k0_ZTS6MMstv2_i_llvm_fpga_push_i64_push31_k0_zts6mmstv20.sv" />
			<FILE name="kernel_hdl/k0_ZTS6MMstv2/k0_ZTS6MMstv2_i_llvm_fpga_push_i64_push35_k0_zts6mmstv20.sv" />
			<FILE name="kernel_hdl/k0_ZTS6MMstv2/k0_ZTS6MMstv2_i_llvm_fpga_push_i64_push39_k0_zts6mmstv20.sv" />
			<FILE name="kernel_hdl/k0_ZTS6MMstv2/k0_ZTS6MMstv2_i_llvm_fpga_push_p1024f32_push33_k0_zts6mmstv20.sv" />
			<FILE name="kernel_hdl/k0_ZTS6MMstv2/k0_ZTS6MMstv2_i_llvm_fpga_push_p1024f32_push37_k0_zts6mmstv20.sv" />
			<FILE name="kernel_hdl/k0_ZTS6MMstv2/k0_ZTS6MMstv2_i_llvm_fpga_push_p1024f32_push41_k0_zts6mmstv20.sv" />
			<FILE name="kernel_hdl/k0_ZTS6MMstv2/k0_ZTS6MMstv2_i_llvm_fpga_sync_buffer_p10000fer11_k0_zts6mmstv20.sv" />
			<FILE name="kernel_hdl/k0_ZTS6MMstv2/k0_ZTS6MMstv2_i_llvm_fpga_sync_buffer_p10000fer12_k0_zts6mmstv20.sv" />
			<FILE name="kernel_hdl/k0_ZTS6MMstv2/k0_ZTS6MMstv2_i_llvm_fpga_sync_buffer_p10000fer13_k0_zts6mmstv20.sv" />
			<FILE name="kernel_hdl/k0_ZTS6MMstv2/k0_ZTS6MMstv2_i_llvm_fpga_sync_buffer_p10002uffer_k0_zts6mmstv20.sv" />
			<FILE name="kernel_hdl/k0_ZTS6MMstv2/k0_ZTS6MMstv2_i_llvm_fpga_sync_buffer_p10000fer15_k0_zts6mmstv20.sv" />
			<FILE name="kernel_hdl/k0_ZTS6MMstv2/k0_ZTS6MMstv2_i_llvm_fpga_sync_buffer_p10000fer16_k0_zts6mmstv20.sv" />
			<FILE name="kernel_hdl/k0_ZTS6MMstv2/k0_ZTS6MMstv2_i_llvm_fpga_sync_buffer_p10000fer17_k0_zts6mmstv20.sv" />
			<FILE name="kernel_hdl/k0_ZTS6MMstv2/k0_ZTS6MMstv2_i_llvm_fpga_sync_buffer_p10000fer18_k0_zts6mmstv20.sv" />
			<FILE name="kernel_hdl/k0_ZTS6MMstv2/k0_ZTS6MMstv2_i_llvm_fpga_sync_buffer_p10000fer19_k0_zts6mmstv20.sv" />
			<FILE name="kernel_hdl/k0_ZTS6MMstv2/k0_ZTS6MMstv2_i_llvm_fpga_sync_buffer_p10000fer20_k0_zts6mmstv20.sv" />
			<FILE name="kernel_hdl/k0_ZTS6MMstv2/k0_ZTS6MMstv2_i_llvm_fpga_sync_buffer_p10000fer21_k0_zts6mmstv20.sv" />
			<FILE name="kernel_hdl/k0_ZTS6MMstv2/k0_ZTS6MMstv2_i_llvm_fpga_sync_buffer_p10003uffer_k0_zts6mmstv20.sv" />
			<FILE name="kernel_hdl/k0_ZTS6MMstv2/k0_ZTS6MMstv2_i_llvm_fpga_ffwd_dest_s_cl0000fer34_k0_zts6mmstv20.sv" />
			<FILE name="kernel_hdl/k0_ZTS6MMstv2/k0_ZTS6MMstv2_i_llvm_fpga_ffwd_dest_s_cl0000r2235_k0_zts6mmstv20.sv" />
			<FILE name="kernel_hdl/k0_ZTS6MMstv2/k0_ZTS6MMstv2_i_llvm_fpga_ffwd_dest_s_cl0000fer36_k0_zts6mmstv20.sv" />
			<FILE name="kernel_hdl/k0_ZTS6MMstv2/k0_ZTS6MMstv2_i_sfc_s_c1_in_znk2cl4sycl60000nter_k0_zts6mmstv218.sv" />
			<FILE name="kernel_hdl/k0_ZTS6MMstv2/k0_ZTS6MMstv2_i_llvm_fpga_sfc_exit_s_c1_0000_exit_k0_zts6mmstv20.sv" />
			<FILE name="kernel_hdl/k0_ZTS6MMstv2/k0_ZTS6MMstv2_i_llvm_fpga_sfc_exit_s_c1_0000mstv21_full_detector.sv" />
			<FILE name="kernel_hdl/k0_ZTS6MMstv2/k0_ZTS6MMstv2_i_llvm_fpga_sfc_exit_s_c1_0000ts6mmstv21_data_fifo.sv" />
			<FILE name="kernel_hdl/k0_ZTS6MMstv2/k0_ZTS6MMstv2_i_sfc_logic_s_c1_in_znk2cl0000enter_k0_zts6mmstv20.sv" />
			<FILE name="kernel_hdl/k0_ZTS6MMstv2/k0_ZTS6MMstv2_flt_i_sfc_logic_s_c1_in_zn0000yv3kd0d60ocqd35cou0z.sv" />
			<FILE name="kernel_hdl/k0_ZTS6MMstv2/k0_ZTS6MMstv2_i_llvm_fpga_pop_i64_acl_070000pop14_k0_zts6mmstv20.sv" />
			<FILE name="kernel_hdl/k0_ZTS6MMstv2/k0_ZTS6MMstv2_i_llvm_fpga_pop_i64_acl_070000pop15_k0_zts6mmstv20.sv" />
			<FILE name="kernel_hdl/k0_ZTS6MMstv2/k0_ZTS6MMstv2_i_llvm_fpga_pop_i64_acl_070000pop16_k0_zts6mmstv20.sv" />
			<FILE name="kernel_hdl/k0_ZTS6MMstv2/k0_ZTS6MMstv2_i_llvm_fpga_pop_i64_acl_070000pop13_k0_zts6mmstv20.sv" />
			<FILE name="kernel_hdl/k0_ZTS6MMstv2/k0_ZTS6MMstv2_i_llvm_fpga_push_i64_acl_00000ush14_k0_zts6mmstv20.sv" />
			<FILE name="kernel_hdl/k0_ZTS6MMstv2/k0_ZTS6MMstv2_i_llvm_fpga_push_i64_acl_00000ush15_k0_zts6mmstv20.sv" />
			<FILE name="kernel_hdl/k0_ZTS6MMstv2/k0_ZTS6MMstv2_i_llvm_fpga_push_i64_acl_00000ush16_k0_zts6mmstv20.sv" />
			<FILE name="kernel_hdl/k0_ZTS6MMstv2/k0_ZTS6MMstv2_i_llvm_fpga_push_i64_acl_00000ush13_k0_zts6mmstv20.sv" />
			<FILE name="kernel_hdl/k0_ZTS6MMstv2/k0_ZTS6MMstv2_bb_ZTS6MMstv2_B2_sr_1.sv" />
			<FILE name="kernel_hdl/k0_ZTS6MMstv2/k0_ZTS6MMstv2_bb_ZTS6MMstv2_B3_sr_0.sv" />
			<FILE name="kernel_hdl/k0_ZTS6MMstv2/k0_ZTS6MMstv2_bb_ZTS6MMstv2_B4_sr_0.sv" />
			<FILE name="kernel_hdl/k0_ZTS6MMstv2/k0_ZTS6MMstv2_function_cra_agent.sv" />
		</REQUIREMENTS>
		<DATA>
			<INTERFACE port="memcoalesce_load_ZTS6MMstv2_fpgaunique_0_k0_ZTS6MMstv2" cosim_name="" type="host" width="512" true_lsu_width="64" burstwidth="5" pipelined="true" addr_space="__global" aspace_id="0" optype="read" criticality="8191" buffer_location="DDR" group_id="0" connected_to_agent="0" />
			<INTERFACE port="memcoalesce_load_ZTS6MMstv2_fpgaunique_1_k0_ZTS6MMstv2" cosim_name="" type="host" width="512" true_lsu_width="64" burstwidth="5" pipelined="true" addr_space="__global" aspace_id="0" optype="read" criticality="8191" buffer_location="DDR" group_id="0" connected_to_agent="0" />
			<INTERFACE port="memcoalesce_load_ZTS6MMstv2_fpgaunique_2_k0_ZTS6MMstv2" cosim_name="" type="host" width="512" true_lsu_width="64" burstwidth="5" pipelined="true" addr_space="__global" aspace_id="0" optype="read" criticality="8191" buffer_location="DDR" group_id="0" connected_to_agent="0" />
			<INTERFACE port="memcoalesce_load_ZTS6MMstv2_fpgaunique_3_k0_ZTS6MMstv2" cosim_name="" type="host" width="512" true_lsu_width="64" burstwidth="5" pipelined="true" addr_space="__global" aspace_id="0" optype="read" criticality="8191" buffer_location="DDR" group_id="0" connected_to_agent="0" />
			<INTERFACE port="memdep_37_k0_ZTS6MMstv2" cosim_name="" type="host" width="512" true_lsu_width="32" burstwidth="5" pipelined="true" addr_space="__global" aspace_id="0" optype="write" criticality="255" buffer_location="DDR" group_id="0" connected_to_agent="0" />
			<INTERFACE port="memdep_39_k0_ZTS6MMstv2" cosim_name="" type="host" width="512" true_lsu_width="32" burstwidth="5" pipelined="true" addr_space="__global" aspace_id="0" optype="write" criticality="255" buffer_location="DDR" group_id="0" connected_to_agent="0" />
			<INTERFACE port="memdep_42_k0_ZTS6MMstv2" cosim_name="" type="host" width="512" true_lsu_width="32" burstwidth="5" pipelined="true" addr_space="__global" aspace_id="0" optype="write" criticality="255" buffer_location="DDR" group_id="0" connected_to_agent="0" />
			<INTERFACE port="memdep_k0_ZTS6MMstv2" cosim_name="" type="host" width="512" true_lsu_width="32" burstwidth="5" pipelined="true" addr_space="__global" aspace_id="0" optype="write" criticality="255" buffer_location="DDR" group_id="0" connected_to_agent="0" />
			<INTERFACE port="unnamed_k0_ZTS6MMstv212_k0_ZTS6MMstv2" cosim_name="" type="host" width="512" true_lsu_width="32" burstwidth="5" pipelined="true" addr_space="__global" aspace_id="0" optype="read" criticality="255" buffer_location="DDR" group_id="0" connected_to_agent="0" />
			<INTERFACE port="unnamed_k0_ZTS6MMstv213_k0_ZTS6MMstv2" cosim_name="" type="host" width="512" true_lsu_width="32" burstwidth="5" pipelined="true" addr_space="__global" aspace_id="0" optype="read" criticality="255" buffer_location="DDR" group_id="0" connected_to_agent="0" />
			<INTERFACE port="unnamed_k0_ZTS6MMstv214_k0_ZTS6MMstv2" cosim_name="" type="host" width="512" true_lsu_width="32" burstwidth="5" pipelined="true" addr_space="__global" aspace_id="0" optype="read" criticality="255" buffer_location="DDR" group_id="0" connected_to_agent="0" />
			<INTERFACE port="unnamed_k0_ZTS6MMstv261_k0_ZTS6MMstv2" cosim_name="" type="host" width="512" true_lsu_width="32" burstwidth="5" pipelined="true" addr_space="__global" aspace_id="0" optype="read" criticality="8191" buffer_location="DDR" group_id="0" connected_to_agent="0" />
			<INTERFACE port="unnamed_k0_ZTS6MMstv262_k0_ZTS6MMstv2" cosim_name="" type="host" width="512" true_lsu_width="32" burstwidth="5" pipelined="true" addr_space="__global" aspace_id="0" optype="read" criticality="8191" buffer_location="DDR" group_id="0" connected_to_agent="0" />
			<INTERFACE port="unnamed_k0_ZTS6MMstv263_k0_ZTS6MMstv2" cosim_name="" type="host" width="512" true_lsu_width="32" burstwidth="5" pipelined="true" addr_space="__global" aspace_id="0" optype="read" criticality="8191" buffer_location="DDR" group_id="0" connected_to_agent="0" />
			<INTERFACE port="unnamed_k0_ZTS6MMstv264_k0_ZTS6MMstv2" cosim_name="" type="host" width="512" true_lsu_width="32" burstwidth="5" pipelined="true" addr_space="__global" aspace_id="0" optype="read" criticality="8191" buffer_location="DDR" group_id="0" connected_to_agent="0" />
			<INTERFACE port="unnamed_k0_ZTS6MMstv265_k0_ZTS6MMstv2" cosim_name="" type="host" width="512" true_lsu_width="32" burstwidth="5" pipelined="true" addr_space="__global" aspace_id="0" optype="read" criticality="8191" buffer_location="DDR" group_id="0" connected_to_agent="0" />
			<INTERFACE port="unnamed_k0_ZTS6MMstv266_k0_ZTS6MMstv2" cosim_name="" type="host" width="512" true_lsu_width="32" burstwidth="5" pipelined="true" addr_space="__global" aspace_id="0" optype="read" criticality="8191" buffer_location="DDR" group_id="0" connected_to_agent="0" />
			<INTERFACE port="unnamed_k0_ZTS6MMstv267_k0_ZTS6MMstv2" cosim_name="" type="host" width="512" true_lsu_width="32" burstwidth="5" pipelined="true" addr_space="__global" aspace_id="0" optype="read" criticality="8191" buffer_location="DDR" group_id="0" connected_to_agent="0" />
			<INTERFACE port="unnamed_k0_ZTS6MMstv268_k0_ZTS6MMstv2" cosim_name="" type="host" width="512" true_lsu_width="32" burstwidth="5" pipelined="true" addr_space="__global" aspace_id="0" optype="read" criticality="8191" buffer_location="DDR" group_id="0" connected_to_agent="0" />
			<INTERFACE port="unnamed_k0_ZTS6MMstv273_k0_ZTS6MMstv2" cosim_name="" type="host" width="512" true_lsu_width="32" burstwidth="5" pipelined="true" addr_space="__global" aspace_id="0" optype="read" criticality="255" buffer_location="DDR" group_id="0" connected_to_agent="0" />
		</DATA>
		<KERNEL_ARGS>
			<ARGUMENT name="arg0" cosim_name="" opencl_access_type="ACL_ARG_ADDR_NONE" opencl_type_category="ACL_ARG_BY_VALUE" size="8" alignment="1" type_qualifier="" access_qualifier="none" type_name="long" host_accessible="" pipe_channel_id="" >
		</ARGUMENT>
			<ARGUMENT name="arg1" cosim_name="" opencl_access_type="ACL_ARG_ADDR_GLOBAL" opencl_type_category="ACL_ARG_MEM_OBJ" size="8" alignment="1024" type_qualifier="RC" access_qualifier="none" type_name="float*" host_accessible="" pipe_channel_id="" >
		</ARGUMENT>
			<ARGUMENT name="arg2" cosim_name="" opencl_access_type="ACL_ARG_ADDR_NONE" opencl_type_category="ACL_ARG_BY_VALUE" size="16" alignment="1" type_qualifier="" access_qualifier="none" type_name="class._ZTSN2cl4sycl5rangeILi2EEE.cl::sycl::range" host_accessible="" pipe_channel_id="" >
		</ARGUMENT>
			<ARGUMENT name="arg3" cosim_name="" opencl_access_type="ACL_ARG_ADDR_NONE" opencl_type_category="ACL_ARG_BY_VALUE" size="16" alignment="1" type_qualifier="" access_qualifier="none" type_name="class._ZTSN2cl4sycl5rangeILi2EEE.cl::sycl::range" host_accessible="" pipe_channel_id="" >
		</ARGUMENT>
			<ARGUMENT name="arg4" cosim_name="" opencl_access_type="ACL_ARG_ADDR_NONE" opencl_type_category="ACL_ARG_BY_VALUE" size="16" alignment="1" type_qualifier="" access_qualifier="none" type_name="class._ZTSN2cl4sycl5rangeILi2EEE.cl::sycl::range" host_accessible="" pipe_channel_id="" >
		</ARGUMENT>
			<ARGUMENT name="arg5" cosim_name="" opencl_access_type="ACL_ARG_ADDR_GLOBAL" opencl_type_category="ACL_ARG_MEM_OBJ" size="8" alignment="1024" type_qualifier="RC" access_qualifier="none" type_name="float*" host_accessible="" pipe_channel_id="" >
		</ARGUMENT>
			<ARGUMENT name="arg6" cosim_name="" opencl_access_type="ACL_ARG_ADDR_NONE" opencl_type_category="ACL_ARG_BY_VALUE" size="16" alignment="1" type_qualifier="" access_qualifier="none" type_name="class._ZTSN2cl4sycl5rangeILi2EEE.cl::sycl::range" host_accessible="" pipe_channel_id="" >
		</ARGUMENT>
			<ARGUMENT name="arg7" cosim_name="" opencl_access_type="ACL_ARG_ADDR_NONE" opencl_type_category="ACL_ARG_BY_VALUE" size="16" alignment="1" type_qualifier="" access_qualifier="none" type_name="class._ZTSN2cl4sycl5rangeILi2EEE.cl::sycl::range" host_accessible="" pipe_channel_id="" >
		</ARGUMENT>
			<ARGUMENT name="arg8" cosim_name="" opencl_access_type="ACL_ARG_ADDR_NONE" opencl_type_category="ACL_ARG_BY_VALUE" size="16" alignment="1" type_qualifier="" access_qualifier="none" type_name="class._ZTSN2cl4sycl5rangeILi2EEE.cl::sycl::range" host_accessible="" pipe_channel_id="" >
		</ARGUMENT>
			<ARGUMENT name="arg9" cosim_name="" opencl_access_type="ACL_ARG_ADDR_GLOBAL" opencl_type_category="ACL_ARG_MEM_OBJ" size="8" alignment="1024" type_qualifier="R" access_qualifier="none" type_name="float*" host_accessible="" pipe_channel_id="" >
		</ARGUMENT>
			<ARGUMENT name="arg10" cosim_name="" opencl_access_type="ACL_ARG_ADDR_NONE" opencl_type_category="ACL_ARG_BY_VALUE" size="16" alignment="1" type_qualifier="" access_qualifier="none" type_name="class._ZTSN2cl4sycl5rangeILi2EEE.cl::sycl::range" host_accessible="" pipe_channel_id="" >
		</ARGUMENT>
			<ARGUMENT name="arg11" cosim_name="" opencl_access_type="ACL_ARG_ADDR_NONE" opencl_type_category="ACL_ARG_BY_VALUE" size="16" alignment="1" type_qualifier="" access_qualifier="none" type_name="class._ZTSN2cl4sycl5rangeILi2EEE.cl::sycl::range" host_accessible="" pipe_channel_id="" >
		</ARGUMENT>
			<ARGUMENT name="arg12" cosim_name="" opencl_access_type="ACL_ARG_ADDR_NONE" opencl_type_category="ACL_ARG_BY_VALUE" size="16" alignment="1" type_qualifier="" access_qualifier="none" type_name="class._ZTSN2cl4sycl5rangeILi2EEE.cl::sycl::range" host_accessible="" pipe_channel_id="" >
		</ARGUMENT>
			<ARGUMENT name="arg13" cosim_name="" opencl_access_type="ACL_ARG_ADDR_GLOBAL" opencl_type_category="ACL_ARG_MEM_OBJ" size="8" alignment="1024" type_qualifier="RC" access_qualifier="none" type_name="float*" host_accessible="" pipe_channel_id="" >
		</ARGUMENT>
			<ARGUMENT name="arg14" cosim_name="" opencl_access_type="ACL_ARG_ADDR_NONE" opencl_type_category="ACL_ARG_BY_VALUE" size="16" alignment="1" type_qualifier="" access_qualifier="none" type_name="class._ZTSN2cl4sycl5rangeILi2EEE.cl::sycl::range" host_accessible="" pipe_channel_id="" >
		</ARGUMENT>
			<ARGUMENT name="arg15" cosim_name="" opencl_access_type="ACL_ARG_ADDR_NONE" opencl_type_category="ACL_ARG_BY_VALUE" size="16" alignment="1" type_qualifier="" access_qualifier="none" type_name="class._ZTSN2cl4sycl5rangeILi2EEE.cl::sycl::range" host_accessible="" pipe_channel_id="" >
		</ARGUMENT>
			<ARGUMENT name="arg16" cosim_name="" opencl_access_type="ACL_ARG_ADDR_NONE" opencl_type_category="ACL_ARG_BY_VALUE" size="16" alignment="1" type_qualifier="" access_qualifier="none" type_name="class._ZTSN2cl4sycl5rangeILi2EEE.cl::sycl::range" host_accessible="" pipe_channel_id="" >
		</ARGUMENT>
		</KERNEL_ARGS>
		<IPS>
		</IPS>
		<PRINTF_FORMAT_STRINGS>
		</PRINTF_FORMAT_STRINGS>
		<PRINTF_INTERFACES>
		</PRINTF_INTERFACES>
	</KERNEL>
	</KERNEL_BUNDLE>
	<GLOBAL_MEM_LATENCY kernel_side_mem_latency="14" arbitration_latency="7" />
	<STRUCT_TYPE_DEFS>
	</STRUCT_TYPE_DEFS>
	<KERNEL_INTERCONNECT>
		<USM_INTERCONNECT value="0" />
		<GLOBAL_ATOMICS value="0" />
		<GLOBAL_INTERCONNECT gmem_id="0" name="DDR" type="1" />
		<GLOBAL_READS memory="DDR" aspace="1024" />
		<GLOBAL_READS memory="DDR" aspace="1024" />
		<GLOBAL_READS memory="DDR" aspace="1024" />
		<GLOBAL_READS memory="DDR" aspace="1024" />
		<GLOBAL_READS memory="DDR" aspace="1024" />
		<GLOBAL_READS memory="DDR" aspace="1024" />
		<GLOBAL_READS memory="DDR" aspace="1024" />
		<GLOBAL_READS memory="DDR" aspace="1024" />
		<GLOBAL_READS memory="DDR" aspace="1024" />
		<GLOBAL_READS memory="DDR" aspace="1024" />
		<GLOBAL_READS memory="DDR" aspace="1024" />
		<GLOBAL_READS memory="DDR" aspace="1024" />
		<GLOBAL_READS memory="DDR" aspace="1024" />
		<GLOBAL_READS memory="DDR" aspace="1024" />
		<GLOBAL_READS memory="DDR" aspace="1024" />
		<GLOBAL_READS memory="DDR" aspace="1024" />
		<GLOBAL_WRITES memory="DDR" aspace="1024" />
		<GLOBAL_WRITES memory="DDR" aspace="1024" />
		<GLOBAL_WRITES memory="DDR" aspace="1024" />
		<GLOBAL_WRITES memory="DDR" aspace="1024" />
	</KERNEL_INTERCONNECT>
</KERNEL_LIST>
