{"children":[{"children":[{"data":[179950,358572,492,123,0],"details":[{"text":"Platform interface logic.","type":"text"}],"name":"Board interface","type":"resource"}],"name":"Static Partition","type":"partition"},{"data":[2313,3521,61,0,0],"details":[{"text":"Global interconnect for 5 global loads and 2 global stores. Reduce number of global loads and stores to simplify global interconnect.","type":"text"},{"text":"For 5 global loads and 2 global stores.","type":"brief"},{"links":[{"guide":"Best Practices Guide : Global Memory Interconnect","link":"file:////glob/development-tools/versions/oneapi/2022.1.2/oneapi/compiler/2022.0.2/linux/lib/oclfpga/aoc_help_pages/hnj1476724450050.html"}],"text":"See %L for more information","type":"text"}],"name":"Global interconnect","type":"resource"},{"data":[0,67,2,0,0],"details":[{"text":"This read-only memory contains information for the host about the system and about each kernel in the system, including kernel names, arguments, and attributes. The system description ROM ensures that the binary image on the FPGA is compatible with the host program.","type":"text"},{"text":"Contains information for the host.","type":"brief"}],"name":"System description ROM","type":"resource"},{"children":[{"data":[186,412,0,0,16],"details":[{"text":"Feedback+Cluster logic","type":"brief"}],"name":"Data control overhead","type":"resource"},{"data":[1338,2411,0,0,10],"details":[{"text":"Kernel dispatch logic.","type":"text"},{"text":"Kernel dispatch logic.","type":"brief"}],"name":"Function overhead","type":"resource"},{"children":[{"count":2,"data":[189,665,4,0,0],"debug":[[{"filename":"","line":0}]],"name":"State","type":"resource"}],"data":[189,665,4,0,0],"name":"No Source Line","type":"resource"},{"children":[{"children":[{"count":1,"data":[4,0,0,0,0],"debug":[[{"filename":"/glob/development-tools/versions/oneapi/2022.1.2/oneapi/compiler/2022.0.2/linux/bin-llvm/../include/sycl/CL/sycl/handler.hpp","line":"940"}]],"name":"11-bit Integer Compare","type":"resource"}],"data":[4,0,0,0,0],"debug":[[{"filename":"/glob/development-tools/versions/oneapi/2022.1.2/oneapi/compiler/2022.0.2/linux/bin-llvm/../include/sycl/CL/sycl/handler.hpp","line":940},{"filename":"/home/u139750/lab4/dpcpp-tutorial/matrix-multi/build/src/matrix-multi-st-v3.cpp","line":154}]],"name":"handler.hpp:940 > matrix-multi-st-v3.cpp:154","replace_name":true,"type":"resource"},{"children":[{"count":3,"data":[190,0,0,0,0],"debug":[[{"filename":"/glob/development-tools/versions/oneapi/2022.1.2/oneapi/compiler/2022.0.2/linux/bin-llvm/../include/sycl/CL/sycl/handler.hpp","line":"940"}]],"name":"64-bit Integer Add","type":"resource"},{"count":1,"data":[156,92,0,5,0],"debug":[[{"filename":"/glob/development-tools/versions/oneapi/2022.1.2/oneapi/compiler/2022.0.2/linux/bin-llvm/../include/sycl/CL/sycl/handler.hpp","line":"940"}]],"name":"64-bit Integer Multiply","type":"resource"}],"data":[346,92,0,5,0],"debug":[[{"filename":"/glob/development-tools/versions/oneapi/2022.1.2/oneapi/compiler/2022.0.2/linux/bin-llvm/../include/sycl/CL/sycl/handler.hpp","line":940},{"filename":"/home/u139750/lab4/dpcpp-tutorial/matrix-multi/build/src/matrix-multi-st-v3.cpp","line":156},{"filename":"/glob/development-tools/versions/oneapi/2022.1.2/oneapi/compiler/2022.0.2/linux/bin-llvm/../include/sycl/CL/sycl/accessor.hpp","line":329},{"filename":"/glob/development-tools/versions/oneapi/2022.1.2/oneapi/compiler/2022.0.2/linux/bin-llvm/../include/sycl/CL/sycl/accessor.hpp","line":1551},{"filename":"/glob/development-tools/versions/oneapi/2022.1.2/oneapi/compiler/2022.0.2/linux/bin-llvm/../include/sycl/CL/sycl/accessor.hpp","line":840}]],"name":"handler.hpp:940 > matrix-multi-st-v3.cpp:156 > \naccessor.hpp:329 > accessor.hpp:1551 > \naccessor.hpp:840","replace_name":true,"type":"resource"},{"children":[{"count":3,"data":[190,0,0,0,0],"debug":[[{"filename":"/glob/development-tools/versions/oneapi/2022.1.2/oneapi/compiler/2022.0.2/linux/bin-llvm/../include/sycl/CL/sycl/handler.hpp","line":"940"}]],"name":"64-bit Integer Add","type":"resource"},{"count":1,"data":[156,92,0,5,0],"debug":[[{"filename":"/glob/development-tools/versions/oneapi/2022.1.2/oneapi/compiler/2022.0.2/linux/bin-llvm/../include/sycl/CL/sycl/handler.hpp","line":"940"}]],"name":"64-bit Integer Multiply","type":"resource"}],"data":[346,92,0,5,0],"debug":[[{"filename":"/glob/development-tools/versions/oneapi/2022.1.2/oneapi/compiler/2022.0.2/linux/bin-llvm/../include/sycl/CL/sycl/handler.hpp","line":940},{"filename":"/home/u139750/lab4/dpcpp-tutorial/matrix-multi/build/src/matrix-multi-st-v3.cpp","line":156},{"filename":"/glob/development-tools/versions/oneapi/2022.1.2/oneapi/compiler/2022.0.2/linux/bin-llvm/../include/sycl/CL/sycl/accessor.hpp","line":344},{"filename":"/glob/development-tools/versions/oneapi/2022.1.2/oneapi/compiler/2022.0.2/linux/bin-llvm/../include/sycl/CL/sycl/accessor.hpp","line":1558},{"filename":"/glob/development-tools/versions/oneapi/2022.1.2/oneapi/compiler/2022.0.2/linux/bin-llvm/../include/sycl/CL/sycl/accessor.hpp","line":840}]],"name":"handler.hpp:940 > matrix-multi-st-v3.cpp:156 > \naccessor.hpp:344 > accessor.hpp:1558 > \naccessor.hpp:840","replace_name":true,"type":"resource"},{"children":[{"count":1,"data":[1,1,0,0,0],"debug":[[{"filename":"/glob/development-tools/versions/oneapi/2022.1.2/oneapi/compiler/2022.0.2/linux/bin-llvm/../include/sycl/CL/sycl/handler.hpp","line":"940"}]],"name":"1-bit And","type":"resource"},{"count":1,"data":[1,0,0,0,0],"debug":[[{"filename":"/glob/development-tools/versions/oneapi/2022.1.2/oneapi/compiler/2022.0.2/linux/bin-llvm/../include/sycl/CL/sycl/handler.hpp","line":"940"}]],"name":"1-bit Or","type":"resource"},{"count":1,"data":[4,0,0,0,0],"debug":[[{"filename":"/glob/development-tools/versions/oneapi/2022.1.2/oneapi/compiler/2022.0.2/linux/bin-llvm/../include/sycl/CL/sycl/handler.hpp","line":"940"}]],"name":"13-bit Integer Compare","type":"resource"},{"count":1,"data":[2,0,0,0,0],"debug":[[{"filename":"/glob/development-tools/versions/oneapi/2022.1.2/oneapi/compiler/2022.0.2/linux/bin-llvm/../include/sycl/CL/sycl/handler.hpp","line":"940"}]],"name":"2-bit Select","type":"resource"}],"data":[8,1,0,0,0],"debug":[[{"filename":"/glob/development-tools/versions/oneapi/2022.1.2/oneapi/compiler/2022.0.2/linux/bin-llvm/../include/sycl/CL/sycl/handler.hpp","line":940},{"filename":"/home/u139750/lab4/dpcpp-tutorial/matrix-multi/build/src/matrix-multi-st-v3.cpp","line":155}]],"name":"handler.hpp:940 > matrix-multi-st-v3.cpp:155","replace_name":true,"type":"resource"},{"children":[{"count":1,"data":[0,0,0,1,0],"debug":[[{"filename":"/glob/development-tools/versions/oneapi/2022.1.2/oneapi/compiler/2022.0.2/linux/bin-llvm/../include/sycl/CL/sycl/handler.hpp","line":"940"}]],"name":"32-bit Floating-point Add","type":"resource"},{"count":2,"data":[864,2490,28,0,0],"debug":[[{"filename":"/glob/development-tools/versions/oneapi/2022.1.2/oneapi/compiler/2022.0.2/linux/bin-llvm/../include/sycl/CL/sycl/handler.hpp","line":"940"}]],"name":"Load","type":"resource"},{"count":1,"data":[399,2216,1,0,31],"debug":[[{"filename":"/glob/development-tools/versions/oneapi/2022.1.2/oneapi/compiler/2022.0.2/linux/bin-llvm/../include/sycl/CL/sycl/handler.hpp","line":"940"}]],"name":"Store","type":"resource"}],"data":[1263,4706,29,1,31],"debug":[[{"filename":"/glob/development-tools/versions/oneapi/2022.1.2/oneapi/compiler/2022.0.2/linux/bin-llvm/../include/sycl/CL/sycl/handler.hpp","line":940},{"filename":"/home/u139750/lab4/dpcpp-tutorial/matrix-multi/build/src/matrix-multi-st-v3.cpp","line":156}]],"name":"handler.hpp:940 > matrix-multi-st-v3.cpp:156","replace_name":true,"type":"resource"},{"children":[{"count":1,"data":[62,0,0,0,0],"debug":[[{"filename":"/glob/development-tools/versions/oneapi/2022.1.2/oneapi/compiler/2022.0.2/linux/bin-llvm/../include/sycl/CL/sycl/handler.hpp","line":"940"}]],"name":"Pointer Computation","type":"resource"}],"data":[62,0,0,0,0],"debug":[[{"filename":"/glob/development-tools/versions/oneapi/2022.1.2/oneapi/compiler/2022.0.2/linux/bin-llvm/../include/sycl/CL/sycl/handler.hpp","line":940},{"filename":"/home/u139750/lab4/dpcpp-tutorial/matrix-multi/build/src/matrix-multi-st-v3.cpp","line":156},{"filename":"/glob/development-tools/versions/oneapi/2022.1.2/oneapi/compiler/2022.0.2/linux/bin-llvm/../include/sycl/CL/sycl/accessor.hpp","line":329},{"filename":"/glob/development-tools/versions/oneapi/2022.1.2/oneapi/compiler/2022.0.2/linux/bin-llvm/../include/sycl/CL/sycl/accessor.hpp","line":1552}]],"name":"handler.hpp:940 > matrix-multi-st-v3.cpp:156 > \naccessor.hpp:329 > accessor.hpp:1552","replace_name":true,"type":"resource"},{"children":[{"count":1,"data":[62,0,0,0,0],"debug":[[{"filename":"/glob/development-tools/versions/oneapi/2022.1.2/oneapi/compiler/2022.0.2/linux/bin-llvm/../include/sycl/CL/sycl/handler.hpp","line":"940"}]],"name":"Pointer Computation","type":"resource"}],"data":[62,0,0,0,0],"debug":[[{"filename":"/glob/development-tools/versions/oneapi/2022.1.2/oneapi/compiler/2022.0.2/linux/bin-llvm/../include/sycl/CL/sycl/handler.hpp","line":940},{"filename":"/home/u139750/lab4/dpcpp-tutorial/matrix-multi/build/src/matrix-multi-st-v3.cpp","line":156},{"filename":"/glob/development-tools/versions/oneapi/2022.1.2/oneapi/compiler/2022.0.2/linux/bin-llvm/../include/sycl/CL/sycl/accessor.hpp","line":344},{"filename":"/glob/development-tools/versions/oneapi/2022.1.2/oneapi/compiler/2022.0.2/linux/bin-llvm/../include/sycl/CL/sycl/accessor.hpp","line":1559}]],"name":"handler.hpp:940 > matrix-multi-st-v3.cpp:156 > \naccessor.hpp:344 > accessor.hpp:1559","replace_name":true,"type":"resource"}],"data":[2091,4891,29,11,31],"debug":[[{"filename":"/glob/development-tools/versions/oneapi/2022.1.2/oneapi/compiler/2022.0.2/linux/bin-llvm/../include/sycl/CL/sycl/handler.hpp","line":940}]],"name":"/glob/development-tools/versions/oneapi/2022.1.2/oneapi/compiler/2022.0.2/linux/bin-llvm/../include/sycl/CL/sycl/handler.hpp:940","replace_name":"true","type":"resource"}],"compute_units":1,"data":[3804,8379,33,11,57],"details":[{"text":"Number of compute units: 1","type":"text"},{"text":"1 compute unit.","type":"brief"}],"name":"MMstv3_cplusd","total_kernel_resources":[3804,8379,33,11,57],"total_percent":[1.0266,0.578652,0.490344,1.21637,0.724638],"type":"function"},{"children":[{"data":[1221,3426,0,0,252],"details":[{"text":"Feedback+Cluster logic","type":"brief"}],"name":"Data control overhead","type":"resource"},{"data":[1072,2225,0,0,10],"details":[{"text":"Kernel dispatch logic.","type":"text"},{"text":"Kernel dispatch logic.","type":"brief"}],"name":"Function overhead","type":"resource"},{"data":[0,0,0,0,512],"details":[{"Additional information":[{"text":"Requested size 1024 bytes, implemented size 1024 bytes, stall-free, 1 read and 1 write. ","type":"text"},{"text":"Banked on bits 6, 7, 8, 9 into 16 separate banks.","type":"text"},{"text":"Private memory implemented in on-chip block RAM.","type":"text"}],"Bank depth":"1 word","Bank width":"512 bits","Implemented size":"1024 bytes","Memory Usage":"512 MLABs","Number of banks":"16 (banked on bits 6, 7, 8, 9)","Number of private copies":"1","Number of replicates":"1","Private memory":"Stall-free","Reference":[{"links":[{"guide":"Best Practices Guide : Local Memory","link":"file:////glob/development-tools/versions/oneapi/2022.1.2/oneapi/compiler/2022.0.2/linux/lib/oclfpga/aoc_help_pages/chn1469549457114.html"}],"text":"See %L for more information.","type":"text"}],"Requested size":"1024 bytes","type":"table"},{"text":"Stall-free,\n1024B requested,\n1024B implemented.","type":"brief"}],"name":"matrix-multi-st-v3.cpp:83 (local_mem_a)","type":"resource"},{"data":[0,0,0,0,512],"details":[{"Additional information":[{"text":"Requested size 1024 bytes, implemented size 1024 bytes, stall-free, 1 read and 1 write. ","type":"text"},{"text":"Banked on bits 6, 7, 8, 9 into 16 separate banks.","type":"text"},{"text":"Private memory implemented in on-chip block RAM.","type":"text"}],"Bank depth":"1 word","Bank width":"512 bits","Implemented size":"1024 bytes","Memory Usage":"512 MLABs","Number of banks":"16 (banked on bits 6, 7, 8, 9)","Number of private copies":"1","Number of replicates":"1","Private memory":"Stall-free","Reference":[{"links":[{"guide":"Best Practices Guide : Local Memory","link":"file:////glob/development-tools/versions/oneapi/2022.1.2/oneapi/compiler/2022.0.2/linux/lib/oclfpga/aoc_help_pages/chn1469549457114.html"}],"text":"See %L for more information.","type":"text"}],"Requested size":"1024 bytes","type":"table"},{"text":"Stall-free,\n1024B requested,\n1024B implemented.","type":"brief"}],"name":"matrix-multi-st-v3.cpp:84 (local_mem_b)","type":"resource"},{"data":[8208,65536,0,0,512],"details":[{"Additional information":[{"text":"Requested size 1024 bytes, implemented size 1024 bytes, stall-free, 2 reads and 2 writes. ","type":"text"},{"text":"Banked on bits 6, 7, 8, 9 into 16 separate banks.","type":"text"},{"text":"Reducing accesses to exactly one read and one write for all on-chip memory systems may increase overall system performance.","type":"text"},{"text":"Private memory implemented in on-chip block RAM.","type":"text"}],"Bank depth":"1 word","Bank width":"512 bits","Clock":"Running memory at 2x clock to support more concurrent ports","Implemented size":"1024 bytes","Memory Usage":"512 MLABs","Number of banks":"16 (banked on bits 6, 7, 8, 9)","Number of private copies":"1","Number of replicates":"1","Private memory":"Stall-free","Reference":[{"links":[{"guide":"Best Practices Guide : Local Memory","link":"file:////glob/development-tools/versions/oneapi/2022.1.2/oneapi/compiler/2022.0.2/linux/lib/oclfpga/aoc_help_pages/chn1469549457114.html"}],"text":"See %L for more information.","type":"text"}],"Requested size":"1024 bytes","type":"table"},{"text":"Stall-free,\n1024B requested,\n1024B implemented.","type":"brief"}],"name":"matrix-multi-st-v3.cpp:85 (local_mem_d)","type":"resource"},{"children":[{"count":11,"data":[1012,5444,13,0,149],"debug":[[{"filename":"","line":0}]],"name":"State","type":"resource"},{"count":7,"data":[45,0,0,0,0],"debug":[[{"filename":"","line":0}]],"name":"Pointer Computation","type":"resource"},{"count":12,"data":[12,12,0,0,0],"debug":[[{"filename":"","line":0}]],"name":"llvm.fpga.fanout","type":"resource"},{"count":1,"data":[60,0,0,0,0],"debug":[[{"filename":"","line":0}]],"name":"64-bit Integer Add","type":"resource"},{"count":1,"data":[144,84,0,5,0],"debug":[[{"filename":"","line":0}]],"name":"64-bit Integer Multiply","type":"resource"}],"data":[1273,5540,13,5,149],"name":"No Source Line","type":"resource"},{"children":[{"children":[{"count":1,"data":[5,0,0,0,0],"debug":[[{"filename":"/glob/development-tools/versions/oneapi/2022.1.2/oneapi/compiler/2022.0.2/linux/bin-llvm/../include/sycl/CL/sycl/handler.hpp","line":"940"}]],"name":"14-bit Integer Compare","type":"resource"}],"data":[5,0,0,0,0],"debug":[[{"filename":"/glob/development-tools/versions/oneapi/2022.1.2/oneapi/compiler/2022.0.2/linux/bin-llvm/../include/sycl/CL/sycl/handler.hpp","line":940},{"filename":"/home/u139750/lab4/dpcpp-tutorial/matrix-multi/build/src/matrix-multi-st-v3.cpp","line":87}]],"name":"handler.hpp:940 > matrix-multi-st-v3.cpp:87","replace_name":true,"type":"resource"},{"children":[{"count":1,"data":[1,1,0,0,0],"debug":[[{"filename":"/glob/development-tools/versions/oneapi/2022.1.2/oneapi/compiler/2022.0.2/linux/bin-llvm/../include/sycl/CL/sycl/handler.hpp","line":"940"}]],"name":"1-bit And","type":"resource"},{"count":1,"data":[1,0,0,0,0],"debug":[[{"filename":"/glob/development-tools/versions/oneapi/2022.1.2/oneapi/compiler/2022.0.2/linux/bin-llvm/../include/sycl/CL/sycl/handler.hpp","line":"940"}]],"name":"1-bit Or","type":"resource"},{"count":1,"data":[2,0,0,0,0],"debug":[[{"filename":"/glob/development-tools/versions/oneapi/2022.1.2/oneapi/compiler/2022.0.2/linux/bin-llvm/../include/sycl/CL/sycl/handler.hpp","line":"940"}]],"name":"2-bit Select","type":"resource"},{"count":1,"data":[2,0,0,0,0],"debug":[[{"filename":"/glob/development-tools/versions/oneapi/2022.1.2/oneapi/compiler/2022.0.2/linux/bin-llvm/../include/sycl/CL/sycl/handler.hpp","line":"940"}]],"name":"5-bit Integer Compare","type":"resource"}],"data":[6,1,0,0,0],"debug":[[{"filename":"/glob/development-tools/versions/oneapi/2022.1.2/oneapi/compiler/2022.0.2/linux/bin-llvm/../include/sycl/CL/sycl/handler.hpp","line":940},{"filename":"/home/u139750/lab4/dpcpp-tutorial/matrix-multi/build/src/matrix-multi-st-v3.cpp","line":110}]],"name":"handler.hpp:940 > matrix-multi-st-v3.cpp:110","replace_name":true,"type":"resource"},{"children":[{"count":1,"data":[0,0,0,1,0],"debug":[[{"filename":"/glob/development-tools/versions/oneapi/2022.1.2/oneapi/compiler/2022.0.2/linux/bin-llvm/../include/sycl/CL/sycl/handler.hpp","line":"940"}]],"name":"32-bit Floating-point Accumulator","type":"resource"},{"count":2,"data":[52,82,0,0,0],"debug":[[{"filename":"/glob/development-tools/versions/oneapi/2022.1.2/oneapi/compiler/2022.0.2/linux/bin-llvm/../include/sycl/CL/sycl/handler.hpp","line":"940"}]],"name":"Load","type":"resource"}],"data":[52,82,0,1,0],"debug":[[{"filename":"/glob/development-tools/versions/oneapi/2022.1.2/oneapi/compiler/2022.0.2/linux/bin-llvm/../include/sycl/CL/sycl/handler.hpp","line":940},{"filename":"/home/u139750/lab4/dpcpp-tutorial/matrix-multi/build/src/matrix-multi-st-v3.cpp","line":111}]],"name":"handler.hpp:940 > matrix-multi-st-v3.cpp:111","replace_name":true,"type":"resource"},{"children":[{"count":1,"data":[0,0,0,1,0],"debug":[[{"filename":"/glob/development-tools/versions/oneapi/2022.1.2/oneapi/compiler/2022.0.2/linux/bin-llvm/../include/sycl/CL/sycl/handler.hpp","line":"940"}]],"name":"32-bit Floating-point Add","type":"resource"},{"count":1,"data":[26,41,0,0,0],"debug":[[{"filename":"/glob/development-tools/versions/oneapi/2022.1.2/oneapi/compiler/2022.0.2/linux/bin-llvm/../include/sycl/CL/sycl/handler.hpp","line":"940"}]],"name":"Load","type":"resource"},{"count":1,"data":[34,24,0,0,0],"debug":[[{"filename":"/glob/development-tools/versions/oneapi/2022.1.2/oneapi/compiler/2022.0.2/linux/bin-llvm/../include/sycl/CL/sycl/handler.hpp","line":"940"}]],"name":"Store","type":"resource"},{"count":2,"data":[1.5,0,0,0,0],"debug":[[{"filename":"/glob/development-tools/versions/oneapi/2022.1.2/oneapi/compiler/2022.0.2/linux/bin-llvm/../include/sycl/CL/sycl/handler.hpp","line":"940"}]],"name":"1-bit Or","type":"resource"}],"data":[61.5,65,0,1,0],"debug":[[{"filename":"/glob/development-tools/versions/oneapi/2022.1.2/oneapi/compiler/2022.0.2/linux/bin-llvm/../include/sycl/CL/sycl/handler.hpp","line":940},{"filename":"/home/u139750/lab4/dpcpp-tutorial/matrix-multi/build/src/matrix-multi-st-v3.cpp","line":117}]],"name":"handler.hpp:940 > matrix-multi-st-v3.cpp:117","replace_name":true,"type":"resource"},{"children":[{"count":1,"data":[2,0,0,0,0],"debug":[[{"filename":"/glob/development-tools/versions/oneapi/2022.1.2/oneapi/compiler/2022.0.2/linux/bin-llvm/../include/sycl/CL/sycl/handler.hpp","line":"940"}]],"name":"5-bit Integer Compare","type":"resource"}],"data":[2,0,0,0,0],"debug":[[{"filename":"/glob/development-tools/versions/oneapi/2022.1.2/oneapi/compiler/2022.0.2/linux/bin-llvm/../include/sycl/CL/sycl/handler.hpp","line":940},{"filename":"/home/u139750/lab4/dpcpp-tutorial/matrix-multi/build/src/matrix-multi-st-v3.cpp","line":121}]],"name":"handler.hpp:940 > matrix-multi-st-v3.cpp:121","replace_name":true,"type":"resource"},{"children":[{"count":2,"data":[126,0,0,0,0],"debug":[[{"filename":"/glob/development-tools/versions/oneapi/2022.1.2/oneapi/compiler/2022.0.2/linux/bin-llvm/../include/sycl/CL/sycl/handler.hpp","line":"940"}]],"name":"64-bit Integer Add","type":"resource"},{"count":1,"data":[26,41,0,0,0],"debug":[[{"filename":"/glob/development-tools/versions/oneapi/2022.1.2/oneapi/compiler/2022.0.2/linux/bin-llvm/../include/sycl/CL/sycl/handler.hpp","line":"940"}]],"name":"Load","type":"resource"},{"count":1,"data":[399,2216,1,0,31],"debug":[[{"filename":"/glob/development-tools/versions/oneapi/2022.1.2/oneapi/compiler/2022.0.2/linux/bin-llvm/../include/sycl/CL/sycl/handler.hpp","line":"940"}]],"name":"Store","type":"resource"},{"count":1,"data":[0.5,0,0,0,0],"debug":[[{"filename":"/glob/development-tools/versions/oneapi/2022.1.2/oneapi/compiler/2022.0.2/linux/bin-llvm/../include/sycl/CL/sycl/handler.hpp","line":"940"}]],"name":"1-bit Or","type":"resource"}],"data":[551.5,2257,1,0,31],"debug":[[{"filename":"/glob/development-tools/versions/oneapi/2022.1.2/oneapi/compiler/2022.0.2/linux/bin-llvm/../include/sycl/CL/sycl/handler.hpp","line":940},{"filename":"/home/u139750/lab4/dpcpp-tutorial/matrix-multi/build/src/matrix-multi-st-v3.cpp","line":124}]],"name":"handler.hpp:940 > matrix-multi-st-v3.cpp:124","replace_name":true,"type":"resource"},{"children":[{"count":3,"data":[190,0,0,0,0],"debug":[[{"filename":"/glob/development-tools/versions/oneapi/2022.1.2/oneapi/compiler/2022.0.2/linux/bin-llvm/../include/sycl/CL/sycl/handler.hpp","line":"940"}]],"name":"64-bit Integer Add","type":"resource"},{"count":1,"data":[156,92,0,5,0],"debug":[[{"filename":"/glob/development-tools/versions/oneapi/2022.1.2/oneapi/compiler/2022.0.2/linux/bin-llvm/../include/sycl/CL/sycl/handler.hpp","line":"940"}]],"name":"64-bit Integer Multiply","type":"resource"}],"data":[346,92,0,5,0],"debug":[[{"filename":"/glob/development-tools/versions/oneapi/2022.1.2/oneapi/compiler/2022.0.2/linux/bin-llvm/../include/sycl/CL/sycl/handler.hpp","line":940},{"filename":"/home/u139750/lab4/dpcpp-tutorial/matrix-multi/build/src/matrix-multi-st-v3.cpp","line":124},{"filename":"/glob/development-tools/versions/oneapi/2022.1.2/oneapi/compiler/2022.0.2/linux/bin-llvm/../include/sycl/CL/sycl/accessor.hpp","line":329},{"filename":"/glob/development-tools/versions/oneapi/2022.1.2/oneapi/compiler/2022.0.2/linux/bin-llvm/../include/sycl/CL/sycl/accessor.hpp","line":1551},{"filename":"/glob/development-tools/versions/oneapi/2022.1.2/oneapi/compiler/2022.0.2/linux/bin-llvm/../include/sycl/CL/sycl/accessor.hpp","line":840}]],"name":"handler.hpp:940 > matrix-multi-st-v3.cpp:124 > \naccessor.hpp:329 > accessor.hpp:1551 > \naccessor.hpp:840","replace_name":true,"type":"resource"},{"children":[{"count":1,"data":[1,1,0,0,0],"debug":[[{"filename":"/glob/development-tools/versions/oneapi/2022.1.2/oneapi/compiler/2022.0.2/linux/bin-llvm/../include/sycl/CL/sycl/handler.hpp","line":"940"}]],"name":"1-bit And","type":"resource"},{"count":1,"data":[1,0,0,0,0],"debug":[[{"filename":"/glob/development-tools/versions/oneapi/2022.1.2/oneapi/compiler/2022.0.2/linux/bin-llvm/../include/sycl/CL/sycl/handler.hpp","line":"940"}]],"name":"1-bit Or","type":"resource"},{"count":1,"data":[2,0,0,0,0],"debug":[[{"filename":"/glob/development-tools/versions/oneapi/2022.1.2/oneapi/compiler/2022.0.2/linux/bin-llvm/../include/sycl/CL/sycl/handler.hpp","line":"940"}]],"name":"2-bit Select","type":"resource"},{"count":1,"data":[2,0,0,0,0],"debug":[[{"filename":"/glob/development-tools/versions/oneapi/2022.1.2/oneapi/compiler/2022.0.2/linux/bin-llvm/../include/sycl/CL/sycl/handler.hpp","line":"940"}]],"name":"5-bit Integer Compare","type":"resource"}],"data":[6,1,0,0,0],"debug":[[{"filename":"/glob/development-tools/versions/oneapi/2022.1.2/oneapi/compiler/2022.0.2/linux/bin-llvm/../include/sycl/CL/sycl/handler.hpp","line":940},{"filename":"/home/u139750/lab4/dpcpp-tutorial/matrix-multi/build/src/matrix-multi-st-v3.cpp","line":122}]],"name":"handler.hpp:940 > matrix-multi-st-v3.cpp:122","replace_name":true,"type":"resource"},{"children":[{"count":1,"data":[62,0,0,0,0],"debug":[[{"filename":"/glob/development-tools/versions/oneapi/2022.1.2/oneapi/compiler/2022.0.2/linux/bin-llvm/../include/sycl/CL/sycl/handler.hpp","line":"940"}]],"name":"Pointer Computation","type":"resource"}],"data":[62,0,0,0,0],"debug":[[{"filename":"/glob/development-tools/versions/oneapi/2022.1.2/oneapi/compiler/2022.0.2/linux/bin-llvm/../include/sycl/CL/sycl/handler.hpp","line":940},{"filename":"/home/u139750/lab4/dpcpp-tutorial/matrix-multi/build/src/matrix-multi-st-v3.cpp","line":124},{"filename":"/glob/development-tools/versions/oneapi/2022.1.2/oneapi/compiler/2022.0.2/linux/bin-llvm/../include/sycl/CL/sycl/accessor.hpp","line":329},{"filename":"/glob/development-tools/versions/oneapi/2022.1.2/oneapi/compiler/2022.0.2/linux/bin-llvm/../include/sycl/CL/sycl/accessor.hpp","line":1552}]],"name":"handler.hpp:940 > matrix-multi-st-v3.cpp:124 > \naccessor.hpp:329 > accessor.hpp:1552","replace_name":true,"type":"resource"},{"children":[{"count":1,"data":[3,0,0,0,0],"debug":[[{"filename":"/glob/development-tools/versions/oneapi/2022.1.2/oneapi/compiler/2022.0.2/linux/bin-llvm/../include/sycl/CL/sycl/handler.hpp","line":"940"}]],"name":"9-bit Integer Compare","type":"resource"}],"data":[3,0,0,0,0],"debug":[[{"filename":"/glob/development-tools/versions/oneapi/2022.1.2/oneapi/compiler/2022.0.2/linux/bin-llvm/../include/sycl/CL/sycl/handler.hpp","line":940},{"filename":"/home/u139750/lab4/dpcpp-tutorial/matrix-multi/build/src/matrix-multi-st-v3.cpp","line":94}]],"name":"handler.hpp:940 > matrix-multi-st-v3.cpp:94","replace_name":true,"type":"resource"},{"children":[{"count":1,"data":[1092,942,0,0,0],"debug":[[{"filename":"/glob/development-tools/versions/oneapi/2022.1.2/oneapi/compiler/2022.0.2/linux/bin-llvm/../include/sycl/CL/sycl/handler.hpp","line":"940"}]],"name":"64-bit Unsigned Integer Divide","type":"resource"}],"data":[1092,942,0,0,0],"debug":[[{"filename":"/glob/development-tools/versions/oneapi/2022.1.2/oneapi/compiler/2022.0.2/linux/bin-llvm/../include/sycl/CL/sycl/handler.hpp","line":940},{"filename":"/home/u139750/lab4/dpcpp-tutorial/matrix-multi/build/src/matrix-multi-st-v3.cpp","line":89}]],"name":"handler.hpp:940 > matrix-multi-st-v3.cpp:89","replace_name":true,"type":"resource"},{"children":[{"count":1,"data":[2,0,0,0,0],"debug":[[{"filename":"/glob/development-tools/versions/oneapi/2022.1.2/oneapi/compiler/2022.0.2/linux/bin-llvm/../include/sycl/CL/sycl/handler.hpp","line":"940"}]],"name":"5-bit Integer Compare","type":"resource"}],"data":[2,0,0,0,0],"debug":[[{"filename":"/glob/development-tools/versions/oneapi/2022.1.2/oneapi/compiler/2022.0.2/linux/bin-llvm/../include/sycl/CL/sycl/handler.hpp","line":940},{"filename":"/home/u139750/lab4/dpcpp-tutorial/matrix-multi/build/src/matrix-multi-st-v3.cpp","line":98}]],"name":"handler.hpp:940 > matrix-multi-st-v3.cpp:98","replace_name":true,"type":"resource"},{"children":[{"count":2,"data":[126,0,0,0,0],"debug":[[{"filename":"/glob/development-tools/versions/oneapi/2022.1.2/oneapi/compiler/2022.0.2/linux/bin-llvm/../include/sycl/CL/sycl/handler.hpp","line":"940"}]],"name":"64-bit Integer Add","type":"resource"},{"count":1,"data":[504,2050,15,0,0],"debug":[[{"filename":"/glob/development-tools/versions/oneapi/2022.1.2/oneapi/compiler/2022.0.2/linux/bin-llvm/../include/sycl/CL/sycl/handler.hpp","line":"940"}]],"name":"Load","type":"resource"},{"count":1,"data":[34,24,0,0,0],"debug":[[{"filename":"/glob/development-tools/versions/oneapi/2022.1.2/oneapi/compiler/2022.0.2/linux/bin-llvm/../include/sycl/CL/sycl/handler.hpp","line":"940"}]],"name":"Store","type":"resource"}],"data":[664,2074,15,0,0],"debug":[[{"filename":"/glob/development-tools/versions/oneapi/2022.1.2/oneapi/compiler/2022.0.2/linux/bin-llvm/../include/sycl/CL/sycl/handler.hpp","line":940},{"filename":"/home/u139750/lab4/dpcpp-tutorial/matrix-multi/build/src/matrix-multi-st-v3.cpp","line":101}]],"name":"handler.hpp:940 > matrix-multi-st-v3.cpp:101","replace_name":true,"type":"resource"},{"children":[{"count":3,"data":[190,0,0,0,0],"debug":[[{"filename":"/glob/development-tools/versions/oneapi/2022.1.2/oneapi/compiler/2022.0.2/linux/bin-llvm/../include/sycl/CL/sycl/handler.hpp","line":"940"}]],"name":"64-bit Integer Add","type":"resource"},{"count":1,"data":[156,92,0,5,0],"debug":[[{"filename":"/glob/development-tools/versions/oneapi/2022.1.2/oneapi/compiler/2022.0.2/linux/bin-llvm/../include/sycl/CL/sycl/handler.hpp","line":"940"}]],"name":"64-bit Integer Multiply","type":"resource"}],"data":[346,92,0,5,0],"debug":[[{"filename":"/glob/development-tools/versions/oneapi/2022.1.2/oneapi/compiler/2022.0.2/linux/bin-llvm/../include/sycl/CL/sycl/handler.hpp","line":940},{"filename":"/home/u139750/lab4/dpcpp-tutorial/matrix-multi/build/src/matrix-multi-st-v3.cpp","line":101},{"filename":"/glob/development-tools/versions/oneapi/2022.1.2/oneapi/compiler/2022.0.2/linux/bin-llvm/../include/sycl/CL/sycl/accessor.hpp","line":344},{"filename":"/glob/development-tools/versions/oneapi/2022.1.2/oneapi/compiler/2022.0.2/linux/bin-llvm/../include/sycl/CL/sycl/accessor.hpp","line":1558},{"filename":"/glob/development-tools/versions/oneapi/2022.1.2/oneapi/compiler/2022.0.2/linux/bin-llvm/../include/sycl/CL/sycl/accessor.hpp","line":840}]],"name":"handler.hpp:940 > matrix-multi-st-v3.cpp:101 > \naccessor.hpp:344 > accessor.hpp:1558 > \naccessor.hpp:840","replace_name":true,"type":"resource"},{"children":[{"count":2,"data":[126,0,0,0,0],"debug":[[{"filename":"/glob/development-tools/versions/oneapi/2022.1.2/oneapi/compiler/2022.0.2/linux/bin-llvm/../include/sycl/CL/sycl/handler.hpp","line":"940"}]],"name":"64-bit Integer Add","type":"resource"},{"count":1,"data":[504,2050,15,0,0],"debug":[[{"filename":"/glob/development-tools/versions/oneapi/2022.1.2/oneapi/compiler/2022.0.2/linux/bin-llvm/../include/sycl/CL/sycl/handler.hpp","line":"940"}]],"name":"Load","type":"resource"},{"count":1,"data":[34,24,0,0,0],"debug":[[{"filename":"/glob/development-tools/versions/oneapi/2022.1.2/oneapi/compiler/2022.0.2/linux/bin-llvm/../include/sycl/CL/sycl/handler.hpp","line":"940"}]],"name":"Store","type":"resource"}],"data":[664,2074,15,0,0],"debug":[[{"filename":"/glob/development-tools/versions/oneapi/2022.1.2/oneapi/compiler/2022.0.2/linux/bin-llvm/../include/sycl/CL/sycl/handler.hpp","line":940},{"filename":"/home/u139750/lab4/dpcpp-tutorial/matrix-multi/build/src/matrix-multi-st-v3.cpp","line":102}]],"name":"handler.hpp:940 > matrix-multi-st-v3.cpp:102","replace_name":true,"type":"resource"},{"children":[{"count":3,"data":[190,0,0,0,0],"debug":[[{"filename":"/glob/development-tools/versions/oneapi/2022.1.2/oneapi/compiler/2022.0.2/linux/bin-llvm/../include/sycl/CL/sycl/handler.hpp","line":"940"}]],"name":"64-bit Integer Add","type":"resource"},{"count":1,"data":[156,92,0,5,0],"debug":[[{"filename":"/glob/development-tools/versions/oneapi/2022.1.2/oneapi/compiler/2022.0.2/linux/bin-llvm/../include/sycl/CL/sycl/handler.hpp","line":"940"}]],"name":"64-bit Integer Multiply","type":"resource"}],"data":[346,92,0,5,0],"debug":[[{"filename":"/glob/development-tools/versions/oneapi/2022.1.2/oneapi/compiler/2022.0.2/linux/bin-llvm/../include/sycl/CL/sycl/handler.hpp","line":940},{"filename":"/home/u139750/lab4/dpcpp-tutorial/matrix-multi/build/src/matrix-multi-st-v3.cpp","line":102},{"filename":"/glob/development-tools/versions/oneapi/2022.1.2/oneapi/compiler/2022.0.2/linux/bin-llvm/../include/sycl/CL/sycl/accessor.hpp","line":344},{"filename":"/glob/development-tools/versions/oneapi/2022.1.2/oneapi/compiler/2022.0.2/linux/bin-llvm/../include/sycl/CL/sycl/accessor.hpp","line":1558},{"filename":"/glob/development-tools/versions/oneapi/2022.1.2/oneapi/compiler/2022.0.2/linux/bin-llvm/../include/sycl/CL/sycl/accessor.hpp","line":840}]],"name":"handler.hpp:940 > matrix-multi-st-v3.cpp:102 > \naccessor.hpp:344 > accessor.hpp:1558 > \naccessor.hpp:840","replace_name":true,"type":"resource"},{"children":[{"count":3,"data":[190,0,0,0,0],"debug":[[{"filename":"/glob/development-tools/versions/oneapi/2022.1.2/oneapi/compiler/2022.0.2/linux/bin-llvm/../include/sycl/CL/sycl/handler.hpp","line":"940"}]],"name":"64-bit Integer Add","type":"resource"},{"count":1,"data":[156,92,0,5,0],"debug":[[{"filename":"/glob/development-tools/versions/oneapi/2022.1.2/oneapi/compiler/2022.0.2/linux/bin-llvm/../include/sycl/CL/sycl/handler.hpp","line":"940"}]],"name":"64-bit Integer Multiply","type":"resource"}],"data":[346,92,0,5,0],"debug":[[{"filename":"/glob/development-tools/versions/oneapi/2022.1.2/oneapi/compiler/2022.0.2/linux/bin-llvm/../include/sycl/CL/sycl/handler.hpp","line":940},{"filename":"/home/u139750/lab4/dpcpp-tutorial/matrix-multi/build/src/matrix-multi-st-v3.cpp","line":103},{"filename":"/glob/development-tools/versions/oneapi/2022.1.2/oneapi/compiler/2022.0.2/linux/bin-llvm/../include/sycl/CL/sycl/accessor.hpp","line":329},{"filename":"/glob/development-tools/versions/oneapi/2022.1.2/oneapi/compiler/2022.0.2/linux/bin-llvm/../include/sycl/CL/sycl/accessor.hpp","line":1551},{"filename":"/glob/development-tools/versions/oneapi/2022.1.2/oneapi/compiler/2022.0.2/linux/bin-llvm/../include/sycl/CL/sycl/accessor.hpp","line":840}]],"name":"handler.hpp:940 > matrix-multi-st-v3.cpp:103 > \naccessor.hpp:329 > accessor.hpp:1551 > \naccessor.hpp:840","replace_name":true,"type":"resource"},{"children":[{"count":1,"data":[1,1,0,0,0],"debug":[[{"filename":"/glob/development-tools/versions/oneapi/2022.1.2/oneapi/compiler/2022.0.2/linux/bin-llvm/../include/sycl/CL/sycl/handler.hpp","line":"940"}]],"name":"1-bit And","type":"resource"},{"count":1,"data":[1,0,0,0,0],"debug":[[{"filename":"/glob/development-tools/versions/oneapi/2022.1.2/oneapi/compiler/2022.0.2/linux/bin-llvm/../include/sycl/CL/sycl/handler.hpp","line":"940"}]],"name":"1-bit Or","type":"resource"},{"count":1,"data":[2,0,0,0,0],"debug":[[{"filename":"/glob/development-tools/versions/oneapi/2022.1.2/oneapi/compiler/2022.0.2/linux/bin-llvm/../include/sycl/CL/sycl/handler.hpp","line":"940"}]],"name":"2-bit Select","type":"resource"},{"count":1,"data":[2,0,0,0,0],"debug":[[{"filename":"/glob/development-tools/versions/oneapi/2022.1.2/oneapi/compiler/2022.0.2/linux/bin-llvm/../include/sycl/CL/sycl/handler.hpp","line":"940"}]],"name":"5-bit Integer Compare","type":"resource"}],"data":[6,1,0,0,0],"debug":[[{"filename":"/glob/development-tools/versions/oneapi/2022.1.2/oneapi/compiler/2022.0.2/linux/bin-llvm/../include/sycl/CL/sycl/handler.hpp","line":940},{"filename":"/home/u139750/lab4/dpcpp-tutorial/matrix-multi/build/src/matrix-multi-st-v3.cpp","line":99}]],"name":"handler.hpp:940 > matrix-multi-st-v3.cpp:99","replace_name":true,"type":"resource"},{"children":[{"count":1,"data":[62,0,0,0,0],"debug":[[{"filename":"/glob/development-tools/versions/oneapi/2022.1.2/oneapi/compiler/2022.0.2/linux/bin-llvm/../include/sycl/CL/sycl/handler.hpp","line":"940"}]],"name":"Pointer Computation","type":"resource"}],"data":[62,0,0,0,0],"debug":[[{"filename":"/glob/development-tools/versions/oneapi/2022.1.2/oneapi/compiler/2022.0.2/linux/bin-llvm/../include/sycl/CL/sycl/handler.hpp","line":940},{"filename":"/home/u139750/lab4/dpcpp-tutorial/matrix-multi/build/src/matrix-multi-st-v3.cpp","line":101},{"filename":"/glob/development-tools/versions/oneapi/2022.1.2/oneapi/compiler/2022.0.2/linux/bin-llvm/../include/sycl/CL/sycl/accessor.hpp","line":344},{"filename":"/glob/development-tools/versions/oneapi/2022.1.2/oneapi/compiler/2022.0.2/linux/bin-llvm/../include/sycl/CL/sycl/accessor.hpp","line":1559}]],"name":"handler.hpp:940 > matrix-multi-st-v3.cpp:101 > \naccessor.hpp:344 > accessor.hpp:1559","replace_name":true,"type":"resource"},{"children":[{"count":1,"data":[62,0,0,0,0],"debug":[[{"filename":"/glob/development-tools/versions/oneapi/2022.1.2/oneapi/compiler/2022.0.2/linux/bin-llvm/../include/sycl/CL/sycl/handler.hpp","line":"940"}]],"name":"Pointer Computation","type":"resource"}],"data":[62,0,0,0,0],"debug":[[{"filename":"/glob/development-tools/versions/oneapi/2022.1.2/oneapi/compiler/2022.0.2/linux/bin-llvm/../include/sycl/CL/sycl/handler.hpp","line":940},{"filename":"/home/u139750/lab4/dpcpp-tutorial/matrix-multi/build/src/matrix-multi-st-v3.cpp","line":102},{"filename":"/glob/development-tools/versions/oneapi/2022.1.2/oneapi/compiler/2022.0.2/linux/bin-llvm/../include/sycl/CL/sycl/accessor.hpp","line":344},{"filename":"/glob/development-tools/versions/oneapi/2022.1.2/oneapi/compiler/2022.0.2/linux/bin-llvm/../include/sycl/CL/sycl/accessor.hpp","line":1559}]],"name":"handler.hpp:940 > matrix-multi-st-v3.cpp:102 > \naccessor.hpp:344 > accessor.hpp:1559","replace_name":true,"type":"resource"},{"children":[{"count":1,"data":[504,2050,15,0,0],"debug":[[{"filename":"/glob/development-tools/versions/oneapi/2022.1.2/oneapi/compiler/2022.0.2/linux/bin-llvm/../include/sycl/CL/sycl/handler.hpp","line":"940"}]],"name":"Load","type":"resource"},{"count":1,"data":[34,24,0,0,0],"debug":[[{"filename":"/glob/development-tools/versions/oneapi/2022.1.2/oneapi/compiler/2022.0.2/linux/bin-llvm/../include/sycl/CL/sycl/handler.hpp","line":"940"}]],"name":"Store","type":"resource"}],"data":[538,2074,15,0,0],"debug":[[{"filename":"/glob/development-tools/versions/oneapi/2022.1.2/oneapi/compiler/2022.0.2/linux/bin-llvm/../include/sycl/CL/sycl/handler.hpp","line":940},{"filename":"/home/u139750/lab4/dpcpp-tutorial/matrix-multi/build/src/matrix-multi-st-v3.cpp","line":103}]],"name":"handler.hpp:940 > matrix-multi-st-v3.cpp:103","replace_name":true,"type":"resource"},{"children":[{"count":1,"data":[62,0,0,0,0],"debug":[[{"filename":"/glob/development-tools/versions/oneapi/2022.1.2/oneapi/compiler/2022.0.2/linux/bin-llvm/../include/sycl/CL/sycl/handler.hpp","line":"940"}]],"name":"Pointer Computation","type":"resource"}],"data":[62,0,0,0,0],"debug":[[{"filename":"/glob/development-tools/versions/oneapi/2022.1.2/oneapi/compiler/2022.0.2/linux/bin-llvm/../include/sycl/CL/sycl/handler.hpp","line":940},{"filename":"/home/u139750/lab4/dpcpp-tutorial/matrix-multi/build/src/matrix-multi-st-v3.cpp","line":103},{"filename":"/glob/development-tools/versions/oneapi/2022.1.2/oneapi/compiler/2022.0.2/linux/bin-llvm/../include/sycl/CL/sycl/accessor.hpp","line":329},{"filename":"/glob/development-tools/versions/oneapi/2022.1.2/oneapi/compiler/2022.0.2/linux/bin-llvm/../include/sycl/CL/sycl/accessor.hpp","line":1552}]],"name":"handler.hpp:940 > matrix-multi-st-v3.cpp:103 > \naccessor.hpp:329 > accessor.hpp:1552","replace_name":true,"type":"resource"},{"children":[{"count":1,"data":[2,0,0,0,0],"debug":[[{"filename":"/glob/development-tools/versions/oneapi/2022.1.2/oneapi/compiler/2022.0.2/linux/bin-llvm/../include/sycl/CL/sycl/handler.hpp","line":"940"}]],"name":"5-bit Integer Compare","type":"resource"}],"data":[2,0,0,0,0],"debug":[[{"filename":"/glob/development-tools/versions/oneapi/2022.1.2/oneapi/compiler/2022.0.2/linux/bin-llvm/../include/sycl/CL/sycl/handler.hpp","line":940},{"filename":"/home/u139750/lab4/dpcpp-tutorial/matrix-multi/build/src/matrix-multi-st-v3.cpp","line":106}]],"name":"handler.hpp:940 > matrix-multi-st-v3.cpp:106","replace_name":true,"type":"resource"},{"children":[{"count":1,"data":[2,0,0,0,0],"debug":[[{"filename":"/glob/development-tools/versions/oneapi/2022.1.2/oneapi/compiler/2022.0.2/linux/bin-llvm/../include/sycl/CL/sycl/handler.hpp","line":"940"}]],"name":"5-bit Integer Compare","type":"resource"}],"data":[2,0,0,0,0],"debug":[[{"filename":"/glob/development-tools/versions/oneapi/2022.1.2/oneapi/compiler/2022.0.2/linux/bin-llvm/../include/sycl/CL/sycl/handler.hpp","line":940},{"filename":"/home/u139750/lab4/dpcpp-tutorial/matrix-multi/build/src/matrix-multi-st-v3.cpp","line":107}]],"name":"handler.hpp:940 > matrix-multi-st-v3.cpp:107","replace_name":true,"type":"resource"}],"data":[5289,9939,46,22,31],"debug":[[{"filename":"/glob/development-tools/versions/oneapi/2022.1.2/oneapi/compiler/2022.0.2/linux/bin-llvm/../include/sycl/CL/sycl/handler.hpp","line":940}]],"name":"/glob/development-tools/versions/oneapi/2022.1.2/oneapi/compiler/2022.0.2/linux/bin-llvm/../include/sycl/CL/sycl/handler.hpp:940","replace_name":"true","type":"resource"}],"compute_units":1,"data":[17063,86666,59,27,1978],"debug":[[{"filename":"matrix-multi-st-v3.cpp","line":83}]],"details":[{"text":"Number of compute units: 1","type":"text"},{"details":[{"links":[{"filename":"/home/u139750/lab4/dpcpp-tutorial/matrix-multi/build/src/matrix-multi-st-v3.cpp","line":"99"}],"text":"%L with depth 4","type":"text"},{"links":[{"filename":"/home/u139750/lab4/dpcpp-tutorial/matrix-multi/build/src/matrix-multi-st-v3.cpp","line":"110"}],"text":"%L with depth 5","type":"text"}],"text":"The following loops are nested at depth greater than 3. Reducing the number and depth of these nested loops will save area:","type":"text"},{"text":"1 compute unit.\n3 loops nested 3 levels deep or more.","type":"brief"}],"name":"MMstv3","total_kernel_resources":[17063,86666,59,27,1978],"total_percent":[11.159,6.62722,5.07175,2.17471,1.77866],"type":"function"}],"columns":["","ALUTs","FFs","RAMs","DSPs","MLABs","Details"],"data":[23180,98633,155,38,2035],"debug_enabled":"true","max_resources":[854400,1708800,2713,1518,42720],"name":"Kernel System","total":[203130,457205,647,161,2035],"total_percent":[53.4606,28.5382,26.7559,23.8481,10.6061],"type":"module"}