{
  "columns":
  ["", "Pipelined", "II", "Speculated iterations", "Details"]
  , "children":
  [
    {
      "name":"Kernel: MMstv3"
      , "data":
      ["", "", ""]
      , "debug":
      [
        [
          {
            "filename":"/home/u139750/lab4/dpcpp-tutorial/matrix-multi/build/src/matrix-multi-st-v3.cpp"
            , "line":78
          }
        ]
      ]
      , "details":
      [
        {
          "type":"brief"
          , "text":"Single work-item execution"
        }
        , {
          "type":"text"
          , "text":"Single work-item execution"
        }
        , {
          "type":"text"
          , "text":"Fmax bottlenck block: None"
        }
        , {
          "type":"text"
          , "text":"See %L for more information"
          , "links":
          [
            {
              "guide":"Best Practices Guide : Kernels"
              , "link":"file:////glob/development-tools/versions/oneapi/2022.1.2/oneapi/compiler/2022.0.2/linux/lib/oclfpga/aoc_help_pages/ipp1476408832230.html"
            }
          ]
        }
      ]
      , "children":
      [
        {
          "name":"Fully unrolled loop"
          , "data":
          ["n/a", "n/a", "n/a"]
          , "debug":
          [
            [
              {
                "filename":"accessor.hpp"
                , "line":896
              }
            ]
          ]
          , "details":
          [
            {
              "type":"brief"
              , "text":"Unrolled by #pragma unroll"
            }
            , {
              "type":"text"
              , "text":"Unrolled by #pragma unroll"
            }
          ]
          , "children":
          [
          ]
        }
        , {
          "name":"Fully unrolled loop"
          , "data":
          ["n/a", "n/a", "n/a"]
          , "debug":
          [
            [
              {
                "filename":"accessor.hpp"
                , "line":896
              }
            ]
          ]
          , "details":
          [
            {
              "type":"brief"
              , "text":"Unrolled by #pragma unroll"
            }
            , {
              "type":"text"
              , "text":"Unrolled by #pragma unroll"
            }
          ]
          , "children":
          [
          ]
        }
        , {
          "name":"Fully unrolled loop"
          , "data":
          ["n/a", "n/a", "n/a"]
          , "debug":
          [
            [
              {
                "filename":"accessor.hpp"
                , "line":896
              }
            ]
          ]
          , "details":
          [
            {
              "type":"brief"
              , "text":"Unrolled by #pragma unroll"
            }
            , {
              "type":"text"
              , "text":"Unrolled by #pragma unroll"
            }
          ]
          , "children":
          [
          ]
        }
        , {
          "name":"MMstv3.B1"
          , "data":
          ["Yes", ">=1", "0"]
          , "debug":
          [
            [
              {
                "filename":"/home/u139750/lab4/dpcpp-tutorial/matrix-multi/build/src/matrix-multi-st-v3.cpp"
                , "line":87
              }
            ]
          ]
          , "details":
          [
            {
              "type":"text"
              , "text":"Stallable instruction: n/a"
            }
            , {
              "type":"text"
              , "text":"Maximum concurrent iterations: Capacity of loop"
              , "details":
              [
                {
                  "type":"text"
                  , "text":"Use the %L viewer to estimate capacity"
                  , "links":
                  [
                    {
                      "view":"Fmax II Report"
                    }
                  ]
                }
              ]
            }
            , {
              "type":"text"
              , "text":"Average Trip count: 5000 (exact)"
            }
            , {
              "type":"text"
              , "text":"See %L for more information"
              , "links":
              [
                {
                  "guide":"Best Practices Guide : Nested Loops"
                  , "link":"file:////glob/development-tools/versions/oneapi/2022.1.2/oneapi/compiler/2022.0.2/linux/lib/oclfpga/aoc_help_pages/rfr1469543500580.html"
                }
              ]
            }
          ]
          , "children":
          [
            {
              "name":"MMstv3.B2"
              , "data":
              ["Yes", ">=1", "0"]
              , "debug":
              [
                [
                  {
                    "filename":"/home/u139750/lab4/dpcpp-tutorial/matrix-multi/build/src/matrix-multi-st-v3.cpp"
                    , "line":94
                  }
                ]
              ]
              , "details":
              [
                {
                  "type":"brief"
                  , "text":"Serial exe: Memory dependency"
                }
                , {
                  "type":"text"
                  , "text":"Iteration executed serially across MMstv3.B4, MMstv3.B8. Only a single loop iteration will execute inside this region due to memory dependency:"
                  , "details":
                  [
                    {
                      "type":"text"
                      , "text":"From: Load Operation (%L > %L)"
                      , "links":
                      [
                        {
                          "filename":"/glob/development-tools/versions/oneapi/2022.1.2/oneapi/compiler/2022.0.2/linux/bin-llvm/../include/sycl/CL/sycl/handler.hpp"
                          , "line":"940"
                        }
                        , {
                          "filename":"/home/u139750/lab4/dpcpp-tutorial/matrix-multi/build/src/matrix-multi-st-v3.cpp"
                          , "line":"101"
                        }
                      ]
                    }
                    , {
                      "type":"text"
                      , "text":"To: Load Operation (%L > %L)"
                      , "links":
                      [
                        {
                          "filename":"/glob/development-tools/versions/oneapi/2022.1.2/oneapi/compiler/2022.0.2/linux/bin-llvm/../include/sycl/CL/sycl/handler.hpp"
                          , "line":"940"
                        }
                        , {
                          "filename":"/home/u139750/lab4/dpcpp-tutorial/matrix-multi/build/src/matrix-multi-st-v3.cpp"
                          , "line":"111"
                        }
                      ]
                    }
                  ]
                }
                , {
                  "type":"text"
                  , "text":"Iteration executed serially across MMstv3.B4, MMstv3.B8, MMstv3.B14. Only a single loop iteration will execute inside this region due to memory dependency:"
                  , "details":
                  [
                    {
                      "type":"text"
                      , "text":"From: Load Operation (%L > %L)"
                      , "links":
                      [
                        {
                          "filename":"/glob/development-tools/versions/oneapi/2022.1.2/oneapi/compiler/2022.0.2/linux/bin-llvm/../include/sycl/CL/sycl/handler.hpp"
                          , "line":"940"
                        }
                        , {
                          "filename":"/home/u139750/lab4/dpcpp-tutorial/matrix-multi/build/src/matrix-multi-st-v3.cpp"
                          , "line":"101"
                        }
                      ]
                    }
                    , {
                      "type":"text"
                      , "text":"To: Store Operation (%L > %L)"
                      , "links":
                      [
                        {
                          "filename":"/glob/development-tools/versions/oneapi/2022.1.2/oneapi/compiler/2022.0.2/linux/bin-llvm/../include/sycl/CL/sycl/handler.hpp"
                          , "line":"940"
                        }
                        , {
                          "filename":"/home/u139750/lab4/dpcpp-tutorial/matrix-multi/build/src/matrix-multi-st-v3.cpp"
                          , "line":"124"
                        }
                      ]
                    }
                  ]
                }
                , {
                  "type":"text"
                  , "text":"Iteration executed serially across MMstv3.B4, MMstv3.B8. Only a single loop iteration will execute inside this region due to memory dependency:"
                  , "details":
                  [
                    {
                      "type":"text"
                      , "text":"From: Store Operation (%L > %L)"
                      , "links":
                      [
                        {
                          "filename":"/glob/development-tools/versions/oneapi/2022.1.2/oneapi/compiler/2022.0.2/linux/bin-llvm/../include/sycl/CL/sycl/handler.hpp"
                          , "line":"940"
                        }
                        , {
                          "filename":"/home/u139750/lab4/dpcpp-tutorial/matrix-multi/build/src/matrix-multi-st-v3.cpp"
                          , "line":"101"
                        }
                      ]
                    }
                    , {
                      "type":"text"
                      , "text":"To: Load Operation (%L > %L)"
                      , "links":
                      [
                        {
                          "filename":"/glob/development-tools/versions/oneapi/2022.1.2/oneapi/compiler/2022.0.2/linux/bin-llvm/../include/sycl/CL/sycl/handler.hpp"
                          , "line":"940"
                        }
                        , {
                          "filename":"/home/u139750/lab4/dpcpp-tutorial/matrix-multi/build/src/matrix-multi-st-v3.cpp"
                          , "line":"111"
                        }
                      ]
                    }
                  ]
                }
                , {
                  "type":"text"
                  , "text":"Iteration executed serially across MMstv3.B4, MMstv3.B8, MMstv3.B14. Only a single loop iteration will execute inside this region due to memory dependency:"
                  , "details":
                  [
                    {
                      "type":"text"
                      , "text":"From: Store Operation (%L > %L)"
                      , "links":
                      [
                        {
                          "filename":"/glob/development-tools/versions/oneapi/2022.1.2/oneapi/compiler/2022.0.2/linux/bin-llvm/../include/sycl/CL/sycl/handler.hpp"
                          , "line":"940"
                        }
                        , {
                          "filename":"/home/u139750/lab4/dpcpp-tutorial/matrix-multi/build/src/matrix-multi-st-v3.cpp"
                          , "line":"101"
                        }
                      ]
                    }
                    , {
                      "type":"text"
                      , "text":"To: Store Operation (%L > %L)"
                      , "links":
                      [
                        {
                          "filename":"/glob/development-tools/versions/oneapi/2022.1.2/oneapi/compiler/2022.0.2/linux/bin-llvm/../include/sycl/CL/sycl/handler.hpp"
                          , "line":"940"
                        }
                        , {
                          "filename":"/home/u139750/lab4/dpcpp-tutorial/matrix-multi/build/src/matrix-multi-st-v3.cpp"
                          , "line":"124"
                        }
                      ]
                    }
                  ]
                }
                , {
                  "type":"text"
                  , "text":"Iteration executed serially across MMstv3.B4, MMstv3.B8. Only a single loop iteration will execute inside this region due to memory dependency:"
                  , "details":
                  [
                    {
                      "type":"text"
                      , "text":"From: Load Operation (%L > %L)"
                      , "links":
                      [
                        {
                          "filename":"/glob/development-tools/versions/oneapi/2022.1.2/oneapi/compiler/2022.0.2/linux/bin-llvm/../include/sycl/CL/sycl/handler.hpp"
                          , "line":"940"
                        }
                        , {
                          "filename":"/home/u139750/lab4/dpcpp-tutorial/matrix-multi/build/src/matrix-multi-st-v3.cpp"
                          , "line":"102"
                        }
                      ]
                    }
                    , {
                      "type":"text"
                      , "text":"To: Load Operation (%L > %L)"
                      , "links":
                      [
                        {
                          "filename":"/glob/development-tools/versions/oneapi/2022.1.2/oneapi/compiler/2022.0.2/linux/bin-llvm/../include/sycl/CL/sycl/handler.hpp"
                          , "line":"940"
                        }
                        , {
                          "filename":"/home/u139750/lab4/dpcpp-tutorial/matrix-multi/build/src/matrix-multi-st-v3.cpp"
                          , "line":"111"
                        }
                      ]
                    }
                  ]
                }
                , {
                  "type":"text"
                  , "text":"Iteration executed serially across MMstv3.B4, MMstv3.B8, MMstv3.B14. Only a single loop iteration will execute inside this region due to memory dependency:"
                  , "details":
                  [
                    {
                      "type":"text"
                      , "text":"From: Load Operation (%L > %L)"
                      , "links":
                      [
                        {
                          "filename":"/glob/development-tools/versions/oneapi/2022.1.2/oneapi/compiler/2022.0.2/linux/bin-llvm/../include/sycl/CL/sycl/handler.hpp"
                          , "line":"940"
                        }
                        , {
                          "filename":"/home/u139750/lab4/dpcpp-tutorial/matrix-multi/build/src/matrix-multi-st-v3.cpp"
                          , "line":"102"
                        }
                      ]
                    }
                    , {
                      "type":"text"
                      , "text":"To: Store Operation (%L > %L)"
                      , "links":
                      [
                        {
                          "filename":"/glob/development-tools/versions/oneapi/2022.1.2/oneapi/compiler/2022.0.2/linux/bin-llvm/../include/sycl/CL/sycl/handler.hpp"
                          , "line":"940"
                        }
                        , {
                          "filename":"/home/u139750/lab4/dpcpp-tutorial/matrix-multi/build/src/matrix-multi-st-v3.cpp"
                          , "line":"124"
                        }
                      ]
                    }
                  ]
                }
                , {
                  "type":"text"
                  , "text":"Iteration executed serially across MMstv3.B4, MMstv3.B8. Only a single loop iteration will execute inside this region due to memory dependency:"
                  , "details":
                  [
                    {
                      "type":"text"
                      , "text":"From: Store Operation (%L > %L)"
                      , "links":
                      [
                        {
                          "filename":"/glob/development-tools/versions/oneapi/2022.1.2/oneapi/compiler/2022.0.2/linux/bin-llvm/../include/sycl/CL/sycl/handler.hpp"
                          , "line":"940"
                        }
                        , {
                          "filename":"/home/u139750/lab4/dpcpp-tutorial/matrix-multi/build/src/matrix-multi-st-v3.cpp"
                          , "line":"102"
                        }
                      ]
                    }
                    , {
                      "type":"text"
                      , "text":"To: Load Operation (%L > %L)"
                      , "links":
                      [
                        {
                          "filename":"/glob/development-tools/versions/oneapi/2022.1.2/oneapi/compiler/2022.0.2/linux/bin-llvm/../include/sycl/CL/sycl/handler.hpp"
                          , "line":"940"
                        }
                        , {
                          "filename":"/home/u139750/lab4/dpcpp-tutorial/matrix-multi/build/src/matrix-multi-st-v3.cpp"
                          , "line":"111"
                        }
                      ]
                    }
                  ]
                }
                , {
                  "type":"text"
                  , "text":"Iteration executed serially across MMstv3.B4, MMstv3.B8, MMstv3.B14. Only a single loop iteration will execute inside this region due to memory dependency:"
                  , "details":
                  [
                    {
                      "type":"text"
                      , "text":"From: Store Operation (%L > %L)"
                      , "links":
                      [
                        {
                          "filename":"/glob/development-tools/versions/oneapi/2022.1.2/oneapi/compiler/2022.0.2/linux/bin-llvm/../include/sycl/CL/sycl/handler.hpp"
                          , "line":"940"
                        }
                        , {
                          "filename":"/home/u139750/lab4/dpcpp-tutorial/matrix-multi/build/src/matrix-multi-st-v3.cpp"
                          , "line":"102"
                        }
                      ]
                    }
                    , {
                      "type":"text"
                      , "text":"To: Store Operation (%L > %L)"
                      , "links":
                      [
                        {
                          "filename":"/glob/development-tools/versions/oneapi/2022.1.2/oneapi/compiler/2022.0.2/linux/bin-llvm/../include/sycl/CL/sycl/handler.hpp"
                          , "line":"940"
                        }
                        , {
                          "filename":"/home/u139750/lab4/dpcpp-tutorial/matrix-multi/build/src/matrix-multi-st-v3.cpp"
                          , "line":"124"
                        }
                      ]
                    }
                  ]
                }
                , {
                  "type":"text"
                  , "text":"Iteration executed serially across MMstv3.B4, MMstv3.B8. Only a single loop iteration will execute inside this region due to memory dependency:"
                  , "details":
                  [
                    {
                      "type":"text"
                      , "text":"From: Load Operation (%L > %L)"
                      , "links":
                      [
                        {
                          "filename":"/glob/development-tools/versions/oneapi/2022.1.2/oneapi/compiler/2022.0.2/linux/bin-llvm/../include/sycl/CL/sycl/handler.hpp"
                          , "line":"940"
                        }
                        , {
                          "filename":"/home/u139750/lab4/dpcpp-tutorial/matrix-multi/build/src/matrix-multi-st-v3.cpp"
                          , "line":"103"
                        }
                      ]
                    }
                    , {
                      "type":"text"
                      , "text":"To: Load Operation (%L > %L)"
                      , "links":
                      [
                        {
                          "filename":"/glob/development-tools/versions/oneapi/2022.1.2/oneapi/compiler/2022.0.2/linux/bin-llvm/../include/sycl/CL/sycl/handler.hpp"
                          , "line":"940"
                        }
                        , {
                          "filename":"/home/u139750/lab4/dpcpp-tutorial/matrix-multi/build/src/matrix-multi-st-v3.cpp"
                          , "line":"111"
                        }
                      ]
                    }
                  ]
                }
                , {
                  "type":"text"
                  , "text":"Iteration executed serially across MMstv3.B4, MMstv3.B8, MMstv3.B14. Only a single loop iteration will execute inside this region due to memory dependency:"
                  , "details":
                  [
                    {
                      "type":"text"
                      , "text":"From: Load Operation (%L > %L)"
                      , "links":
                      [
                        {
                          "filename":"/glob/development-tools/versions/oneapi/2022.1.2/oneapi/compiler/2022.0.2/linux/bin-llvm/../include/sycl/CL/sycl/handler.hpp"
                          , "line":"940"
                        }
                        , {
                          "filename":"/home/u139750/lab4/dpcpp-tutorial/matrix-multi/build/src/matrix-multi-st-v3.cpp"
                          , "line":"103"
                        }
                      ]
                    }
                    , {
                      "type":"text"
                      , "text":"To: Store Operation (%L > %L)"
                      , "links":
                      [
                        {
                          "filename":"/glob/development-tools/versions/oneapi/2022.1.2/oneapi/compiler/2022.0.2/linux/bin-llvm/../include/sycl/CL/sycl/handler.hpp"
                          , "line":"940"
                        }
                        , {
                          "filename":"/home/u139750/lab4/dpcpp-tutorial/matrix-multi/build/src/matrix-multi-st-v3.cpp"
                          , "line":"124"
                        }
                      ]
                    }
                  ]
                }
                , {
                  "type":"text"
                  , "text":"Iteration executed serially across MMstv3.B4, MMstv3.B8. Only a single loop iteration will execute inside this region due to memory dependency:"
                  , "details":
                  [
                    {
                      "type":"text"
                      , "text":"From: Store Operation (%L > %L)"
                      , "links":
                      [
                        {
                          "filename":"/glob/development-tools/versions/oneapi/2022.1.2/oneapi/compiler/2022.0.2/linux/bin-llvm/../include/sycl/CL/sycl/handler.hpp"
                          , "line":"940"
                        }
                        , {
                          "filename":"/home/u139750/lab4/dpcpp-tutorial/matrix-multi/build/src/matrix-multi-st-v3.cpp"
                          , "line":"103"
                        }
                      ]
                    }
                    , {
                      "type":"text"
                      , "text":"To: Load Operation (%L > %L)"
                      , "links":
                      [
                        {
                          "filename":"/glob/development-tools/versions/oneapi/2022.1.2/oneapi/compiler/2022.0.2/linux/bin-llvm/../include/sycl/CL/sycl/handler.hpp"
                          , "line":"940"
                        }
                        , {
                          "filename":"/home/u139750/lab4/dpcpp-tutorial/matrix-multi/build/src/matrix-multi-st-v3.cpp"
                          , "line":"111"
                        }
                      ]
                    }
                  ]
                }
                , {
                  "type":"text"
                  , "text":"Iteration executed serially across MMstv3.B4, MMstv3.B8, MMstv3.B14. Only a single loop iteration will execute inside this region due to memory dependency:"
                  , "details":
                  [
                    {
                      "type":"text"
                      , "text":"From: Store Operation (%L > %L)"
                      , "links":
                      [
                        {
                          "filename":"/glob/development-tools/versions/oneapi/2022.1.2/oneapi/compiler/2022.0.2/linux/bin-llvm/../include/sycl/CL/sycl/handler.hpp"
                          , "line":"940"
                        }
                        , {
                          "filename":"/home/u139750/lab4/dpcpp-tutorial/matrix-multi/build/src/matrix-multi-st-v3.cpp"
                          , "line":"103"
                        }
                      ]
                    }
                    , {
                      "type":"text"
                      , "text":"To: Store Operation (%L > %L)"
                      , "links":
                      [
                        {
                          "filename":"/glob/development-tools/versions/oneapi/2022.1.2/oneapi/compiler/2022.0.2/linux/bin-llvm/../include/sycl/CL/sycl/handler.hpp"
                          , "line":"940"
                        }
                        , {
                          "filename":"/home/u139750/lab4/dpcpp-tutorial/matrix-multi/build/src/matrix-multi-st-v3.cpp"
                          , "line":"124"
                        }
                      ]
                    }
                  ]
                }
                , {
                  "type":"text"
                  , "text":"Iteration executed serially across MMstv3.B4, MMstv3.B8. Only a single loop iteration will execute inside this region due to memory dependency:"
                  , "details":
                  [
                    {
                      "type":"text"
                      , "text":"From: Load Operation (%L > %L)"
                      , "links":
                      [
                        {
                          "filename":"/glob/development-tools/versions/oneapi/2022.1.2/oneapi/compiler/2022.0.2/linux/bin-llvm/../include/sycl/CL/sycl/handler.hpp"
                          , "line":"940"
                        }
                        , {
                          "filename":"/home/u139750/lab4/dpcpp-tutorial/matrix-multi/build/src/matrix-multi-st-v3.cpp"
                          , "line":"117"
                        }
                      ]
                    }
                    , {
                      "type":"text"
                      , "text":"To: Load Operation (%L > %L)"
                      , "links":
                      [
                        {
                          "filename":"/glob/development-tools/versions/oneapi/2022.1.2/oneapi/compiler/2022.0.2/linux/bin-llvm/../include/sycl/CL/sycl/handler.hpp"
                          , "line":"940"
                        }
                        , {
                          "filename":"/home/u139750/lab4/dpcpp-tutorial/matrix-multi/build/src/matrix-multi-st-v3.cpp"
                          , "line":"111"
                        }
                      ]
                    }
                  ]
                }
                , {
                  "type":"text"
                  , "text":"Iteration executed serially across MMstv3.B4, MMstv3.B8, MMstv3.B14. Only a single loop iteration will execute inside this region due to memory dependency:"
                  , "details":
                  [
                    {
                      "type":"text"
                      , "text":"From: Load Operation (%L > %L)"
                      , "links":
                      [
                        {
                          "filename":"/glob/development-tools/versions/oneapi/2022.1.2/oneapi/compiler/2022.0.2/linux/bin-llvm/../include/sycl/CL/sycl/handler.hpp"
                          , "line":"940"
                        }
                        , {
                          "filename":"/home/u139750/lab4/dpcpp-tutorial/matrix-multi/build/src/matrix-multi-st-v3.cpp"
                          , "line":"117"
                        }
                      ]
                    }
                    , {
                      "type":"text"
                      , "text":"To: Store Operation (%L > %L)"
                      , "links":
                      [
                        {
                          "filename":"/glob/development-tools/versions/oneapi/2022.1.2/oneapi/compiler/2022.0.2/linux/bin-llvm/../include/sycl/CL/sycl/handler.hpp"
                          , "line":"940"
                        }
                        , {
                          "filename":"/home/u139750/lab4/dpcpp-tutorial/matrix-multi/build/src/matrix-multi-st-v3.cpp"
                          , "line":"124"
                        }
                      ]
                    }
                  ]
                }
                , {
                  "type":"text"
                  , "text":"Iteration executed serially across MMstv3.B4, MMstv3.B8. Only a single loop iteration will execute inside this region due to memory dependency:"
                  , "details":
                  [
                    {
                      "type":"text"
                      , "text":"From: Store Operation (%L > %L)"
                      , "links":
                      [
                        {
                          "filename":"/glob/development-tools/versions/oneapi/2022.1.2/oneapi/compiler/2022.0.2/linux/bin-llvm/../include/sycl/CL/sycl/handler.hpp"
                          , "line":"940"
                        }
                        , {
                          "filename":"/home/u139750/lab4/dpcpp-tutorial/matrix-multi/build/src/matrix-multi-st-v3.cpp"
                          , "line":"117"
                        }
                      ]
                    }
                    , {
                      "type":"text"
                      , "text":"To: Load Operation (%L > %L)"
                      , "links":
                      [
                        {
                          "filename":"/glob/development-tools/versions/oneapi/2022.1.2/oneapi/compiler/2022.0.2/linux/bin-llvm/../include/sycl/CL/sycl/handler.hpp"
                          , "line":"940"
                        }
                        , {
                          "filename":"/home/u139750/lab4/dpcpp-tutorial/matrix-multi/build/src/matrix-multi-st-v3.cpp"
                          , "line":"111"
                        }
                      ]
                    }
                  ]
                }
                , {
                  "type":"text"
                  , "text":"Iteration executed serially across MMstv3.B4, MMstv3.B8, MMstv3.B14. Only a single loop iteration will execute inside this region due to memory dependency:"
                  , "details":
                  [
                    {
                      "type":"text"
                      , "text":"From: Store Operation (%L > %L)"
                      , "links":
                      [
                        {
                          "filename":"/glob/development-tools/versions/oneapi/2022.1.2/oneapi/compiler/2022.0.2/linux/bin-llvm/../include/sycl/CL/sycl/handler.hpp"
                          , "line":"940"
                        }
                        , {
                          "filename":"/home/u139750/lab4/dpcpp-tutorial/matrix-multi/build/src/matrix-multi-st-v3.cpp"
                          , "line":"117"
                        }
                      ]
                    }
                    , {
                      "type":"text"
                      , "text":"To: Store Operation (%L > %L)"
                      , "links":
                      [
                        {
                          "filename":"/glob/development-tools/versions/oneapi/2022.1.2/oneapi/compiler/2022.0.2/linux/bin-llvm/../include/sycl/CL/sycl/handler.hpp"
                          , "line":"940"
                        }
                        , {
                          "filename":"/home/u139750/lab4/dpcpp-tutorial/matrix-multi/build/src/matrix-multi-st-v3.cpp"
                          , "line":"124"
                        }
                      ]
                    }
                  ]
                }
                , {
                  "type":"text"
                  , "text":"Iteration executed serially across MMstv3.B4, MMstv3.B8. Only a single loop iteration will execute inside this region due to memory dependency:"
                  , "details":
                  [
                    {
                      "type":"text"
                      , "text":"From: Store Operation (%L > %L)"
                      , "links":
                      [
                        {
                          "filename":"/glob/development-tools/versions/oneapi/2022.1.2/oneapi/compiler/2022.0.2/linux/bin-llvm/../include/sycl/CL/sycl/handler.hpp"
                          , "line":"940"
                        }
                        , {
                          "filename":"/home/u139750/lab4/dpcpp-tutorial/matrix-multi/build/src/matrix-multi-st-v3.cpp"
                          , "line":"124"
                        }
                      ]
                    }
                    , {
                      "type":"text"
                      , "text":"To: Load Operation (%L > %L)"
                      , "links":
                      [
                        {
                          "filename":"/glob/development-tools/versions/oneapi/2022.1.2/oneapi/compiler/2022.0.2/linux/bin-llvm/../include/sycl/CL/sycl/handler.hpp"
                          , "line":"940"
                        }
                        , {
                          "filename":"/home/u139750/lab4/dpcpp-tutorial/matrix-multi/build/src/matrix-multi-st-v3.cpp"
                          , "line":"111"
                        }
                      ]
                    }
                  ]
                }
                , {
                  "type":"text"
                  , "text":"Iteration executed serially across MMstv3.B4, MMstv3.B8, MMstv3.B14. Only a single loop iteration will execute inside this region due to memory dependency:"
                  , "details":
                  [
                    {
                      "type":"text"
                      , "text":"From: Store Operation (%L > %L)"
                      , "links":
                      [
                        {
                          "filename":"/glob/development-tools/versions/oneapi/2022.1.2/oneapi/compiler/2022.0.2/linux/bin-llvm/../include/sycl/CL/sycl/handler.hpp"
                          , "line":"940"
                        }
                        , {
                          "filename":"/home/u139750/lab4/dpcpp-tutorial/matrix-multi/build/src/matrix-multi-st-v3.cpp"
                          , "line":"124"
                        }
                      ]
                    }
                    , {
                      "type":"text"
                      , "text":"To: Store Operation (%L > %L)"
                      , "links":
                      [
                        {
                          "filename":"/glob/development-tools/versions/oneapi/2022.1.2/oneapi/compiler/2022.0.2/linux/bin-llvm/../include/sycl/CL/sycl/handler.hpp"
                          , "line":"940"
                        }
                        , {
                          "filename":"/home/u139750/lab4/dpcpp-tutorial/matrix-multi/build/src/matrix-multi-st-v3.cpp"
                          , "line":"124"
                        }
                      ]
                    }
                  ]
                }
                , {
                  "type":"text"
                  , "text":"Stallable instruction: n/a"
                }
                , {
                  "type":"text"
                  , "text":"Maximum concurrent iterations: Capacity of loop"
                  , "details":
                  [
                    {
                      "type":"text"
                      , "text":"Use the %L viewer to estimate capacity"
                      , "links":
                      [
                        {
                          "view":"Fmax II Report"
                        }
                      ]
                    }
                  ]
                }
                , {
                  "type":"text"
                  , "text":"Average Trip count: 200 (exact)"
                }
                , {
                  "type":"text"
                  , "text":"See %L for more information"
                  , "links":
                  [
                    {
                      "guide":"Best Practices Guide : Nested Loops"
                      , "link":"file:////glob/development-tools/versions/oneapi/2022.1.2/oneapi/compiler/2022.0.2/linux/lib/oclfpga/aoc_help_pages/rfr1469543500580.html"
                    }
                  ]
                }
              ]
              , "children":
              [
                {
                  "name":"MMstv3.B4"
                  , "data":
                  ["Yes", ">=1", "0"]
                  , "debug":
                  [
                    [
                      {
                        "filename":"/home/u139750/lab4/dpcpp-tutorial/matrix-multi/build/src/matrix-multi-st-v3.cpp"
                        , "line":98
                      }
                    ]
                  ]
                  , "details":
                  [
                    {
                      "type":"text"
                      , "text":"Stallable instruction: n/a"
                    }
                    , {
                      "type":"text"
                      , "text":"Maximum concurrent iterations: Capacity of loop"
                      , "details":
                      [
                        {
                          "type":"text"
                          , "text":"Use the %L viewer to estimate capacity"
                          , "links":
                          [
                            {
                              "view":"Fmax II Report"
                            }
                          ]
                        }
                      ]
                    }
                    , {
                      "type":"text"
                      , "text":"Average Trip count: 16 (exact)"
                    }
                    , {
                      "type":"text"
                      , "text":"See %L for more information"
                      , "links":
                      [
                        {
                          "guide":"Best Practices Guide : Nested Loops"
                          , "link":"file:////glob/development-tools/versions/oneapi/2022.1.2/oneapi/compiler/2022.0.2/linux/lib/oclfpga/aoc_help_pages/rfr1469543500580.html"
                        }
                      ]
                    }
                  ]
                  , "children":
                  [
                    {
                      "name":"MMstv3.B5"
                      , "data":
                      ["Yes", "~1", "1"]
                      , "debug":
                      [
                        [
                          {
                            "filename":"/home/u139750/lab4/dpcpp-tutorial/matrix-multi/build/src/matrix-multi-st-v3.cpp"
                            , "line":99
                          }
                        ]
                      ]
                      , "details":
                      [
                        {
                          "type":"text"
                          , "text":"II is an approximation due to the following stallable instructions:"
                          , "details":
                          [
                            {
                              "type":"text"
                              , "text":"Load Operation (%L > %L)"
                              , "links":
                              [
                                {
                                  "filename":"/glob/development-tools/versions/oneapi/2022.1.2/oneapi/compiler/2022.0.2/linux/bin-llvm/../include/sycl/CL/sycl/handler.hpp"
                                  , "line":"940"
                                }
                                , {
                                  "filename":"/home/u139750/lab4/dpcpp-tutorial/matrix-multi/build/src/matrix-multi-st-v3.cpp"
                                  , "line":"101"
                                }
                              ]
                            }
                            , {
                              "type":"text"
                              , "text":"Load Operation (%L > %L)"
                              , "links":
                              [
                                {
                                  "filename":"/glob/development-tools/versions/oneapi/2022.1.2/oneapi/compiler/2022.0.2/linux/bin-llvm/../include/sycl/CL/sycl/handler.hpp"
                                  , "line":"940"
                                }
                                , {
                                  "filename":"/home/u139750/lab4/dpcpp-tutorial/matrix-multi/build/src/matrix-multi-st-v3.cpp"
                                  , "line":"102"
                                }
                              ]
                            }
                            , {
                              "type":"text"
                              , "text":"Load Operation (%L > %L)"
                              , "links":
                              [
                                {
                                  "filename":"/glob/development-tools/versions/oneapi/2022.1.2/oneapi/compiler/2022.0.2/linux/bin-llvm/../include/sycl/CL/sycl/handler.hpp"
                                  , "line":"940"
                                }
                                , {
                                  "filename":"/home/u139750/lab4/dpcpp-tutorial/matrix-multi/build/src/matrix-multi-st-v3.cpp"
                                  , "line":"103"
                                }
                              ]
                            }
                          ]
                        }
                        , {
                          "type":"text"
                          , "text":"Maximum concurrent iterations: Capacity of loop"
                          , "details":
                          [
                            {
                              "type":"text"
                              , "text":"Use the %L viewer to estimate capacity"
                              , "links":
                              [
                                {
                                  "view":"Fmax II Report"
                                }
                              ]
                            }
                          ]
                        }
                        , {
                          "type":"text"
                          , "text":"Average Trip count: 16 (exact)"
                        }
                        , {
                          "type":"text"
                          , "text":"See %L for more information"
                          , "links":
                          [
                            {
                              "guide":"Best Practices Guide : Loops in a Single Work-Item Kernel"
                              , "link":"file:////glob/development-tools/versions/oneapi/2022.1.2/oneapi/compiler/2022.0.2/linux/lib/oclfpga/aoc_help_pages/wfa1476380079940.html"
                            }
                          ]
                        }
                      ]
                      , "children":
                      [
                        {
                          "name":"Fully unrolled loop"
                          , "data":
                          ["n/a", "n/a", "n/a"]
                          , "debug":
                          [
                            [
                              {
                                "filename":"accessor.hpp"
                                , "line":839
                              }
                            ]
                          ]
                          , "details":
                          [
                            {
                              "type":"brief"
                              , "text":"Unrolled by #pragma unroll"
                            }
                            , {
                              "type":"text"
                              , "text":"Unrolled by #pragma unroll"
                            }
                          ]
                          , "children":
                          [
                          ]
                        }
                        , {
                          "name":"Fully unrolled loop"
                          , "data":
                          ["n/a", "n/a", "n/a"]
                          , "debug":
                          [
                            [
                              {
                                "filename":"accessor.hpp"
                                , "line":839
                              }
                            ]
                          ]
                          , "details":
                          [
                            {
                              "type":"brief"
                              , "text":"Unrolled by #pragma unroll"
                            }
                            , {
                              "type":"text"
                              , "text":"Unrolled by #pragma unroll"
                            }
                          ]
                          , "children":
                          [
                          ]
                        }
                        , {
                          "name":"Fully unrolled loop"
                          , "data":
                          ["n/a", "n/a", "n/a"]
                          , "debug":
                          [
                            [
                              {
                                "filename":"accessor.hpp"
                                , "line":839
                              }
                            ]
                          ]
                          , "details":
                          [
                            {
                              "type":"brief"
                              , "text":"Unrolled by #pragma unroll"
                            }
                            , {
                              "type":"text"
                              , "text":"Unrolled by #pragma unroll"
                            }
                          ]
                          , "children":
                          [
                          ]
                        }
                      ]
                    }
                  ]
                }
                , {
                  "name":"MMstv3.B8"
                  , "data":
                  ["Yes", ">=1", "0"]
                  , "debug":
                  [
                    [
                      {
                        "filename":"/home/u139750/lab4/dpcpp-tutorial/matrix-multi/build/src/matrix-multi-st-v3.cpp"
                        , "line":106
                      }
                    ]
                  ]
                  , "details":
                  [
                    {
                      "type":"text"
                      , "text":"Stallable instruction: n/a"
                    }
                    , {
                      "type":"text"
                      , "text":"Maximum concurrent iterations: Capacity of loop"
                      , "details":
                      [
                        {
                          "type":"text"
                          , "text":"Use the %L viewer to estimate capacity"
                          , "links":
                          [
                            {
                              "view":"Fmax II Report"
                            }
                          ]
                        }
                      ]
                    }
                    , {
                      "type":"text"
                      , "text":"Average Trip count: 16 (exact)"
                    }
                    , {
                      "type":"text"
                      , "text":"See %L for more information"
                      , "links":
                      [
                        {
                          "guide":"Best Practices Guide : Nested Loops"
                          , "link":"file:////glob/development-tools/versions/oneapi/2022.1.2/oneapi/compiler/2022.0.2/linux/lib/oclfpga/aoc_help_pages/rfr1469543500580.html"
                        }
                      ]
                    }
                  ]
                  , "children":
                  [
                    {
                      "name":"MMstv3.B9"
                      , "data":
                      ["Yes", ">=1", "0"]
                      , "debug":
                      [
                        [
                          {
                            "filename":"/home/u139750/lab4/dpcpp-tutorial/matrix-multi/build/src/matrix-multi-st-v3.cpp"
                            , "line":107
                          }
                        ]
                      ]
                      , "details":
                      [
                        {
                          "type":"text"
                          , "text":"Stallable instruction: n/a"
                        }
                        , {
                          "type":"text"
                          , "text":"Maximum concurrent iterations: Capacity of loop"
                          , "details":
                          [
                            {
                              "type":"text"
                              , "text":"Use the %L viewer to estimate capacity"
                              , "links":
                              [
                                {
                                  "view":"Fmax II Report"
                                }
                              ]
                            }
                          ]
                        }
                        , {
                          "type":"text"
                          , "text":"Average Trip count: 16 (exact)"
                        }
                        , {
                          "type":"text"
                          , "text":"See %L for more information"
                          , "links":
                          [
                            {
                              "guide":"Best Practices Guide : Nested Loops"
                              , "link":"file:////glob/development-tools/versions/oneapi/2022.1.2/oneapi/compiler/2022.0.2/linux/lib/oclfpga/aoc_help_pages/rfr1469543500580.html"
                            }
                          ]
                        }
                      ]
                      , "children":
                      [
                        {
                          "name":"MMstv3.B10"
                          , "data":
                          ["Yes", "1", "1"]
                          , "debug":
                          [
                            [
                              {
                                "filename":"/home/u139750/lab4/dpcpp-tutorial/matrix-multi/build/src/matrix-multi-st-v3.cpp"
                                , "line":110
                              }
                            ]
                          ]
                          , "details":
                          [
                            {
                              "type":"text"
                              , "text":"Stallable instruction: None"
                            }
                            , {
                              "type":"text"
                              , "text":"Maximum concurrent iterations: Capacity of loop"
                              , "details":
                              [
                                {
                                  "type":"text"
                                  , "text":"Use the %L viewer to estimate capacity"
                                  , "links":
                                  [
                                    {
                                      "view":"Fmax II Report"
                                    }
                                  ]
                                }
                              ]
                            }
                            , {
                              "type":"text"
                              , "text":"Average Trip count: 16 (exact)"
                            }
                            , {
                              "type":"text"
                              , "text":"See %L for more information"
                              , "links":
                              [
                                {
                                  "guide":"Best Practices Guide : Loops in a Single Work-Item Kernel"
                                  , "link":"file:////glob/development-tools/versions/oneapi/2022.1.2/oneapi/compiler/2022.0.2/linux/lib/oclfpga/aoc_help_pages/wfa1476380079940.html"
                                }
                              ]
                            }
                          ]
                          , "children":
                          [
                          ]
                        }
                      ]
                    }
                  ]
                }
                , {
                  "name":"MMstv3.B14"
                  , "data":
                  ["Yes", ">=1", "0"]
                  , "debug":
                  [
                    [
                      {
                        "filename":"/home/u139750/lab4/dpcpp-tutorial/matrix-multi/build/src/matrix-multi-st-v3.cpp"
                        , "line":121
                      }
                    ]
                  ]
                  , "details":
                  [
                    {
                      "type":"text"
                      , "text":"Stallable instruction: n/a"
                    }
                    , {
                      "type":"text"
                      , "text":"Maximum concurrent iterations: Capacity of loop"
                      , "details":
                      [
                        {
                          "type":"text"
                          , "text":"Use the %L viewer to estimate capacity"
                          , "links":
                          [
                            {
                              "view":"Fmax II Report"
                            }
                          ]
                        }
                      ]
                    }
                    , {
                      "type":"text"
                      , "text":"Average Trip count: 16 (exact)"
                    }
                    , {
                      "type":"text"
                      , "text":"See %L for more information"
                      , "links":
                      [
                        {
                          "guide":"Best Practices Guide : Nested Loops"
                          , "link":"file:////glob/development-tools/versions/oneapi/2022.1.2/oneapi/compiler/2022.0.2/linux/lib/oclfpga/aoc_help_pages/rfr1469543500580.html"
                        }
                      ]
                    }
                  ]
                  , "children":
                  [
                    {
                      "name":"MMstv3.B15"
                      , "data":
                      ["Yes", "~1", "1"]
                      , "debug":
                      [
                        [
                          {
                            "filename":"/home/u139750/lab4/dpcpp-tutorial/matrix-multi/build/src/matrix-multi-st-v3.cpp"
                            , "line":122
                          }
                        ]
                      ]
                      , "details":
                      [
                        {
                          "type":"text"
                          , "text":"II is an approximation due to the following stallable instruction:"
                          , "details":
                          [
                            {
                              "type":"text"
                              , "text":"Store Operation (%L > %L)"
                              , "links":
                              [
                                {
                                  "filename":"/glob/development-tools/versions/oneapi/2022.1.2/oneapi/compiler/2022.0.2/linux/bin-llvm/../include/sycl/CL/sycl/handler.hpp"
                                  , "line":"940"
                                }
                                , {
                                  "filename":"/home/u139750/lab4/dpcpp-tutorial/matrix-multi/build/src/matrix-multi-st-v3.cpp"
                                  , "line":"124"
                                }
                              ]
                            }
                          ]
                        }
                        , {
                          "type":"text"
                          , "text":"Maximum concurrent iterations: Capacity of loop"
                          , "details":
                          [
                            {
                              "type":"text"
                              , "text":"Use the %L viewer to estimate capacity"
                              , "links":
                              [
                                {
                                  "view":"Fmax II Report"
                                }
                              ]
                            }
                          ]
                        }
                        , {
                          "type":"text"
                          , "text":"Average Trip count: 16 (exact)"
                        }
                        , {
                          "type":"text"
                          , "text":"See %L for more information"
                          , "links":
                          [
                            {
                              "guide":"Best Practices Guide : Loops in a Single Work-Item Kernel"
                              , "link":"file:////glob/development-tools/versions/oneapi/2022.1.2/oneapi/compiler/2022.0.2/linux/lib/oclfpga/aoc_help_pages/wfa1476380079940.html"
                            }
                          ]
                        }
                      ]
                      , "children":
                      [
                        {
                          "name":"Fully unrolled loop"
                          , "data":
                          ["n/a", "n/a", "n/a"]
                          , "debug":
                          [
                            [
                              {
                                "filename":"accessor.hpp"
                                , "line":839
                              }
                            ]
                          ]
                          , "details":
                          [
                            {
                              "type":"brief"
                              , "text":"Unrolled by #pragma unroll"
                            }
                            , {
                              "type":"text"
                              , "text":"Unrolled by #pragma unroll"
                            }
                          ]
                          , "children":
                          [
                          ]
                        }
                      ]
                    }
                  ]
                }
              ]
            }
          ]
        }
      ]
    }
    , {
      "name":"Kernel: MMstv3_cplusd"
      , "data":
      ["", "", ""]
      , "debug":
      [
        [
          {
            "filename":"/home/u139750/lab4/dpcpp-tutorial/matrix-multi/build/src/matrix-multi-st-v3.cpp"
            , "line":149
          }
        ]
      ]
      , "details":
      [
        {
          "type":"brief"
          , "text":"Single work-item execution"
        }
        , {
          "type":"text"
          , "text":"Single work-item execution"
        }
        , {
          "type":"text"
          , "text":"Fmax bottlenck block: None"
        }
        , {
          "type":"text"
          , "text":"See %L for more information"
          , "links":
          [
            {
              "guide":"Best Practices Guide : Kernels"
              , "link":"file:////glob/development-tools/versions/oneapi/2022.1.2/oneapi/compiler/2022.0.2/linux/lib/oclfpga/aoc_help_pages/ipp1476408832230.html"
            }
          ]
        }
      ]
      , "children":
      [
        {
          "name":"Fully unrolled loop"
          , "data":
          ["n/a", "n/a", "n/a"]
          , "debug":
          [
            [
              {
                "filename":"accessor.hpp"
                , "line":896
              }
            ]
          ]
          , "details":
          [
            {
              "type":"brief"
              , "text":"Unrolled by #pragma unroll"
            }
            , {
              "type":"text"
              , "text":"Unrolled by #pragma unroll"
            }
          ]
          , "children":
          [
          ]
        }
        , {
          "name":"Fully unrolled loop"
          , "data":
          ["n/a", "n/a", "n/a"]
          , "debug":
          [
            [
              {
                "filename":"accessor.hpp"
                , "line":896
              }
            ]
          ]
          , "details":
          [
            {
              "type":"brief"
              , "text":"Unrolled by #pragma unroll"
            }
            , {
              "type":"text"
              , "text":"Unrolled by #pragma unroll"
            }
          ]
          , "children":
          [
          ]
        }
        , {
          "name":"MMstv3_cplusd.B1"
          , "data":
          ["Yes", ">=1", "0"]
          , "debug":
          [
            [
              {
                "filename":"/home/u139750/lab4/dpcpp-tutorial/matrix-multi/build/src/matrix-multi-st-v3.cpp"
                , "line":154
              }
            ]
          ]
          , "details":
          [
            {
              "type":"brief"
              , "text":"Serial exe: Memory dependency"
            }
            , {
              "type":"text"
              , "text":"Iteration executed serially across MMstv3_cplusd.B2. Only a single loop iteration will execute inside this region due to memory dependency:"
              , "details":
              [
                {
                  "type":"text"
                  , "text":"From: Load Operation (%L > %L)"
                  , "links":
                  [
                    {
                      "filename":"/glob/development-tools/versions/oneapi/2022.1.2/oneapi/compiler/2022.0.2/linux/bin-llvm/../include/sycl/CL/sycl/handler.hpp"
                      , "line":"940"
                    }
                    , {
                      "filename":"/home/u139750/lab4/dpcpp-tutorial/matrix-multi/build/src/matrix-multi-st-v3.cpp"
                      , "line":"156"
                    }
                  ]
                }
                , {
                  "type":"text"
                  , "text":"To: Store Operation (%L > %L)"
                  , "links":
                  [
                    {
                      "filename":"/glob/development-tools/versions/oneapi/2022.1.2/oneapi/compiler/2022.0.2/linux/bin-llvm/../include/sycl/CL/sycl/handler.hpp"
                      , "line":"940"
                    }
                    , {
                      "filename":"/home/u139750/lab4/dpcpp-tutorial/matrix-multi/build/src/matrix-multi-st-v3.cpp"
                      , "line":"156"
                    }
                  ]
                }
              ]
            }
            , {
              "type":"text"
              , "text":"Stallable instruction: n/a"
            }
            , {
              "type":"text"
              , "text":"Maximum concurrent iterations: Capacity of loop"
              , "details":
              [
                {
                  "type":"text"
                  , "text":"Use the %L viewer to estimate capacity"
                  , "links":
                  [
                    {
                      "view":"Fmax II Report"
                    }
                  ]
                }
              ]
            }
            , {
              "type":"text"
              , "text":"Average Trip count: 800 (exact)"
            }
            , {
              "type":"text"
              , "text":"See %L for more information"
              , "links":
              [
                {
                  "guide":"Best Practices Guide : Nested Loops"
                  , "link":"file:////glob/development-tools/versions/oneapi/2022.1.2/oneapi/compiler/2022.0.2/linux/lib/oclfpga/aoc_help_pages/rfr1469543500580.html"
                }
              ]
            }
          ]
          , "children":
          [
            {
              "name":"MMstv3_cplusd.B2"
              , "data":
              ["Yes", "~1", "1"]
              , "debug":
              [
                [
                  {
                    "filename":"/home/u139750/lab4/dpcpp-tutorial/matrix-multi/build/src/matrix-multi-st-v3.cpp"
                    , "line":155
                  }
                ]
              ]
              , "details":
              [
                {
                  "type":"text"
                  , "text":"II is an approximation due to the following stallable instructions:"
                  , "details":
                  [
                    {
                      "type":"text"
                      , "text":"Load Operation (%L > %L)"
                      , "links":
                      [
                        {
                          "filename":"/glob/development-tools/versions/oneapi/2022.1.2/oneapi/compiler/2022.0.2/linux/bin-llvm/../include/sycl/CL/sycl/handler.hpp"
                          , "line":"940"
                        }
                        , {
                          "filename":"/home/u139750/lab4/dpcpp-tutorial/matrix-multi/build/src/matrix-multi-st-v3.cpp"
                          , "line":"156"
                        }
                      ]
                    }
                    , {
                      "type":"text"
                      , "text":"Load Operation (%L > %L)"
                      , "links":
                      [
                        {
                          "filename":"/glob/development-tools/versions/oneapi/2022.1.2/oneapi/compiler/2022.0.2/linux/bin-llvm/../include/sycl/CL/sycl/handler.hpp"
                          , "line":"940"
                        }
                        , {
                          "filename":"/home/u139750/lab4/dpcpp-tutorial/matrix-multi/build/src/matrix-multi-st-v3.cpp"
                          , "line":"156"
                        }
                      ]
                    }
                    , {
                      "type":"text"
                      , "text":"Store Operation (%L > %L)"
                      , "links":
                      [
                        {
                          "filename":"/glob/development-tools/versions/oneapi/2022.1.2/oneapi/compiler/2022.0.2/linux/bin-llvm/../include/sycl/CL/sycl/handler.hpp"
                          , "line":"940"
                        }
                        , {
                          "filename":"/home/u139750/lab4/dpcpp-tutorial/matrix-multi/build/src/matrix-multi-st-v3.cpp"
                          , "line":"156"
                        }
                      ]
                    }
                  ]
                }
                , {
                  "type":"text"
                  , "text":"Maximum concurrent iterations: Capacity of loop"
                  , "details":
                  [
                    {
                      "type":"text"
                      , "text":"Use the %L viewer to estimate capacity"
                      , "links":
                      [
                        {
                          "view":"Fmax II Report"
                        }
                      ]
                    }
                  ]
                }
                , {
                  "type":"text"
                  , "text":"Average Trip count: 3200 (exact)"
                }
                , {
                  "type":"text"
                  , "text":"See %L for more information"
                  , "links":
                  [
                    {
                      "guide":"Best Practices Guide : Loops in a Single Work-Item Kernel"
                      , "link":"file:////glob/development-tools/versions/oneapi/2022.1.2/oneapi/compiler/2022.0.2/linux/lib/oclfpga/aoc_help_pages/wfa1476380079940.html"
                    }
                  ]
                }
              ]
              , "children":
              [
                {
                  "name":"Fully unrolled loop"
                  , "data":
                  ["n/a", "n/a", "n/a"]
                  , "debug":
                  [
                    [
                      {
                        "filename":"accessor.hpp"
                        , "line":839
                      }
                    ]
                  ]
                  , "details":
                  [
                    {
                      "type":"brief"
                      , "text":"Unrolled by #pragma unroll"
                    }
                    , {
                      "type":"text"
                      , "text":"Unrolled by #pragma unroll"
                    }
                  ]
                  , "children":
                  [
                  ]
                }
                , {
                  "name":"Fully unrolled loop"
                  , "data":
                  ["n/a", "n/a", "n/a"]
                  , "debug":
                  [
                    [
                      {
                        "filename":"accessor.hpp"
                        , "line":839
                      }
                    ]
                  ]
                  , "details":
                  [
                    {
                      "type":"brief"
                      , "text":"Unrolled by #pragma unroll"
                    }
                    , {
                      "type":"text"
                      , "text":"Unrolled by #pragma unroll"
                    }
                  ]
                  , "children":
                  [
                  ]
                }
              ]
            }
          ]
        }
      ]
    }
  ]
}
