{
  "nodes":
  [
    {
      "type":"kernel"
      , "id":2
      , "name":"MMstv3"
      , "children":
      [
        {
          "type":"bb"
          , "id":3
          , "name":"MMstv3.B0"
          , "details":
          [
            {
              "type":"table"
              , "Latency":"2"
            }
          ]
        }
        , {
          "type":"bb"
          , "id":4
          , "name":"MMstv3.B1"
          , "details":
          [
            {
              "type":"table"
              , "Latency":"5"
              , "II":"1"
              , "Subloops":"Yes"
              , "Pipelined":"Yes"
              , "Fmax Bottlenecks":"No"
              , "Loop Info":"Entry to loop. "
              , "Loops To":"6"
            }
          ]
        }
        , {
          "type":"bb"
          , "id":5
          , "name":"MMstv3.B2"
          , "details":
          [
            {
              "type":"table"
              , "Latency":"6"
              , "II":"1"
              , "Subloops":"Yes"
              , "Pipelined":"Yes"
              , "Fmax Bottlenecks":"No"
              , "Loop Info":"Entry to loop. "
              , "Loops To":"20"
            }
          ]
        }
        , {
          "type":"bb"
          , "id":6
          , "name":"MMstv3.B3"
          , "details":
          [
            {
              "type":"table"
              , "Latency":"0"
              , "II":"1"
              , "Subloops":"Yes"
              , "Pipelined":"Yes"
              , "Fmax Bottlenecks":"No"
              , "Loop Info":"Exit which branches back to loop. "
            }
          ]
        }
        , {
          "type":"bb"
          , "id":7
          , "name":"MMstv3.B4"
          , "details":
          [
            {
              "type":"table"
              , "Latency":"19"
              , "II":"1"
              , "Subloops":"Yes"
              , "Pipelined":"Yes"
              , "Fmax Bottlenecks":"No"
              , "Loop Info":"Entry to loop. "
              , "Loops To":"9"
            }
          ]
        }
        , {
          "type":"bb"
          , "id":8
          , "name":"MMstv3.B5"
          , "children":
          [
            {
              "type":"inst"
              , "id":22
              , "name":"Load"
              , "debug":
              [
                [
                  {
                    "filename":"/home/u139750/lab4/dpcpp-tutorial/matrix-multi/build/src/matrix-multi-st-v3.cpp"
                    , "line":101
                  }
                ]
              ]
              , "details":
              [
                {
                  "type":"table"
                  , "Width":"32 bits"
                  , "Type":"Burst-coalesced"
                  , "Stall-free":"No"
                  , "Start Cycle":"6"
                  , "Latency":"239"
                  , "Reference":
                  [
                    {
                      "type":"text"
                      , "text":"See %L for more information"
                      , "links":
                      [
                        {
                          "guide":"Best Practices Guide : Load-Store Units"
                          , "link":"file:////glob/development-tools/versions/oneapi/2022.1.2/oneapi/compiler/2022.0.2/linux/lib/oclfpga/aoc_help_pages/yeo1491314105959.html"
                        }
                      ]
                    }
                  ]
                }
              ]
            }
            , {
              "type":"inst"
              , "id":23
              , "name":"Load"
              , "debug":
              [
                [
                  {
                    "filename":"/home/u139750/lab4/dpcpp-tutorial/matrix-multi/build/src/matrix-multi-st-v3.cpp"
                    , "line":102
                  }
                ]
              ]
              , "details":
              [
                {
                  "type":"table"
                  , "Width":"32 bits"
                  , "Type":"Burst-coalesced"
                  , "Stall-free":"No"
                  , "Start Cycle":"6"
                  , "Latency":"239"
                  , "Reference":
                  [
                    {
                      "type":"text"
                      , "text":"See %L for more information"
                      , "links":
                      [
                        {
                          "guide":"Best Practices Guide : Load-Store Units"
                          , "link":"file:////glob/development-tools/versions/oneapi/2022.1.2/oneapi/compiler/2022.0.2/linux/lib/oclfpga/aoc_help_pages/yeo1491314105959.html"
                        }
                      ]
                    }
                  ]
                }
              ]
            }
            , {
              "type":"inst"
              , "id":24
              , "name":"Load"
              , "debug":
              [
                [
                  {
                    "filename":"/home/u139750/lab4/dpcpp-tutorial/matrix-multi/build/src/matrix-multi-st-v3.cpp"
                    , "line":103
                  }
                ]
              ]
              , "details":
              [
                {
                  "type":"table"
                  , "Width":"32 bits"
                  , "Type":"Burst-coalesced"
                  , "Stall-free":"No"
                  , "Start Cycle":"6"
                  , "Latency":"239"
                  , "Reference":
                  [
                    {
                      "type":"text"
                      , "text":"See %L for more information"
                      , "links":
                      [
                        {
                          "guide":"Best Practices Guide : Load-Store Units"
                          , "link":"file:////glob/development-tools/versions/oneapi/2022.1.2/oneapi/compiler/2022.0.2/linux/lib/oclfpga/aoc_help_pages/yeo1491314105959.html"
                        }
                      ]
                    }
                  ]
                }
              ]
            }
            , {
              "type":"inst"
              , "id":25
              , "name":"Store"
              , "debug":
              [
                [
                  {
                    "filename":"/home/u139750/lab4/dpcpp-tutorial/matrix-multi/build/src/matrix-multi-st-v3.cpp"
                    , "line":101
                  }
                ]
              ]
              , "details":
              [
                {
                  "type":"table"
                  , "Width":"32 bits"
                  , "Type":"Pipelined never-stall"
                  , "Stall-free":"Yes"
                  , "Stores to":"local_mem_a"
                  , "Start Cycle":"246"
                  , "Latency":"1"
                  , "Reference":
                  [
                    {
                      "type":"text"
                      , "text":"See %L for more information"
                      , "links":
                      [
                        {
                          "guide":"Best Practices Guide : Load-Store Units"
                          , "link":"file:////glob/development-tools/versions/oneapi/2022.1.2/oneapi/compiler/2022.0.2/linux/lib/oclfpga/aoc_help_pages/yeo1491314105959.html"
                        }
                      ]
                    }
                  ]
                }
              ]
            }
            , {
              "type":"inst"
              , "id":26
              , "name":"Store"
              , "debug":
              [
                [
                  {
                    "filename":"/home/u139750/lab4/dpcpp-tutorial/matrix-multi/build/src/matrix-multi-st-v3.cpp"
                    , "line":102
                  }
                ]
              ]
              , "details":
              [
                {
                  "type":"table"
                  , "Width":"32 bits"
                  , "Type":"Pipelined never-stall"
                  , "Stall-free":"Yes"
                  , "Stores to":"local_mem_b"
                  , "Start Cycle":"246"
                  , "Latency":"1"
                  , "Reference":
                  [
                    {
                      "type":"text"
                      , "text":"See %L for more information"
                      , "links":
                      [
                        {
                          "guide":"Best Practices Guide : Load-Store Units"
                          , "link":"file:////glob/development-tools/versions/oneapi/2022.1.2/oneapi/compiler/2022.0.2/linux/lib/oclfpga/aoc_help_pages/yeo1491314105959.html"
                        }
                      ]
                    }
                  ]
                }
              ]
            }
            , {
              "type":"inst"
              , "id":27
              , "name":"Store"
              , "debug":
              [
                [
                  {
                    "filename":"/home/u139750/lab4/dpcpp-tutorial/matrix-multi/build/src/matrix-multi-st-v3.cpp"
                    , "line":103
                  }
                ]
              ]
              , "details":
              [
                {
                  "type":"table"
                  , "Width":"32 bits"
                  , "Type":"Pipelined never-stall"
                  , "Stall-free":"Yes"
                  , "Stores to":"local_mem_d"
                  , "Start Cycle":"246"
                  , "Latency":"1"
                  , "Reference":
                  [
                    {
                      "type":"text"
                      , "text":"See %L for more information"
                      , "links":
                      [
                        {
                          "guide":"Best Practices Guide : Load-Store Units"
                          , "link":"file:////glob/development-tools/versions/oneapi/2022.1.2/oneapi/compiler/2022.0.2/linux/lib/oclfpga/aoc_help_pages/yeo1491314105959.html"
                        }
                      ]
                    }
                  ]
                }
              ]
            }
            , {
              "type":"inst"
              , "id":34
              , "name":"Loop Input"
              , "debug":
              [
                [
                  {
                    "filename":"/home/u139750/lab4/dpcpp-tutorial/matrix-multi/build/src/matrix-multi-st-v3.cpp"
                    , "line":99
                  }
                ]
              ]
              , "details":
              [
                {
                  "type":"table"
                  , "Start Cycle":"0"
                  , "Latency":"1"
                  , "Loops To":"35"
                }
              ]
            }
            , {
              "type":"inst"
              , "id":35
              , "name":"Loop End"
              , "details":
              [
                {
                  "type":"table"
                  , "Start Cycle":"247"
                  , "Latency":"1"
                }
              ]
            }
          ]
          , "details":
          [
            {
              "type":"table"
              , "Latency":"247"
              , "II":"1"
              , "Subloops":"No"
              , "Pipelined":"Yes"
              , "Fmax Bottlenecks":"No"
              , "Loop Info":""
            }
          ]
        }
        , {
          "type":"bb"
          , "id":9
          , "name":"MMstv3.B6"
          , "details":
          [
            {
              "type":"table"
              , "Latency":"0"
              , "II":"1"
              , "Subloops":"Yes"
              , "Pipelined":"Yes"
              , "Fmax Bottlenecks":"No"
              , "Loop Info":"Exit which branches back to loop. "
            }
          ]
        }
        , {
          "type":"bb"
          , "id":10
          , "name":"MMstv3.B7"
          , "details":
          [
            {
              "type":"table"
              , "Latency":"0"
            }
          ]
        }
        , {
          "type":"bb"
          , "id":11
          , "name":"MMstv3.B8"
          , "details":
          [
            {
              "type":"table"
              , "Latency":"5"
              , "II":"1"
              , "Subloops":"Yes"
              , "Pipelined":"Yes"
              , "Fmax Bottlenecks":"No"
              , "Loop Info":"Entry to loop. "
              , "Loops To":"15"
            }
          ]
        }
        , {
          "type":"bb"
          , "id":12
          , "name":"MMstv3.B9"
          , "details":
          [
            {
              "type":"table"
              , "Latency":"5"
              , "II":"1"
              , "Subloops":"Yes"
              , "Pipelined":"Yes"
              , "Fmax Bottlenecks":"No"
              , "Loop Info":"Entry to loop. "
              , "Loops To":"39"
            }
          ]
        }
        , {
          "type":"bb"
          , "id":13
          , "name":"MMstv3.B10"
          , "children":
          [
            {
              "type":"inst"
              , "id":28
              , "name":"Load"
              , "debug":
              [
                [
                  {
                    "filename":"/home/u139750/lab4/dpcpp-tutorial/matrix-multi/build/src/matrix-multi-st-v3.cpp"
                    , "line":111
                  }
                ]
              ]
              , "details":
              [
                {
                  "type":"table"
                  , "Width":"32 bits"
                  , "Type":"Pipelined never-stall"
                  , "Stall-free":"Yes"
                  , "Loads from":"local_mem_a"
                  , "Start Cycle":"2"
                  , "Latency":"3"
                  , "Reference":
                  [
                    {
                      "type":"text"
                      , "text":"See %L for more information"
                      , "links":
                      [
                        {
                          "guide":"Best Practices Guide : Load-Store Units"
                          , "link":"file:////glob/development-tools/versions/oneapi/2022.1.2/oneapi/compiler/2022.0.2/linux/lib/oclfpga/aoc_help_pages/yeo1491314105959.html"
                        }
                      ]
                    }
                  ]
                }
              ]
            }
            , {
              "type":"inst"
              , "id":29
              , "name":"Load"
              , "debug":
              [
                [
                  {
                    "filename":"/home/u139750/lab4/dpcpp-tutorial/matrix-multi/build/src/matrix-multi-st-v3.cpp"
                    , "line":111
                  }
                ]
              ]
              , "details":
              [
                {
                  "type":"table"
                  , "Width":"32 bits"
                  , "Type":"Pipelined never-stall"
                  , "Stall-free":"Yes"
                  , "Loads from":"local_mem_b"
                  , "Start Cycle":"2"
                  , "Latency":"3"
                  , "Reference":
                  [
                    {
                      "type":"text"
                      , "text":"See %L for more information"
                      , "links":
                      [
                        {
                          "guide":"Best Practices Guide : Load-Store Units"
                          , "link":"file:////glob/development-tools/versions/oneapi/2022.1.2/oneapi/compiler/2022.0.2/linux/lib/oclfpga/aoc_help_pages/yeo1491314105959.html"
                        }
                      ]
                    }
                  ]
                }
              ]
            }
            , {
              "type":"inst"
              , "id":36
              , "name":"Loop Input"
              , "debug":
              [
                [
                  {
                    "filename":"/home/u139750/lab4/dpcpp-tutorial/matrix-multi/build/src/matrix-multi-st-v3.cpp"
                    , "line":110
                  }
                ]
              ]
              , "details":
              [
                {
                  "type":"table"
                  , "Start Cycle":"0"
                  , "Latency":"1"
                  , "Loops To":"37"
                }
              ]
            }
            , {
              "type":"inst"
              , "id":37
              , "name":"Loop End"
              , "details":
              [
                {
                  "type":"table"
                  , "Start Cycle":"13"
                  , "Latency":"1"
                }
              ]
            }
          ]
          , "details":
          [
            {
              "type":"table"
              , "Latency":"13"
              , "II":"1"
              , "Subloops":"No"
              , "Pipelined":"Yes"
              , "Fmax Bottlenecks":"No"
              , "Loop Info":""
            }
          ]
        }
        , {
          "type":"bb"
          , "id":14
          , "name":"MMstv3.B11"
          , "children":
          [
            {
              "type":"inst"
              , "id":30
              , "name":"Load"
              , "debug":
              [
                [
                  {
                    "filename":"/home/u139750/lab4/dpcpp-tutorial/matrix-multi/build/src/matrix-multi-st-v3.cpp"
                    , "line":117
                  }
                ]
              ]
              , "details":
              [
                {
                  "type":"table"
                  , "Width":"32 bits"
                  , "Type":"Pipelined never-stall"
                  , "Stall-free":"Yes"
                  , "Loads from":"local_mem_d"
                  , "Start Cycle":"1"
                  , "Latency":"4"
                  , "Reference":
                  [
                    {
                      "type":"text"
                      , "text":"See %L for more information"
                      , "links":
                      [
                        {
                          "guide":"Best Practices Guide : Load-Store Units"
                          , "link":"file:////glob/development-tools/versions/oneapi/2022.1.2/oneapi/compiler/2022.0.2/linux/lib/oclfpga/aoc_help_pages/yeo1491314105959.html"
                        }
                      ]
                    }
                  ]
                }
              ]
            }
            , {
              "type":"inst"
              , "id":31
              , "name":"Store"
              , "debug":
              [
                [
                  {
                    "filename":"/home/u139750/lab4/dpcpp-tutorial/matrix-multi/build/src/matrix-multi-st-v3.cpp"
                    , "line":117
                  }
                ]
              ]
              , "details":
              [
                {
                  "type":"table"
                  , "Width":"32 bits"
                  , "Type":"Pipelined never-stall"
                  , "Stall-free":"Yes"
                  , "Stores to":"local_mem_d"
                  , "Start Cycle":"9"
                  , "Latency":"1"
                  , "Reference":
                  [
                    {
                      "type":"text"
                      , "text":"See %L for more information"
                      , "links":
                      [
                        {
                          "guide":"Best Practices Guide : Load-Store Units"
                          , "link":"file:////glob/development-tools/versions/oneapi/2022.1.2/oneapi/compiler/2022.0.2/linux/lib/oclfpga/aoc_help_pages/yeo1491314105959.html"
                        }
                      ]
                    }
                  ]
                }
              ]
            }
            , {
              "type":"inst"
              , "id":38
              , "name":"Begin"
              , "details":
              [
                {
                  "type":"table"
                  , "Start Cycle":"0"
                  , "Latency":"1"
                }
              ]
            }
            , {
              "type":"inst"
              , "id":39
              , "name":"End"
              , "details":
              [
                {
                  "type":"table"
                  , "Start Cycle":"13"
                  , "Latency":"1"
                }
              ]
            }
          ]
          , "details":
          [
            {
              "type":"table"
              , "Latency":"13"
              , "II":"1"
              , "Subloops":"Yes"
              , "Pipelined":"Yes"
              , "Fmax Bottlenecks":"No"
              , "Loop Info":"Exit which branches back to loop. "
            }
          ]
        }
        , {
          "type":"bb"
          , "id":15
          , "name":"MMstv3.B12"
          , "details":
          [
            {
              "type":"table"
              , "Latency":"0"
              , "II":"1"
              , "Subloops":"Yes"
              , "Pipelined":"Yes"
              , "Fmax Bottlenecks":"No"
              , "Loop Info":"Exit which branches back to loop. "
            }
          ]
        }
        , {
          "type":"bb"
          , "id":16
          , "name":"MMstv3.B13"
          , "details":
          [
            {
              "type":"table"
              , "Latency":"0"
            }
          ]
        }
        , {
          "type":"bb"
          , "id":17
          , "name":"MMstv3.B14"
          , "details":
          [
            {
              "type":"table"
              , "Latency":"11"
              , "II":"1"
              , "Subloops":"Yes"
              , "Pipelined":"Yes"
              , "Fmax Bottlenecks":"No"
              , "Loop Info":"Entry to loop. "
              , "Loops To":"19"
            }
          ]
        }
        , {
          "type":"bb"
          , "id":18
          , "name":"MMstv3.B15"
          , "children":
          [
            {
              "type":"inst"
              , "id":32
              , "name":"Load"
              , "debug":
              [
                [
                  {
                    "filename":"/home/u139750/lab4/dpcpp-tutorial/matrix-multi/build/src/matrix-multi-st-v3.cpp"
                    , "line":124
                  }
                ]
              ]
              , "details":
              [
                {
                  "type":"table"
                  , "Width":"32 bits"
                  , "Type":"Pipelined never-stall"
                  , "Stall-free":"Yes"
                  , "Loads from":"local_mem_d"
                  , "Start Cycle":"2"
                  , "Latency":"4"
                  , "Reference":
                  [
                    {
                      "type":"text"
                      , "text":"See %L for more information"
                      , "links":
                      [
                        {
                          "guide":"Best Practices Guide : Load-Store Units"
                          , "link":"file:////glob/development-tools/versions/oneapi/2022.1.2/oneapi/compiler/2022.0.2/linux/lib/oclfpga/aoc_help_pages/yeo1491314105959.html"
                        }
                      ]
                    }
                  ]
                }
              ]
            }
            , {
              "type":"inst"
              , "id":33
              , "name":"Store"
              , "debug":
              [
                [
                  {
                    "filename":"/home/u139750/lab4/dpcpp-tutorial/matrix-multi/build/src/matrix-multi-st-v3.cpp"
                    , "line":124
                  }
                ]
              ]
              , "details":
              [
                {
                  "type":"table"
                  , "Width":"32 bits"
                  , "Type":"Burst-coalesced"
                  , "Stall-free":"No"
                  , "Start Cycle":"10"
                  , "Latency":"74"
                  , "Reference":
                  [
                    {
                      "type":"text"
                      , "text":"See %L for more information"
                      , "links":
                      [
                        {
                          "guide":"Best Practices Guide : Load-Store Units"
                          , "link":"file:////glob/development-tools/versions/oneapi/2022.1.2/oneapi/compiler/2022.0.2/linux/lib/oclfpga/aoc_help_pages/yeo1491314105959.html"
                        }
                      ]
                    }
                  ]
                }
              ]
            }
            , {
              "type":"inst"
              , "id":40
              , "name":"Loop Input"
              , "debug":
              [
                [
                  {
                    "filename":"/home/u139750/lab4/dpcpp-tutorial/matrix-multi/build/src/matrix-multi-st-v3.cpp"
                    , "line":122
                  }
                ]
              ]
              , "details":
              [
                {
                  "type":"table"
                  , "Start Cycle":"0"
                  , "Latency":"1"
                  , "Loops To":"41"
                }
              ]
            }
            , {
              "type":"inst"
              , "id":41
              , "name":"Loop End"
              , "details":
              [
                {
                  "type":"table"
                  , "Start Cycle":"84"
                  , "Latency":"1"
                }
              ]
            }
          ]
          , "details":
          [
            {
              "type":"table"
              , "Latency":"84"
              , "II":"1"
              , "Subloops":"No"
              , "Pipelined":"Yes"
              , "Fmax Bottlenecks":"No"
              , "Loop Info":""
            }
          ]
        }
        , {
          "type":"bb"
          , "id":19
          , "name":"MMstv3.B16"
          , "details":
          [
            {
              "type":"table"
              , "Latency":"0"
              , "II":"1"
              , "Subloops":"Yes"
              , "Pipelined":"Yes"
              , "Fmax Bottlenecks":"No"
              , "Loop Info":"Exit which branches back to loop. "
            }
          ]
        }
        , {
          "type":"bb"
          , "id":20
          , "name":"MMstv3.B17"
          , "details":
          [
            {
              "type":"table"
              , "Latency":"0"
              , "II":"1"
              , "Subloops":"Yes"
              , "Pipelined":"Yes"
              , "Fmax Bottlenecks":"No"
              , "Loop Info":"Exit which branches back to loop. "
            }
          ]
        }
        , {
          "type":"bb"
          , "id":21
          , "name":"MMstv3.B18"
          , "details":
          [
            {
              "type":"table"
              , "Latency":"0"
            }
          ]
        }
        , {
          "type":"memtype"
          , "id":42
          , "name":"On-chip Memory"
          , "children":
          [
            {
              "type":"memsys"
              , "id":43
              , "name":"local_mem_a"
              , "debug":
              [
                [
                  {
                    "filename":"matrix-multi-st-v3.cpp"
                    , "line":83
                  }
                ]
              ]
              , "details":
              [
                {
                  "type":"table"
                  , "Requested size":"1024 bytes"
                  , "Implemented size":"1024 bytes"
                  , "Number of banks":"16"
                  , "Bank width":"512 bits"
                  , "Bank depth":"1 word"
                  , "Number of replicates":"1"
                  , "Number of private copies":"1"
                  , "Reference":
                  [
                    {
                      "type":"text"
                      , "text":"See %L for more information"
                      , "links":
                      [
                        {
                          "guide":"Best Practices Guide : Local Memory"
                          , "link":"file:////glob/development-tools/versions/oneapi/2022.1.2/oneapi/compiler/2022.0.2/linux/lib/oclfpga/aoc_help_pages/chn1469549457114.html"
                        }
                      ]
                    }
                  ]
                }
              ]
            }
            , {
              "type":"memsys"
              , "id":92
              , "name":"local_mem_b"
              , "debug":
              [
                [
                  {
                    "filename":"matrix-multi-st-v3.cpp"
                    , "line":84
                  }
                ]
              ]
              , "details":
              [
                {
                  "type":"table"
                  , "Requested size":"1024 bytes"
                  , "Implemented size":"1024 bytes"
                  , "Number of banks":"16"
                  , "Bank width":"512 bits"
                  , "Bank depth":"1 word"
                  , "Number of replicates":"1"
                  , "Number of private copies":"1"
                  , "Reference":
                  [
                    {
                      "type":"text"
                      , "text":"See %L for more information"
                      , "links":
                      [
                        {
                          "guide":"Best Practices Guide : Local Memory"
                          , "link":"file:////glob/development-tools/versions/oneapi/2022.1.2/oneapi/compiler/2022.0.2/linux/lib/oclfpga/aoc_help_pages/chn1469549457114.html"
                        }
                      ]
                    }
                  ]
                }
              ]
            }
            , {
              "type":"memsys"
              , "id":141
              , "name":"local_mem_d"
              , "debug":
              [
                [
                  {
                    "filename":"matrix-multi-st-v3.cpp"
                    , "line":85
                  }
                ]
              ]
              , "details":
              [
                {
                  "type":"table"
                  , "Requested size":"1024 bytes"
                  , "Implemented size":"1024 bytes"
                  , "Number of banks":"16"
                  , "Bank width":"512 bits"
                  , "Bank depth":"1 word"
                  , "Number of replicates":"1"
                  , "Number of private copies":"1"
                  , "Additional Information":"Running memory at 2x clock to support more concurrent ports"
                  , "Reference":
                  [
                    {
                      "type":"text"
                      , "text":"See %L for more information"
                      , "links":
                      [
                        {
                          "guide":"Best Practices Guide : Local Memory"
                          , "link":"file:////glob/development-tools/versions/oneapi/2022.1.2/oneapi/compiler/2022.0.2/linux/lib/oclfpga/aoc_help_pages/chn1469549457114.html"
                        }
                      ]
                    }
                  ]
                }
              ]
            }
          ]
        }
      ]
    }
    , {
      "type":"kernel"
      , "id":223
      , "name":"MMstv3_cplusd"
      , "children":
      [
        {
          "type":"bb"
          , "id":224
          , "name":"MMstv3_cplusd.B0"
          , "details":
          [
            {
              "type":"table"
              , "Latency":"2"
            }
          ]
        }
        , {
          "type":"bb"
          , "id":225
          , "name":"MMstv3_cplusd.B1"
          , "details":
          [
            {
              "type":"table"
              , "Latency":"11"
              , "II":"1"
              , "Subloops":"Yes"
              , "Pipelined":"Yes"
              , "Fmax Bottlenecks":"No"
              , "Loop Info":"Entry to loop. "
              , "Loops To":"227"
            }
          ]
        }
        , {
          "type":"bb"
          , "id":226
          , "name":"MMstv3_cplusd.B2"
          , "children":
          [
            {
              "type":"inst"
              , "id":229
              , "name":"Load"
              , "debug":
              [
                [
                  {
                    "filename":"/home/u139750/lab4/dpcpp-tutorial/matrix-multi/build/src/matrix-multi-st-v3.cpp"
                    , "line":156
                  }
                ]
              ]
              , "details":
              [
                {
                  "type":"table"
                  , "Width":"32 bits"
                  , "Type":"Prefetching"
                  , "Stall-free":"No"
                  , "Start Cycle":"6"
                  , "Latency":"2"
                  , "Reference":
                  [
                    {
                      "type":"text"
                      , "text":"See %L for more information"
                      , "links":
                      [
                        {
                          "guide":"Best Practices Guide : Load-Store Units"
                          , "link":"file:////glob/development-tools/versions/oneapi/2022.1.2/oneapi/compiler/2022.0.2/linux/lib/oclfpga/aoc_help_pages/yeo1491314105959.html"
                        }
                      ]
                    }
                  ]
                }
              ]
            }
            , {
              "type":"inst"
              , "id":230
              , "name":"Load"
              , "debug":
              [
                [
                  {
                    "filename":"/home/u139750/lab4/dpcpp-tutorial/matrix-multi/build/src/matrix-multi-st-v3.cpp"
                    , "line":156
                  }
                ]
              ]
              , "details":
              [
                {
                  "type":"table"
                  , "Width":"32 bits"
                  , "Type":"Burst-coalesced"
                  , "Stall-free":"No"
                  , "Start Cycle":"6"
                  , "Latency":"223"
                  , "Reference":
                  [
                    {
                      "type":"text"
                      , "text":"See %L for more information"
                      , "links":
                      [
                        {
                          "guide":"Best Practices Guide : Load-Store Units"
                          , "link":"file:////glob/development-tools/versions/oneapi/2022.1.2/oneapi/compiler/2022.0.2/linux/lib/oclfpga/aoc_help_pages/yeo1491314105959.html"
                        }
                      ]
                    }
                  ]
                }
              ]
            }
            , {
              "type":"inst"
              , "id":231
              , "name":"Store"
              , "debug":
              [
                [
                  {
                    "filename":"/home/u139750/lab4/dpcpp-tutorial/matrix-multi/build/src/matrix-multi-st-v3.cpp"
                    , "line":156
                  }
                ]
              ]
              , "details":
              [
                {
                  "type":"table"
                  , "Width":"32 bits"
                  , "Type":"Burst-coalesced"
                  , "Stall-free":"No"
                  , "Start Cycle":"236"
                  , "Latency":"58"
                  , "Reference":
                  [
                    {
                      "type":"text"
                      , "text":"See %L for more information"
                      , "links":
                      [
                        {
                          "guide":"Best Practices Guide : Load-Store Units"
                          , "link":"file:////glob/development-tools/versions/oneapi/2022.1.2/oneapi/compiler/2022.0.2/linux/lib/oclfpga/aoc_help_pages/yeo1491314105959.html"
                        }
                      ]
                    }
                  ]
                }
              ]
            }
            , {
              "type":"inst"
              , "id":232
              , "name":"Loop Input"
              , "debug":
              [
                [
                  {
                    "filename":"/home/u139750/lab4/dpcpp-tutorial/matrix-multi/build/src/matrix-multi-st-v3.cpp"
                    , "line":155
                  }
                ]
              ]
              , "details":
              [
                {
                  "type":"table"
                  , "Start Cycle":"0"
                  , "Latency":"1"
                  , "Loops To":"233"
                }
              ]
            }
            , {
              "type":"inst"
              , "id":233
              , "name":"Loop End"
              , "details":
              [
                {
                  "type":"table"
                  , "Start Cycle":"294"
                  , "Latency":"1"
                }
              ]
            }
          ]
          , "details":
          [
            {
              "type":"table"
              , "Latency":"294"
              , "II":"1"
              , "Subloops":"No"
              , "Pipelined":"Yes"
              , "Fmax Bottlenecks":"No"
              , "Loop Info":""
            }
          ]
        }
        , {
          "type":"bb"
          , "id":227
          , "name":"MMstv3_cplusd.B3"
          , "details":
          [
            {
              "type":"table"
              , "Latency":"0"
              , "II":"1"
              , "Subloops":"Yes"
              , "Pipelined":"Yes"
              , "Fmax Bottlenecks":"No"
              , "Loop Info":"Exit which branches back to loop. "
            }
          ]
        }
        , {
          "type":"bb"
          , "id":228
          , "name":"MMstv3_cplusd.B4"
          , "details":
          [
            {
              "type":"table"
              , "Latency":"0"
            }
          ]
        }
      ]
    }
    , {
      "type":"memtype"
      , "id":1
      , "name":"Global Memory"
      , "children":
      [
        {
          "type":"memsys"
          , "id":222
          , "name":"DDR"
          , "details":
          [
            {
              "type":"table"
              , "Number of banks":"2"
            }
          ]
        }
      ]
    }
  ]
  , "links":
  [
    {
      "from":43
      , "to":28
    }
    , {
      "from":25
      , "to":43
    }
    , {
      "from":92
      , "to":29
    }
    , {
      "from":26
      , "to":92
    }
    , {
      "from":141
      , "to":30
    }
    , {
      "from":141
      , "to":32
    }
    , {
      "from":27
      , "to":141
    }
    , {
      "from":31
      , "to":141
    }
    , {
      "from":6
      , "to":4
    }
    , {
      "from":3
      , "to":4
    }
    , {
      "from":20
      , "to":5
    }
    , {
      "from":4
      , "to":5
    }
    , {
      "from":20
      , "to":6
    }
    , {
      "from":9
      , "to":7
    }
    , {
      "from":5
      , "to":7
    }
    , {
      "from":35
      , "to":34
    }
    , {
      "from":7
      , "to":34
    }
    , {
      "from":22
      , "to":35
    }
    , {
      "from":23
      , "to":35
    }
    , {
      "from":24
      , "to":35
    }
    , {
      "from":25
      , "to":35
    }
    , {
      "from":26
      , "to":35
    }
    , {
      "from":27
      , "to":35
    }
    , {
      "from":35
      , "to":9
    }
    , {
      "from":9
      , "to":10
    }
    , {
      "from":15
      , "to":11
    }
    , {
      "from":10
      , "to":11
    }
    , {
      "from":39
      , "to":12
    }
    , {
      "from":11
      , "to":12
    }
    , {
      "from":37
      , "to":36
    }
    , {
      "from":12
      , "to":36
    }
    , {
      "from":28
      , "to":37
    }
    , {
      "from":29
      , "to":37
    }
    , {
      "from":37
      , "to":38
    }
    , {
      "from":31
      , "to":39
    }
    , {
      "from":39
      , "to":15
    }
    , {
      "from":15
      , "to":16
    }
    , {
      "from":19
      , "to":17
    }
    , {
      "from":16
      , "to":17
    }
    , {
      "from":41
      , "to":40
    }
    , {
      "from":17
      , "to":40
    }
    , {
      "from":32
      , "to":41
    }
    , {
      "from":33
      , "to":41
    }
    , {
      "from":41
      , "to":19
    }
    , {
      "from":19
      , "to":20
    }
    , {
      "from":6
      , "to":21
    }
    , {
      "from":34
      , "to":22
    }
    , {
      "from":34
      , "to":23
    }
    , {
      "from":34
      , "to":24
    }
    , {
      "from":22
      , "to":25
    }
    , {
      "from":23
      , "to":26
    }
    , {
      "from":24
      , "to":27
    }
    , {
      "from":36
      , "to":28
    }
    , {
      "from":36
      , "to":29
    }
    , {
      "from":38
      , "to":30
    }
    , {
      "from":30
      , "to":31
    }
    , {
      "from":40
      , "to":32
    }
    , {
      "from":32
      , "to":33
    }
    , {
      "from":222
      , "to":22
    }
    , {
      "from":222
      , "to":23
    }
    , {
      "from":222
      , "to":24
    }
    , {
      "from":33
      , "to":222
    }
    , {
      "from":227
      , "to":225
    }
    , {
      "from":224
      , "to":225
    }
    , {
      "from":233
      , "to":232
    }
    , {
      "from":225
      , "to":232
    }
    , {
      "from":229
      , "to":233
    }
    , {
      "from":230
      , "to":233
    }
    , {
      "from":231
      , "to":233
    }
    , {
      "from":233
      , "to":227
    }
    , {
      "from":227
      , "to":228
    }
    , {
      "from":232
      , "to":229
    }
    , {
      "from":232
      , "to":230
    }
    , {
      "from":229
      , "to":231
    }
    , {
      "from":230
      , "to":231
    }
    , {
      "from":222
      , "to":229
    }
    , {
      "from":222
      , "to":230
    }
    , {
      "from":231
      , "to":222
    }
  ]
}
