{
  "performanceSummary":
  {
    "name":"Kernel Summary"
    , "columns":
    ["Kernel Name", "Kernel Type", "Autorun", "Workgroup Size", "# Compute Units"]
    , "children":
    [
      {
        "name":"MMstv3_cplusd"
        , "data":
        [
          "Single work-item"
          , "No"
          , [1, 1, 1]
          , 1
        ]
        , "details":
        [
          {
            "type":"text"
            , "text":"Kernel type: Single work-item"
          }
          , {
            "type":"text"
            , "text":"Required workgroup size: (1, 1, 1)"
          }
          , {
            "type":"text"
            , "text":"Maximum workgroup size: 1"
          }
        ]
        , "debug":
        [
          [
            {
              "filename":""
              , "line":0
            }
          ]
        ]
      }
      , {
        "name":"MMstv3"
        , "data":
        [
          "Single work-item"
          , "No"
          , [1, 1, 1]
          , 1
        ]
        , "details":
        [
          {
            "type":"text"
            , "text":"Kernel type: Single work-item"
          }
          , {
            "type":"text"
            , "text":"Required workgroup size: (1, 1, 1)"
          }
          , {
            "type":"text"
            , "text":"Maximum workgroup size: 1"
          }
        ]
        , "debug":
        [
          [
            {
              "filename":""
              , "line":0
            }
          ]
        ]
      }
    ]
  }
  , "estimatedResources":
  {
    "name":"Estimated Resource Usage"
    , "columns":
    ["Kernel Name", "ALUTs ", "FFs  ", "RAMs ", "DSPs ", "MLABs"]
    , "children":
    [
      {
        "name":"MMstv3_cplusd"
        , "data":
        [3804, 8379, 33, 11, 57]
        , "debug":
        [
          [
            {
              "filename":""
              , "line":0
            }
          ]
        ]
      }
      , {
        "name":"MMstv3"
        , "data":
        [17063, 86666, 59, 27, 1978]
        , "debug":
        [
          [
            {
              "filename":""
              , "line":0
            }
          ]
        ]
      }
      , {
        "name":"Kernel Subtotal"
        , "classes":
        ["summary-highlight", "nohover"]
        , "data":
        [20867, 95045, 92, 38, 2035]
      }
      , {
        "name":"Global Interconnect"
        , "classes":
        ["summary-highlight", "nohover"]
        , "data":
        [2313, 3521, 61, 0, 0]
      }
      , {
        "name":"Board Interface"
        , "classes":
        ["summary-highlight", "nohover"]
        , "data":
        [179950, 358572, 492, 123, 0]
      }
      , {
        "name":"System description ROM"
        , "classes":
        ["summary-highlight", "nohover"]
        , "data":
        [0, 67, 2, 0, 0]
      }
      , {
        "name":"Total"
        , "classes":
        ["summary-highlight", "nohover"]
        , "data":
        [203130, 457205, 647, 161, 2035]
        , "data_percent":
        [23.7746, 26.7559, 23.8481, 10.6061]
      }
      , {
        "name":"Available"
        , "classes":
        ["summary-highlight", "nohover"]
        , "data":
        [854400, 1708800, 2713, 1518, 0]
      }
    ]
  }
  , "compileWarnings":
  {
    "name":"Compile Warnings"
    , "children":
    [
    ]
  }
}
