{
  "nodes":
  [
    {
      "name":"MMstv3"
      , "id":1
      , "type":"kernel"
      , "children":
      [
        {
          "name":"MMstv3.B0"
          , "id":3
          , "type":"bb"
        }
        , {
          "name":"MMstv3.B1"
          , "id":4
          , "type":"bb"
          , "children":
          [
            {
              "name":"Cluster 0"
              , "id":35
              , "type":"cluster"
            }
          ]
        }
        , {
          "name":"MMstv3.B2"
          , "id":5
          , "type":"bb"
          , "children":
          [
            {
              "name":"Cluster 1"
              , "id":41
              , "type":"cluster"
            }
          ]
        }
        , {
          "name":"MMstv3.B3"
          , "id":6
          , "type":"bb"
        }
        , {
          "name":"MMstv3.B4"
          , "id":7
          , "type":"bb"
          , "children":
          [
            {
              "name":"Cluster 2"
              , "id":63
              , "type":"cluster"
            }
          ]
        }
        , {
          "name":"MMstv3.B5"
          , "id":8
          , "type":"bb"
          , "children":
          [
            {
              "name":"Cluster 3"
              , "id":102
              , "type":"cluster"
            }
          ]
        }
        , {
          "name":"MMstv3.B6"
          , "id":9
          , "type":"bb"
        }
        , {
          "name":"MMstv3.B7"
          , "id":10
          , "type":"bb"
        }
        , {
          "name":"MMstv3.B8"
          , "id":11
          , "type":"bb"
          , "children":
          [
            {
              "name":"Cluster 4"
              , "id":151
              , "type":"cluster"
            }
          ]
        }
        , {
          "name":"MMstv3.B9"
          , "id":12
          , "type":"bb"
          , "children":
          [
            {
              "name":"Cluster 5"
              , "id":179
              , "type":"cluster"
            }
          ]
        }
        , {
          "name":"MMstv3.B10"
          , "id":13
          , "type":"bb"
          , "children":
          [
            {
              "name":"Cluster 6"
              , "id":221
              , "type":"cluster"
            }
          ]
        }
        , {
          "name":"MMstv3.B11"
          , "id":14
          , "type":"bb"
          , "children":
          [
            {
              "name":"Cluster 7"
              , "id":242
              , "type":"cluster"
            }
          ]
        }
        , {
          "name":"MMstv3.B12"
          , "id":15
          , "type":"bb"
        }
        , {
          "name":"MMstv3.B13"
          , "id":16
          , "type":"bb"
        }
        , {
          "name":"MMstv3.B14"
          , "id":17
          , "type":"bb"
          , "children":
          [
            {
              "name":"Cluster 8"
              , "id":283
              , "type":"cluster"
            }
          ]
        }
        , {
          "name":"MMstv3.B15"
          , "id":18
          , "type":"bb"
          , "children":
          [
            {
              "name":"Cluster 9"
              , "id":308
              , "type":"cluster"
            }
          ]
        }
        , {
          "name":"MMstv3.B16"
          , "id":19
          , "type":"bb"
        }
        , {
          "name":"MMstv3.B17"
          , "id":20
          , "type":"bb"
        }
        , {
          "name":"MMstv3.B18"
          , "id":21
          , "type":"bb"
        }
      ]
    }
    , {
      "name":"MMstv3_cplusd"
      , "id":2
      , "type":"kernel"
      , "children":
      [
        {
          "name":"MMstv3_cplusd.B0"
          , "id":22
          , "type":"bb"
        }
        , {
          "name":"MMstv3_cplusd.B1"
          , "id":23
          , "type":"bb"
          , "children":
          [
            {
              "name":"Cluster 10"
              , "id":321
              , "type":"cluster"
            }
          ]
        }
        , {
          "name":"MMstv3_cplusd.B2"
          , "id":24
          , "type":"bb"
          , "children":
          [
            {
              "name":"Cluster 11"
              , "id":329
              , "type":"cluster"
            }
            , {
              "name":"Cluster 12"
              , "id":332
              , "type":"cluster"
            }
          ]
        }
        , {
          "name":"MMstv3_cplusd.B3"
          , "id":25
          , "type":"bb"
        }
        , {
          "name":"MMstv3_cplusd.B4"
          , "id":26
          , "type":"bb"
        }
      ]
    }
  ]
  , "links":
  [
  ]
}
