{
  "columns":
  ["", "ALUTs", "FFs", "RAMs", "DSPs", "MLABs", "Details"]
  , "debug_enabled":"true"
  , "type":"module"
  , "total_percent":
  [45.2728, 23.8872, 22.8725, 26.0229, 9.55204]
  , "total":
  [202672, 390846, 706, 145, 71]
  , "name":"Kernel System"
  , "max_resources":
  [854400, 1708800, 2713, 1518, 42720]
  , "children":
  [
    {
      "name":"Static Partition"
      , "type":"partition"
      , "children":
      [
        {
          "name":"Board interface"
          , "type":"resource"
          , "data":
          [179950, 358572, 492, 123, 0]
          , "details":
          [
            {
              "type":"text"
              , "text":"Platform interface logic."
            }
          ]
        }
      ]
    }
    , {
      "name":"Global interconnect"
      , "type":"resource"
      , "data":
      [12524, 15522, 104, 0, 0]
      , "details":
      [
        {
          "type":"text"
          , "text":"Global interconnect for 3 global loads and 1 global store. Reduce number of global loads and stores to simplify global interconnect."
        }
        , {
          "type":"brief"
          , "text":"For 3 global loads and 1 global store."
        }
        , {
          "type":"text"
          , "text":"See %L for more information"
          , "links":
          [
            {
              "guide":"Best Practices Guide : Global Memory Interconnect"
              , "link":"file:////glob/development-tools/versions/oneapi/2022.1.2/oneapi/compiler/2022.0.2/linux/lib/oclfpga/aoc_help_pages/hnj1476724450050.html"
            }
          ]
        }
      ]
    }
    , {
      "name":"System description ROM"
      , "type":"resource"
      , "data":
      [0, 67, 2, 0, 0]
      , "details":
      [
        {
          "type":"text"
          , "text":"This read-only memory contains information for the host about the system and about each kernel in the system, including kernel names, arguments, and attributes. The system description ROM ensures that the binary image on the FPGA is compatible with the host program."
        }
        , {
          "type":"brief"
          , "text":"Contains information for the host."
        }
      ]
    }
    , {
      "name":"MMpara_v1"
      , "compute_units":1
      , "type":"function"
      , "total_percent":
      [2.219, 1.35978, 0.976416, 3.98083, 1.44928]
      , "total_kernel_resources":
      [10198, 16685, 108, 22, 71]
      , "details":
      [
        {
          "type":"text"
          , "text":"Number of compute units: 1"
        }
        , {
          "type":"brief"
          , "text":"1 compute unit."
        }
      ]
      , "children":
      [
        {
          "name":"Function overhead"
          , "type":"resource"
          , "data":
          [1338, 2411, 0, 0, 10]
          , "details":
          [
            {
              "type":"text"
              , "text":"Kernel dispatch logic."
            }
            , {
              "type":"brief"
              , "text":"Kernel dispatch logic."
            }
          ]
        }
        , {
          "name":"MMpara_v1.B1"
          , "type":"basicblock"
          , "children":
          [
            {
              "name":"State"
              , "type":"resource"
              , "data":
              [92, 472, 3, 0, 4]
              , "details":
              [
                {
                  "type":"brief"
                  , "text":"Live values and control logic"
                }
                , {
                  "type":"text"
                  , "text":"Resources for live values and control logic. To reduce this area:"
                  , "details":
                  [
                    {
                      "type":"text"
                      , "text":"reduce size of local variables"
                    }
                    , {
                      "type":"text"
                      , "text":"reduce scope of local variables, localizing them as much as possible"
                    }
                    , {
                      "type":"text"
                      , "text":"reduce number of nested loops"
                    }
                  ]
                }
              ]
              , "children":
              [
                {
                  "name":"No Source Line"
                  , "type":"resource"
                  , "data":
                  [92, 472, 3, 0, 4]
                }
              ]
            }
            , {
              "name":"Cluster logic"
              , "type":"resource"
              , "data":
              [16, 12, 0, 0, 9]
              , "details":
              [
                {
                  "type":"brief"
                  , "text":"Logic required to efficiently support sets of operations that do not stall"
                }
                , {
                  "type":"text"
                  , "text":"Logic required to efficiently support sets of operations that do not stall. This area cannot be affected directly."
                }
              ]
            }
            , {
              "name":"Computation"
              , "type":"resource"
              , "children":
              [
                {
                  "name":"handler.hpp:973 > matrix-multi-para-v1.cpp:80"
                  , "type":"resource"
                  , "data":
                  [895, 4178, 15, 1, 31]
                  , "debug":
                  [
                    [
                      {
                        "filename":"/glob/development-tools/versions/oneapi/2022.1.2/oneapi/compiler/2022.0.2/linux/bin-llvm/../include/sycl/CL/sycl/handler.hpp"
                        , "line":973
                      }
                      , {
                        "filename":"/home/u139750/lab4/dpcpp-tutorial/matrix-multi/build/src/matrix-multi-para-v1.cpp"
                        , "line":80
                      }
                    ]
                  ]
                  , "children":
                  [
                    {
                      "name":"32-bit Floating-point Add"
                      , "type":"resource"
                      , "count":1
                      , "data":
                      [0, 0, 0, 1, 0]
                    }
                    , {
                      "name":"Load"
                      , "type":"resource"
                      , "count":1
                      , "data":
                      [504, 2050, 15, 0, 0]
                      , "details":
                      [
                        {
                          "type":"text"
                          , "text":"Load uses a Burst-coalesced LSU"
                        }
                        , {
                          "type":"brief"
                          , "text":"Burst-coalesced LSU"
                        }
                      ]
                    }
                    , {
                      "name":"Store"
                      , "type":"resource"
                      , "count":1
                      , "data":
                      [391, 2128, 0, 0, 31]
                      , "details":
                      [
                        {
                          "type":"text"
                          , "text":"Store uses a Burst-coalesced LSU"
                        }
                        , {
                          "type":"brief"
                          , "text":"Burst-coalesced LSU"
                        }
                      ]
                    }
                  ]
                  , "replace_name":"true"
                }
                , {
                  "name":"handler.hpp:973 > matrix-multi-para-v1.cpp:80 > \naccessor.hpp:329 > accessor.hpp:1551 > \naccessor.hpp:840"
                  , "type":"resource"
                  , "data":
                  [338, 88, 0, 5, 0]
                  , "debug":
                  [
                    [
                      {
                        "filename":"/glob/development-tools/versions/oneapi/2022.1.2/oneapi/compiler/2022.0.2/linux/bin-llvm/../include/sycl/CL/sycl/handler.hpp"
                        , "line":973
                      }
                      , {
                        "filename":"/home/u139750/lab4/dpcpp-tutorial/matrix-multi/build/src/matrix-multi-para-v1.cpp"
                        , "line":80
                      }
                      , {
                        "filename":"/glob/development-tools/versions/oneapi/2022.1.2/oneapi/compiler/2022.0.2/linux/bin-llvm/../include/sycl/CL/sycl/accessor.hpp"
                        , "line":329
                      }
                      , {
                        "filename":"/glob/development-tools/versions/oneapi/2022.1.2/oneapi/compiler/2022.0.2/linux/bin-llvm/../include/sycl/CL/sycl/accessor.hpp"
                        , "line":1551
                      }
                      , {
                        "filename":"/glob/development-tools/versions/oneapi/2022.1.2/oneapi/compiler/2022.0.2/linux/bin-llvm/../include/sycl/CL/sycl/accessor.hpp"
                        , "line":840
                      }
                    ]
                  ]
                  , "children":
                  [
                    {
                      "name":"64-bit Integer Add"
                      , "type":"resource"
                      , "count":3
                      , "data":
                      [188, 0, 0, 0, 0]
                    }
                    , {
                      "name":"64-bit Integer Multiply"
                      , "type":"resource"
                      , "count":1
                      , "data":
                      [150, 88, 0, 5, 0]
                    }
                  ]
                  , "replace_name":"true"
                }
                , {
                  "name":"handler.hpp:973 > matrix-multi-para-v1.cpp:80 > \naccessor.hpp:329 > accessor.hpp:1552"
                  , "type":"resource"
                  , "data":
                  [62, 0, 0, 0, 0]
                  , "debug":
                  [
                    [
                      {
                        "filename":"/glob/development-tools/versions/oneapi/2022.1.2/oneapi/compiler/2022.0.2/linux/bin-llvm/../include/sycl/CL/sycl/handler.hpp"
                        , "line":973
                      }
                      , {
                        "filename":"/home/u139750/lab4/dpcpp-tutorial/matrix-multi/build/src/matrix-multi-para-v1.cpp"
                        , "line":80
                      }
                      , {
                        "filename":"/glob/development-tools/versions/oneapi/2022.1.2/oneapi/compiler/2022.0.2/linux/bin-llvm/../include/sycl/CL/sycl/accessor.hpp"
                        , "line":329
                      }
                      , {
                        "filename":"/glob/development-tools/versions/oneapi/2022.1.2/oneapi/compiler/2022.0.2/linux/bin-llvm/../include/sycl/CL/sycl/accessor.hpp"
                        , "line":1552
                      }
                    ]
                  ]
                  , "children":
                  [
                    {
                      "name":"Pointer Computation"
                      , "type":"resource"
                      , "count":1
                      , "data":
                      [62, 0, 0, 0, 0]
                    }
                  ]
                  , "replace_name":"true"
                }
                , {
                  "name":"handler.hpp:973 > matrix-multi-para-v1.cpp:80 > \naccessor.hpp:344 > accessor.hpp:1558 > \naccessor.hpp:840"
                  , "type":"resource"
                  , "data":
                  [338, 88, 0, 5, 0]
                  , "debug":
                  [
                    [
                      {
                        "filename":"/glob/development-tools/versions/oneapi/2022.1.2/oneapi/compiler/2022.0.2/linux/bin-llvm/../include/sycl/CL/sycl/handler.hpp"
                        , "line":973
                      }
                      , {
                        "filename":"/home/u139750/lab4/dpcpp-tutorial/matrix-multi/build/src/matrix-multi-para-v1.cpp"
                        , "line":80
                      }
                      , {
                        "filename":"/glob/development-tools/versions/oneapi/2022.1.2/oneapi/compiler/2022.0.2/linux/bin-llvm/../include/sycl/CL/sycl/accessor.hpp"
                        , "line":344
                      }
                      , {
                        "filename":"/glob/development-tools/versions/oneapi/2022.1.2/oneapi/compiler/2022.0.2/linux/bin-llvm/../include/sycl/CL/sycl/accessor.hpp"
                        , "line":1558
                      }
                      , {
                        "filename":"/glob/development-tools/versions/oneapi/2022.1.2/oneapi/compiler/2022.0.2/linux/bin-llvm/../include/sycl/CL/sycl/accessor.hpp"
                        , "line":840
                      }
                    ]
                  ]
                  , "children":
                  [
                    {
                      "name":"64-bit Integer Add"
                      , "type":"resource"
                      , "count":3
                      , "data":
                      [188, 0, 0, 0, 0]
                    }
                    , {
                      "name":"64-bit Integer Multiply"
                      , "type":"resource"
                      , "count":1
                      , "data":
                      [150, 88, 0, 5, 0]
                    }
                  ]
                  , "replace_name":"true"
                }
                , {
                  "name":"handler.hpp:973 > matrix-multi-para-v1.cpp:80 > \naccessor.hpp:344 > accessor.hpp:1559"
                  , "type":"resource"
                  , "data":
                  [62, 0, 0, 0, 0]
                  , "debug":
                  [
                    [
                      {
                        "filename":"/glob/development-tools/versions/oneapi/2022.1.2/oneapi/compiler/2022.0.2/linux/bin-llvm/../include/sycl/CL/sycl/handler.hpp"
                        , "line":973
                      }
                      , {
                        "filename":"/home/u139750/lab4/dpcpp-tutorial/matrix-multi/build/src/matrix-multi-para-v1.cpp"
                        , "line":80
                      }
                      , {
                        "filename":"/glob/development-tools/versions/oneapi/2022.1.2/oneapi/compiler/2022.0.2/linux/bin-llvm/../include/sycl/CL/sycl/accessor.hpp"
                        , "line":344
                      }
                      , {
                        "filename":"/glob/development-tools/versions/oneapi/2022.1.2/oneapi/compiler/2022.0.2/linux/bin-llvm/../include/sycl/CL/sycl/accessor.hpp"
                        , "line":1559
                      }
                    ]
                  ]
                  , "children":
                  [
                    {
                      "name":"Pointer Computation"
                      , "type":"resource"
                      , "count":1
                      , "data":
                      [62, 0, 0, 0, 0]
                    }
                  ]
                  , "replace_name":"true"
                }
              ]
            }
          ]
        }
        , {
          "name":"MMpara_v1.B2"
          , "type":"basicblock"
          , "children":
          [
            {
              "name":"State"
              , "type":"resource"
              , "data":
              [140, 643, 6, 0, 8]
              , "details":
              [
                {
                  "type":"brief"
                  , "text":"Live values and control logic"
                }
                , {
                  "type":"text"
                  , "text":"Resources for live values and control logic. To reduce this area:"
                  , "details":
                  [
                    {
                      "type":"text"
                      , "text":"reduce size of local variables"
                    }
                    , {
                      "type":"text"
                      , "text":"reduce scope of local variables, localizing them as much as possible"
                    }
                    , {
                      "type":"text"
                      , "text":"reduce number of nested loops"
                    }
                  ]
                }
              ]
              , "children":
              [
                {
                  "name":"No Source Line"
                  , "type":"resource"
                  , "data":
                  [140, 643, 6, 0, 8]
                }
              ]
            }
            , {
              "name":"Cluster logic"
              , "type":"resource"
              , "data":
              [16, 12, 0, 0, 9]
              , "details":
              [
                {
                  "type":"brief"
                  , "text":"Logic required to efficiently support sets of operations that do not stall"
                }
                , {
                  "type":"text"
                  , "text":"Logic required to efficiently support sets of operations that do not stall. This area cannot be affected directly."
                }
              ]
            }
            , {
              "name":"Computation"
              , "type":"resource"
              , "children":
              [
                {
                  "name":"handler.hpp:973 > matrix-multi-para-v1.cpp:77"
                  , "type":"resource"
                  , "data":
                  [15, 1, 0, 0, 0]
                  , "debug":
                  [
                    [
                      {
                        "filename":"/glob/development-tools/versions/oneapi/2022.1.2/oneapi/compiler/2022.0.2/linux/bin-llvm/../include/sycl/CL/sycl/handler.hpp"
                        , "line":973
                      }
                      , {
                        "filename":"/home/u139750/lab4/dpcpp-tutorial/matrix-multi/build/src/matrix-multi-para-v1.cpp"
                        , "line":77
                      }
                    ]
                  ]
                  , "children":
                  [
                    {
                      "name":"64-bit Integer Compare"
                      , "type":"resource"
                      , "count":1
                      , "data":
                      [15, 1, 0, 0, 0]
                    }
                  ]
                  , "replace_name":"true"
                }
                , {
                  "name":"handler.hpp:973 > matrix-multi-para-v1.cpp:78"
                  , "type":"resource"
                  , "data":
                  [6086, 8604, 84, 1, 0]
                  , "debug":
                  [
                    [
                      {
                        "filename":"/glob/development-tools/versions/oneapi/2022.1.2/oneapi/compiler/2022.0.2/linux/bin-llvm/../include/sycl/CL/sycl/handler.hpp"
                        , "line":973
                      }
                      , {
                        "filename":"/home/u139750/lab4/dpcpp-tutorial/matrix-multi/build/src/matrix-multi-para-v1.cpp"
                        , "line":78
                      }
                    ]
                  ]
                  , "children":
                  [
                    {
                      "name":"32-bit Floating-point Multiply-Add"
                      , "type":"resource"
                      , "count":2
                      , "data":
                      [0, 0, 0, 1, 0]
                    }
                    , {
                      "name":"Load"
                      , "type":"resource"
                      , "count":2
                      , "data":
                      [6086, 8604, 84, 0, 0]
                      , "details":
                      [
                        {
                          "type":"text"
                          , "text":"Load uses a Burst-coalesced cached LSU.  Load with a private 512 kilobit cache. Cache is not shared with any other load. It is flushed on kernel start. Use Dynamic Profiler to verify cache effectiveness. Other kernels should not be updating the data in global memory while this kernel is using it. Cache is created when memory access pattern is data-dependent or appears to be repetitive. Simplify access pattern or mark pointer as 'volatile' to disable generation of this cache."
                        }
                        , {
                          "type":"brief"
                          , "text":"Burst-coalesced cached LSU,\nLoad with a private 512 kilobit cache"
                        }
                      ]
                    }
                  ]
                  , "replace_name":"true"
                }
                , {
                  "name":"handler.hpp:973 > matrix-multi-para-v1.cpp:78 > \naccessor.hpp:344 > accessor.hpp:1558 > \naccessor.hpp:840"
                  , "type":"resource"
                  , "data":
                  [676, 176, 0, 10, 0]
                  , "debug":
                  [
                    [
                      {
                        "filename":"/glob/development-tools/versions/oneapi/2022.1.2/oneapi/compiler/2022.0.2/linux/bin-llvm/../include/sycl/CL/sycl/handler.hpp"
                        , "line":973
                      }
                      , {
                        "filename":"/home/u139750/lab4/dpcpp-tutorial/matrix-multi/build/src/matrix-multi-para-v1.cpp"
                        , "line":78
                      }
                      , {
                        "filename":"/glob/development-tools/versions/oneapi/2022.1.2/oneapi/compiler/2022.0.2/linux/bin-llvm/../include/sycl/CL/sycl/accessor.hpp"
                        , "line":344
                      }
                      , {
                        "filename":"/glob/development-tools/versions/oneapi/2022.1.2/oneapi/compiler/2022.0.2/linux/bin-llvm/../include/sycl/CL/sycl/accessor.hpp"
                        , "line":1558
                      }
                      , {
                        "filename":"/glob/development-tools/versions/oneapi/2022.1.2/oneapi/compiler/2022.0.2/linux/bin-llvm/../include/sycl/CL/sycl/accessor.hpp"
                        , "line":840
                      }
                    ]
                  ]
                  , "children":
                  [
                    {
                      "name":"64-bit Integer Add"
                      , "type":"resource"
                      , "count":6
                      , "data":
                      [376, 0, 0, 0, 0]
                    }
                    , {
                      "name":"64-bit Integer Multiply"
                      , "type":"resource"
                      , "count":2
                      , "data":
                      [300, 176, 0, 10, 0]
                    }
                  ]
                  , "replace_name":"true"
                }
                , {
                  "name":"handler.hpp:973 > matrix-multi-para-v1.cpp:78 > \naccessor.hpp:344 > accessor.hpp:1559"
                  , "type":"resource"
                  , "data":
                  [124, 0, 0, 0, 0]
                  , "debug":
                  [
                    [
                      {
                        "filename":"/glob/development-tools/versions/oneapi/2022.1.2/oneapi/compiler/2022.0.2/linux/bin-llvm/../include/sycl/CL/sycl/handler.hpp"
                        , "line":973
                      }
                      , {
                        "filename":"/home/u139750/lab4/dpcpp-tutorial/matrix-multi/build/src/matrix-multi-para-v1.cpp"
                        , "line":78
                      }
                      , {
                        "filename":"/glob/development-tools/versions/oneapi/2022.1.2/oneapi/compiler/2022.0.2/linux/bin-llvm/../include/sycl/CL/sycl/accessor.hpp"
                        , "line":344
                      }
                      , {
                        "filename":"/glob/development-tools/versions/oneapi/2022.1.2/oneapi/compiler/2022.0.2/linux/bin-llvm/../include/sycl/CL/sycl/accessor.hpp"
                        , "line":1559
                      }
                    ]
                  ]
                  , "children":
                  [
                    {
                      "name":"Pointer Computation"
                      , "type":"resource"
                      , "count":2
                      , "data":
                      [124, 0, 0, 0, 0]
                    }
                  ]
                  , "replace_name":"true"
                }
              ]
            }
          ]
        }
      ]
    }
  ]
}
