{"children":[{"children":[{"data":[179950,358572,492,123,0],"details":[{"text":"Platform interface logic.","type":"text"}],"name":"Board interface","type":"resource"}],"name":"Static Partition","type":"partition"},{"data":[12524,15522,104,0,0],"details":[{"text":"Global interconnect for 3 global loads and 1 global store. Reduce number of global loads and stores to simplify global interconnect.","type":"text"},{"text":"For 3 global loads and 1 global store.","type":"brief"},{"links":[{"guide":"Best Practices Guide : Global Memory Interconnect","link":"file:////glob/development-tools/versions/oneapi/2022.1.2/oneapi/compiler/2022.0.2/linux/lib/oclfpga/aoc_help_pages/hnj1476724450050.html"}],"text":"See %L for more information","type":"text"}],"name":"Global interconnect","type":"resource"},{"data":[0,67,2,0,0],"details":[{"text":"This read-only memory contains information for the host about the system and about each kernel in the system, including kernel names, arguments, and attributes. The system description ROM ensures that the binary image on the FPGA is compatible with the host program.","type":"text"},{"text":"Contains information for the host.","type":"brief"}],"name":"System description ROM","type":"resource"},{"children":[{"data":[32,24,0,0,18],"details":[{"text":"Feedback+Cluster logic","type":"brief"}],"name":"Data control overhead","type":"resource"},{"data":[1338,2411,0,0,10],"details":[{"text":"Kernel dispatch logic.","type":"text"},{"text":"Kernel dispatch logic.","type":"brief"}],"name":"Function overhead","type":"resource"},{"children":[{"count":2,"data":[232,1115,9,0,12],"debug":[[{"filename":"","line":0}]],"name":"State","type":"resource"}],"data":[232,1115,9,0,12],"name":"No Source Line","type":"resource"},{"children":[{"children":[{"count":1,"data":[0,0,0,1,0],"debug":[[{"filename":"/glob/development-tools/versions/oneapi/2022.1.2/oneapi/compiler/2022.0.2/linux/bin-llvm/../include/sycl/CL/sycl/handler.hpp","line":"973"}]],"name":"32-bit Floating-point Add","type":"resource"},{"count":1,"data":[504,2050,15,0,0],"debug":[[{"filename":"/glob/development-tools/versions/oneapi/2022.1.2/oneapi/compiler/2022.0.2/linux/bin-llvm/../include/sycl/CL/sycl/handler.hpp","line":"973"}]],"name":"Load","type":"resource"},{"count":1,"data":[391,2128,0,0,31],"debug":[[{"filename":"/glob/development-tools/versions/oneapi/2022.1.2/oneapi/compiler/2022.0.2/linux/bin-llvm/../include/sycl/CL/sycl/handler.hpp","line":"973"}]],"name":"Store","type":"resource"}],"data":[895,4178,15,1,31],"debug":[[{"filename":"/glob/development-tools/versions/oneapi/2022.1.2/oneapi/compiler/2022.0.2/linux/bin-llvm/../include/sycl/CL/sycl/handler.hpp","line":973},{"filename":"/home/u139750/lab4/dpcpp-tutorial/matrix-multi/build/src/matrix-multi-para-v1.cpp","line":80}]],"name":"handler.hpp:973 > matrix-multi-para-v1.cpp:80","replace_name":true,"type":"resource"},{"children":[{"count":3,"data":[188,0,0,0,0],"debug":[[{"filename":"/glob/development-tools/versions/oneapi/2022.1.2/oneapi/compiler/2022.0.2/linux/bin-llvm/../include/sycl/CL/sycl/handler.hpp","line":"973"}]],"name":"64-bit Integer Add","type":"resource"},{"count":1,"data":[150,88,0,5,0],"debug":[[{"filename":"/glob/development-tools/versions/oneapi/2022.1.2/oneapi/compiler/2022.0.2/linux/bin-llvm/../include/sycl/CL/sycl/handler.hpp","line":"973"}]],"name":"64-bit Integer Multiply","type":"resource"}],"data":[338,88,0,5,0],"debug":[[{"filename":"/glob/development-tools/versions/oneapi/2022.1.2/oneapi/compiler/2022.0.2/linux/bin-llvm/../include/sycl/CL/sycl/handler.hpp","line":973},{"filename":"/home/u139750/lab4/dpcpp-tutorial/matrix-multi/build/src/matrix-multi-para-v1.cpp","line":80},{"filename":"/glob/development-tools/versions/oneapi/2022.1.2/oneapi/compiler/2022.0.2/linux/bin-llvm/../include/sycl/CL/sycl/accessor.hpp","line":329},{"filename":"/glob/development-tools/versions/oneapi/2022.1.2/oneapi/compiler/2022.0.2/linux/bin-llvm/../include/sycl/CL/sycl/accessor.hpp","line":1551},{"filename":"/glob/development-tools/versions/oneapi/2022.1.2/oneapi/compiler/2022.0.2/linux/bin-llvm/../include/sycl/CL/sycl/accessor.hpp","line":840}]],"name":"handler.hpp:973 > matrix-multi-para-v1.cpp:80 > \naccessor.hpp:329 > accessor.hpp:1551 > \naccessor.hpp:840","replace_name":true,"type":"resource"},{"children":[{"count":1,"data":[62,0,0,0,0],"debug":[[{"filename":"/glob/development-tools/versions/oneapi/2022.1.2/oneapi/compiler/2022.0.2/linux/bin-llvm/../include/sycl/CL/sycl/handler.hpp","line":"973"}]],"name":"Pointer Computation","type":"resource"}],"data":[62,0,0,0,0],"debug":[[{"filename":"/glob/development-tools/versions/oneapi/2022.1.2/oneapi/compiler/2022.0.2/linux/bin-llvm/../include/sycl/CL/sycl/handler.hpp","line":973},{"filename":"/home/u139750/lab4/dpcpp-tutorial/matrix-multi/build/src/matrix-multi-para-v1.cpp","line":80},{"filename":"/glob/development-tools/versions/oneapi/2022.1.2/oneapi/compiler/2022.0.2/linux/bin-llvm/../include/sycl/CL/sycl/accessor.hpp","line":329},{"filename":"/glob/development-tools/versions/oneapi/2022.1.2/oneapi/compiler/2022.0.2/linux/bin-llvm/../include/sycl/CL/sycl/accessor.hpp","line":1552}]],"name":"handler.hpp:973 > matrix-multi-para-v1.cpp:80 > \naccessor.hpp:329 > accessor.hpp:1552","replace_name":true,"type":"resource"},{"children":[{"count":3,"data":[188,0,0,0,0],"debug":[[{"filename":"/glob/development-tools/versions/oneapi/2022.1.2/oneapi/compiler/2022.0.2/linux/bin-llvm/../include/sycl/CL/sycl/handler.hpp","line":"973"}]],"name":"64-bit Integer Add","type":"resource"},{"count":1,"data":[150,88,0,5,0],"debug":[[{"filename":"/glob/development-tools/versions/oneapi/2022.1.2/oneapi/compiler/2022.0.2/linux/bin-llvm/../include/sycl/CL/sycl/handler.hpp","line":"973"}]],"name":"64-bit Integer Multiply","type":"resource"}],"data":[338,88,0,5,0],"debug":[[{"filename":"/glob/development-tools/versions/oneapi/2022.1.2/oneapi/compiler/2022.0.2/linux/bin-llvm/../include/sycl/CL/sycl/handler.hpp","line":973},{"filename":"/home/u139750/lab4/dpcpp-tutorial/matrix-multi/build/src/matrix-multi-para-v1.cpp","line":80},{"filename":"/glob/development-tools/versions/oneapi/2022.1.2/oneapi/compiler/2022.0.2/linux/bin-llvm/../include/sycl/CL/sycl/accessor.hpp","line":344},{"filename":"/glob/development-tools/versions/oneapi/2022.1.2/oneapi/compiler/2022.0.2/linux/bin-llvm/../include/sycl/CL/sycl/accessor.hpp","line":1558},{"filename":"/glob/development-tools/versions/oneapi/2022.1.2/oneapi/compiler/2022.0.2/linux/bin-llvm/../include/sycl/CL/sycl/accessor.hpp","line":840}]],"name":"handler.hpp:973 > matrix-multi-para-v1.cpp:80 > \naccessor.hpp:344 > accessor.hpp:1558 > \naccessor.hpp:840","replace_name":true,"type":"resource"},{"children":[{"count":1,"data":[62,0,0,0,0],"debug":[[{"filename":"/glob/development-tools/versions/oneapi/2022.1.2/oneapi/compiler/2022.0.2/linux/bin-llvm/../include/sycl/CL/sycl/handler.hpp","line":"973"}]],"name":"Pointer Computation","type":"resource"}],"data":[62,0,0,0,0],"debug":[[{"filename":"/glob/development-tools/versions/oneapi/2022.1.2/oneapi/compiler/2022.0.2/linux/bin-llvm/../include/sycl/CL/sycl/handler.hpp","line":973},{"filename":"/home/u139750/lab4/dpcpp-tutorial/matrix-multi/build/src/matrix-multi-para-v1.cpp","line":80},{"filename":"/glob/development-tools/versions/oneapi/2022.1.2/oneapi/compiler/2022.0.2/linux/bin-llvm/../include/sycl/CL/sycl/accessor.hpp","line":344},{"filename":"/glob/development-tools/versions/oneapi/2022.1.2/oneapi/compiler/2022.0.2/linux/bin-llvm/../include/sycl/CL/sycl/accessor.hpp","line":1559}]],"name":"handler.hpp:973 > matrix-multi-para-v1.cpp:80 > \naccessor.hpp:344 > accessor.hpp:1559","replace_name":true,"type":"resource"},{"children":[{"count":1,"data":[15,1,0,0,0],"debug":[[{"filename":"/glob/development-tools/versions/oneapi/2022.1.2/oneapi/compiler/2022.0.2/linux/bin-llvm/../include/sycl/CL/sycl/handler.hpp","line":"973"}]],"name":"64-bit Integer Compare","type":"resource"}],"data":[15,1,0,0,0],"debug":[[{"filename":"/glob/development-tools/versions/oneapi/2022.1.2/oneapi/compiler/2022.0.2/linux/bin-llvm/../include/sycl/CL/sycl/handler.hpp","line":973},{"filename":"/home/u139750/lab4/dpcpp-tutorial/matrix-multi/build/src/matrix-multi-para-v1.cpp","line":77}]],"name":"handler.hpp:973 > matrix-multi-para-v1.cpp:77","replace_name":true,"type":"resource"},{"children":[{"count":2,"data":[0,0,0,1,0],"debug":[[{"filename":"/glob/development-tools/versions/oneapi/2022.1.2/oneapi/compiler/2022.0.2/linux/bin-llvm/../include/sycl/CL/sycl/handler.hpp","line":"973"}]],"name":"32-bit Floating-point Multiply-Add","type":"resource"},{"count":2,"data":[6086,8604,84,0,0],"debug":[[{"filename":"/glob/development-tools/versions/oneapi/2022.1.2/oneapi/compiler/2022.0.2/linux/bin-llvm/../include/sycl/CL/sycl/handler.hpp","line":"973"}]],"name":"Load","type":"resource"}],"data":[6086,8604,84,1,0],"debug":[[{"filename":"/glob/development-tools/versions/oneapi/2022.1.2/oneapi/compiler/2022.0.2/linux/bin-llvm/../include/sycl/CL/sycl/handler.hpp","line":973},{"filename":"/home/u139750/lab4/dpcpp-tutorial/matrix-multi/build/src/matrix-multi-para-v1.cpp","line":78}]],"name":"handler.hpp:973 > matrix-multi-para-v1.cpp:78","replace_name":true,"type":"resource"},{"children":[{"count":6,"data":[376,0,0,0,0],"debug":[[{"filename":"/glob/development-tools/versions/oneapi/2022.1.2/oneapi/compiler/2022.0.2/linux/bin-llvm/../include/sycl/CL/sycl/handler.hpp","line":"973"}]],"name":"64-bit Integer Add","type":"resource"},{"count":2,"data":[300,176,0,10,0],"debug":[[{"filename":"/glob/development-tools/versions/oneapi/2022.1.2/oneapi/compiler/2022.0.2/linux/bin-llvm/../include/sycl/CL/sycl/handler.hpp","line":"973"}]],"name":"64-bit Integer Multiply","type":"resource"}],"data":[676,176,0,10,0],"debug":[[{"filename":"/glob/development-tools/versions/oneapi/2022.1.2/oneapi/compiler/2022.0.2/linux/bin-llvm/../include/sycl/CL/sycl/handler.hpp","line":973},{"filename":"/home/u139750/lab4/dpcpp-tutorial/matrix-multi/build/src/matrix-multi-para-v1.cpp","line":78},{"filename":"/glob/development-tools/versions/oneapi/2022.1.2/oneapi/compiler/2022.0.2/linux/bin-llvm/../include/sycl/CL/sycl/accessor.hpp","line":344},{"filename":"/glob/development-tools/versions/oneapi/2022.1.2/oneapi/compiler/2022.0.2/linux/bin-llvm/../include/sycl/CL/sycl/accessor.hpp","line":1558},{"filename":"/glob/development-tools/versions/oneapi/2022.1.2/oneapi/compiler/2022.0.2/linux/bin-llvm/../include/sycl/CL/sycl/accessor.hpp","line":840}]],"name":"handler.hpp:973 > matrix-multi-para-v1.cpp:78 > \naccessor.hpp:344 > accessor.hpp:1558 > \naccessor.hpp:840","replace_name":true,"type":"resource"},{"children":[{"count":2,"data":[124,0,0,0,0],"debug":[[{"filename":"/glob/development-tools/versions/oneapi/2022.1.2/oneapi/compiler/2022.0.2/linux/bin-llvm/../include/sycl/CL/sycl/handler.hpp","line":"973"}]],"name":"Pointer Computation","type":"resource"}],"data":[124,0,0,0,0],"debug":[[{"filename":"/glob/development-tools/versions/oneapi/2022.1.2/oneapi/compiler/2022.0.2/linux/bin-llvm/../include/sycl/CL/sycl/handler.hpp","line":973},{"filename":"/home/u139750/lab4/dpcpp-tutorial/matrix-multi/build/src/matrix-multi-para-v1.cpp","line":78},{"filename":"/glob/development-tools/versions/oneapi/2022.1.2/oneapi/compiler/2022.0.2/linux/bin-llvm/../include/sycl/CL/sycl/accessor.hpp","line":344},{"filename":"/glob/development-tools/versions/oneapi/2022.1.2/oneapi/compiler/2022.0.2/linux/bin-llvm/../include/sycl/CL/sycl/accessor.hpp","line":1559}]],"name":"handler.hpp:973 > matrix-multi-para-v1.cpp:78 > \naccessor.hpp:344 > accessor.hpp:1559","replace_name":true,"type":"resource"}],"data":[8596,13135,99,22,31],"debug":[[{"filename":"/glob/development-tools/versions/oneapi/2022.1.2/oneapi/compiler/2022.0.2/linux/bin-llvm/../include/sycl/CL/sycl/handler.hpp","line":973}]],"name":"/glob/development-tools/versions/oneapi/2022.1.2/oneapi/compiler/2022.0.2/linux/bin-llvm/../include/sycl/CL/sycl/handler.hpp:973","replace_name":"true","type":"resource"}],"compute_units":1,"data":[10198,16685,108,22,71],"details":[{"text":"Number of compute units: 1","type":"text"},{"text":"1 compute unit.","type":"brief"}],"name":"MMpara_v1","total_kernel_resources":[10198,16685,108,22,71],"total_percent":[2.219,1.35978,0.976416,3.98083,1.44928],"type":"function"}],"columns":["","ALUTs","FFs","RAMs","DSPs","MLABs","Details"],"data":[22722,32274,214,22,71],"debug_enabled":"true","max_resources":[854400,1708800,2713,1518,42720],"name":"Kernel System","total":[202672,390846,706,145,71],"total_percent":[45.2728,23.8872,22.8725,26.0229,9.55204],"type":"module"}