{
  "nodes":
  [
    {
      "name":"DDR"
      , "id":81
      , "details":
      [
        {
          "type":"table"
          , "Interleaving":"Yes"
          , "Interleave Size":"1024 bytes"
          , "Channels":"2 channels"
          , "Maximum bandwidth the BSP can deliver":"34133.00 MB/s<br><small><i> Note: Realistic maximum bandwidth is about 90% of the above due to loss from interconnect and memory controller.</i></small>"
          , "Channel DDR Width (bits)":"512, 512"
        }
      ]
      , "type":"memsys"
      , "children":
      [
        {
          "name":"channel 0"
          , "id":83
          , "type":"bb"
        }
        , {
          "name":"channel 1"
          , "id":84
          , "type":"bb"
        }
      ]
    }
    , {
      "name":"Memory Controller"
      , "id":82
      , "parent":"81"
      , "bw":"34133.00"
      , "num_channels":"2"
      , "interleave":"1"
      , "details":
      [
        {
          "type":"table"
          , "Maximum bandwidth the BSP can deliver":"34133.00 MB/s<br><small><i> Note: Realistic maximum bandwidth is about 90% of the above due to loss from interconnect and memory controller.</i></small>"
        }
      ]
      , "type":"bb"
    }
    , {
      "name":"Global Memory Interconnect"
      , "id":85
      , "parent":"81"
      , "type":"bb"
      , "children":
      [
        {
          "name":"SHARE"
          , "id":86
          , "type":"arb"
        }
        , {
          "name":"Write Interconnect"
          , "id":89
          , "details":
          [
            {
              "type":"table"
              , "Name":"DDR"
              , "Interconnect Style":"tree"
              , "Writes":"1"
              , "User specified force-single-store-ring flag":"False"
              , "Store Rings":"2"
            }
          ]
          , "type":"bb"
        }
        , {
          "name":"Read Interconnect"
          , "id":87
          , "details":
          [
            {
              "type":"table"
              , "Name":"DDR"
              , "Interconnect Style":"tree"
              , "Reads":"3"
            }
          ]
          , "type":"bb"
        }
        , {
          "name":"Read Interconnect Router"
          , "id":88
          , "details":
          [
            {
              "type":"table"
              , "User specified num-reorder flag":"Unset"
            }
          ]
          , "type":"memsys"
          , "children":
          [
            {
              "name":"Bus 0"
              , "id":96
              , "type":"memsys"
            }
            , {
              "name":"Bus 1"
              , "id":97
              , "type":"memsys"
            }
          ]
        }
      ]
    }
    , {
      "name":"Global Memory Loads"
      , "id":90
      , "parent":"81"
      , "type":"bb"
      , "children":
      [
        {
          "name":"LD"
          , "id":91
          , "kwidth":"32"
          , "mwidth":"512"
          , "details":
          [
            {
              "type":"table"
              , "Start Cycle":"10"
              , "Latency":"238 cycles"
              , "Width":"32 bits"
              , "DDR Width":"512 bits"
              , "Uses Caching":"No"
              , "LSU Style":"BURST-COALESCED"
              , "Kernel":"MMpara_v1"
            }
          ]
          , "debug":
          [
            [
              {
                "filename":"/home/u139750/lab4/dpcpp-tutorial/matrix-multi/build/src/matrix-multi-para-v1.cpp"
                , "line":80
              }
            ]
          ]
          , "type":"inst"
        }
        , {
          "name":"LD"
          , "id":94
          , "kwidth":"32"
          , "mwidth":"512"
          , "details":
          [
            {
              "type":"table"
              , "Start Cycle":"11"
              , "Latency":"238 cycles"
              , "Width":"32 bits"
              , "DDR Width":"512 bits"
              , "Uses Caching":"Yes"
              , "LSU Style":"BURST-COALESCED"
              , "Kernel":"MMpara_v1"
            }
          ]
          , "debug":
          [
            [
              {
                "filename":"/home/u139750/lab4/dpcpp-tutorial/matrix-multi/build/src/matrix-multi-para-v1.cpp"
                , "line":78
              }
            ]
          ]
          , "type":"inst"
        }
        , {
          "name":"LD"
          , "id":95
          , "kwidth":"32"
          , "mwidth":"512"
          , "details":
          [
            {
              "type":"table"
              , "Start Cycle":"11"
              , "Latency":"238 cycles"
              , "Width":"32 bits"
              , "DDR Width":"512 bits"
              , "Uses Caching":"Yes"
              , "LSU Style":"BURST-COALESCED"
              , "Kernel":"MMpara_v1"
            }
          ]
          , "debug":
          [
            [
              {
                "filename":"/home/u139750/lab4/dpcpp-tutorial/matrix-multi/build/src/matrix-multi-para-v1.cpp"
                , "line":78
              }
            ]
          ]
          , "type":"inst"
        }
      ]
    }
    , {
      "name":"Global Memory Stores"
      , "id":92
      , "parent":"81"
      , "type":"bb"
      , "children":
      [
        {
          "name":"ST"
          , "id":93
          , "kwidth":"32"
          , "mwidth":"512"
          , "details":
          [
            {
              "type":"table"
              , "Start Cycle":"255"
              , "Latency":"2 cycles"
              , "Width":"32 bits"
              , "DDR Width":"512 bits"
              , "Uses Write Ack":"No"
              , "LSU Style":"BURST-COALESCED"
              , "Kernel":"MMpara_v1"
            }
          ]
          , "debug":
          [
            [
              {
                "filename":"/home/u139750/lab4/dpcpp-tutorial/matrix-multi/build/src/matrix-multi-para-v1.cpp"
                , "line":80
              }
            ]
          ]
          , "type":"inst"
        }
      ]
    }
  ]
  , "links":
  [
    {
      "from":83
      , "to":82
    }
    , {
      "from":82
      , "to":83
    }
    , {
      "from":84
      , "to":82
    }
    , {
      "from":82
      , "to":84
    }
    , {
      "from":87
      , "to":86
    }
    , {
      "from":89
      , "to":86
    }
    , {
      "from":86
      , "to":82
    }
    , {
      "from":91
      , "to":87
    }
    , {
      "from":93
      , "to":89
    }
    , {
      "from":94
      , "to":87
    }
    , {
      "from":95
      , "to":87
    }
    , {
      "from":82
      , "to":96
    }
    , {
      "from":82
      , "to":97
    }
    , {
      "from":96
      , "to":91
      , "reverse":1
    }
    , {
      "from":97
      , "to":94
      , "reverse":1
    }
    , {
      "from":96
      , "to":95
      , "reverse":1
    }
  ]
}
