{
  "8":
  {
    "nodes":
    [
      {
        "name":"Exit"
        , "id":22
        , "subtype":"exit"
        , "start":"7.00"
        , "end":"10.00"
        , "details":
        [
          {
            "type":"table"
            , "Max Fanout":"2"
            , "Start Cycle":"7"
            , "Latency":"3"
            , "Exit FIFO Depth":"32"
            , "Exit FIFO Width":"192"
            , "Details":"Exit FIFO depth is sized to accommodate all data that may be in-flight in the stall-free cluster; this depth will be equal to or greater than the latency of the cluster.  The width of the FIFO depends on the amount of data that needs to pass from the stall-free logic cluster to the stall-able logic below it."
          }
        ]
        , "type":"inst"
      }
      , {
        "name":"Entry"
        , "id":23
        , "subtype":"entry"
        , "details":
        [
          {
            "type":"table"
            , "Instruction":"Cluster Entry"
            , "Max Fanout":"0"
            , "Start Cycle":"0"
            , "Latency":"0"
          }
        ]
        , "type":"inst"
      }
      , {
        "name":"arg15"
        , "id":24
        , "subtype":"default"
        , "start":"0.00"
        , "end":"6.00"
        , "details":
        [
          {
            "type":"table"
            , "Instruction":"Input Synchronization for 'arg15'"
            , "Max Fanout":"1"
            , "Start Cycle":"0"
            , "Latency":"6"
          }
        ]
        , "type":"inst"
      }
      , {
        "name":"arg15"
        , "id":25
        , "subtype":"default"
        , "start":"0.00"
        , "end":"1.00"
        , "details":
        [
          {
            "type":"table"
            , "Instruction":"Input Synchronization for 'arg15'"
            , "Max Fanout":"1"
            , "Start Cycle":"0"
            , "Latency":"1"
          }
        ]
        , "type":"inst"
      }
      , {
        "name":"arg14"
        , "id":26
        , "subtype":"default"
        , "start":"0.00"
        , "end":"1.00"
        , "details":
        [
          {
            "type":"table"
            , "Instruction":"Input Synchronization for 'arg14'"
            , "Max Fanout":"1"
            , "Start Cycle":"0"
            , "Latency":"1"
          }
        ]
        , "type":"inst"
      }
      , {
        "name":"arg11"
        , "id":27
        , "subtype":"default"
        , "start":"0.00"
        , "end":"6.00"
        , "details":
        [
          {
            "type":"table"
            , "Instruction":"Input Synchronization for 'arg11'"
            , "Max Fanout":"1"
            , "Start Cycle":"0"
            , "Latency":"6"
          }
        ]
        , "type":"inst"
      }
      , {
        "name":"arg11"
        , "id":28
        , "subtype":"default"
        , "start":"0.00"
        , "end":"1.00"
        , "details":
        [
          {
            "type":"table"
            , "Instruction":"Input Synchronization for 'arg11'"
            , "Max Fanout":"1"
            , "Start Cycle":"0"
            , "Latency":"1"
          }
        ]
        , "type":"inst"
      }
      , {
        "name":"arg10"
        , "id":29
        , "subtype":"default"
        , "start":"0.00"
        , "end":"1.00"
        , "details":
        [
          {
            "type":"table"
            , "Instruction":"Input Synchronization for 'arg10'"
            , "Max Fanout":"1"
            , "Start Cycle":"0"
            , "Latency":"1"
          }
        ]
        , "type":"inst"
      }
      , {
        "name":"+"
        , "id":30
        , "subtype":"default"
        , "start":"1.00"
        , "end":"1.00"
        , "details":
        [
          {
            "type":"table"
            , "Instruction":"64-bit Integer Add"
            , "Max Fanout":"1"
            , "Start Cycle":"1"
            , "Latency":"0"
          }
        ]
        , "debug":
        [
          [
            {
              "filename":"/glob/development-tools/versions/oneapi/2022.1.2/oneapi/compiler/2022.0.2/linux/bin-llvm/../include/sycl/CL/sycl/accessor.hpp"
              , "line":840
            }
          ]
        ]
        , "type":"inst"
      }
      , {
        "name":"*"
        , "id":31
        , "subtype":"default"
        , "start":"1.00"
        , "end":"5.00"
        , "details":
        [
          {
            "type":"table"
            , "Instruction":"64-bit Integer Multiply"
            , "Max Fanout":"4"
            , "Start Cycle":"1"
            , "Latency":"4"
            , "Implementation Preference":"Default DSP usage"
          }
        ]
        , "debug":
        [
          [
            {
              "filename":"/glob/development-tools/versions/oneapi/2022.1.2/oneapi/compiler/2022.0.2/linux/bin-llvm/../include/sycl/CL/sycl/accessor.hpp"
              , "line":840
            }
          ]
        ]
        , "type":"inst"
      }
      , {
        "name":"+"
        , "id":32
        , "subtype":"default"
        , "start":"6.00"
        , "end":"6.00"
        , "details":
        [
          {
            "type":"table"
            , "Instruction":"64-bit Integer Add"
            , "Max Fanout":"1"
            , "Start Cycle":"6"
            , "Latency":"0"
          }
        ]
        , "debug":
        [
          [
            {
              "filename":"/glob/development-tools/versions/oneapi/2022.1.2/oneapi/compiler/2022.0.2/linux/bin-llvm/../include/sycl/CL/sycl/accessor.hpp"
              , "line":840
            }
          ]
        ]
        , "type":"inst"
      }
      , {
        "name":"+"
        , "id":33
        , "subtype":"default"
        , "start":"6.00"
        , "end":"6.00"
        , "details":
        [
          {
            "type":"table"
            , "Instruction":"64-bit Integer Add"
            , "Max Fanout":"1"
            , "Start Cycle":"6"
            , "Latency":"0"
          }
        ]
        , "debug":
        [
          [
            {
              "filename":"/glob/development-tools/versions/oneapi/2022.1.2/oneapi/compiler/2022.0.2/linux/bin-llvm/../include/sycl/CL/sycl/accessor.hpp"
              , "line":840
            }
          ]
        ]
        , "type":"inst"
      }
      , {
        "name":"arg12"
        , "id":34
        , "subtype":"default"
        , "start":"0.00"
        , "end":"7.00"
        , "details":
        [
          {
            "type":"table"
            , "Instruction":"Input Synchronization for 'arg12'"
            , "Max Fanout":"1"
            , "Start Cycle":"0"
            , "Latency":"7"
          }
        ]
        , "type":"inst"
      }
      , {
        "name":"Ptr. Comp."
        , "id":35
        , "subtype":"default"
        , "start":"6.00"
        , "end":"7.00"
        , "details":
        [
          {
            "type":"table"
            , "Instruction":"Pointer Computation"
            , "Max Fanout":"4"
            , "Start Cycle":"6"
            , "Latency":"1"
          }
        ]
        , "debug":
        [
          [
            {
              "filename":"/glob/development-tools/versions/oneapi/2022.1.2/oneapi/compiler/2022.0.2/linux/bin-llvm/../include/sycl/CL/sycl/accessor.hpp"
              , "line":1559
            }
          ]
        ]
        , "type":"inst"
      }
      , {
        "name":"+"
        , "id":36
        , "subtype":"default"
        , "start":"1.00"
        , "end":"1.00"
        , "details":
        [
          {
            "type":"table"
            , "Instruction":"64-bit Integer Add"
            , "Max Fanout":"1"
            , "Start Cycle":"1"
            , "Latency":"0"
          }
        ]
        , "debug":
        [
          [
            {
              "filename":"/glob/development-tools/versions/oneapi/2022.1.2/oneapi/compiler/2022.0.2/linux/bin-llvm/../include/sycl/CL/sycl/accessor.hpp"
              , "line":840
            }
          ]
        ]
        , "type":"inst"
      }
      , {
        "name":"*"
        , "id":37
        , "subtype":"default"
        , "start":"1.00"
        , "end":"5.00"
        , "details":
        [
          {
            "type":"table"
            , "Instruction":"64-bit Integer Multiply"
            , "Max Fanout":"4"
            , "Start Cycle":"1"
            , "Latency":"4"
            , "Implementation Preference":"Default DSP usage"
          }
        ]
        , "debug":
        [
          [
            {
              "filename":"/glob/development-tools/versions/oneapi/2022.1.2/oneapi/compiler/2022.0.2/linux/bin-llvm/../include/sycl/CL/sycl/accessor.hpp"
              , "line":840
            }
          ]
        ]
        , "type":"inst"
      }
      , {
        "name":"+"
        , "id":38
        , "subtype":"default"
        , "start":"6.00"
        , "end":"6.00"
        , "details":
        [
          {
            "type":"table"
            , "Instruction":"64-bit Integer Add"
            , "Max Fanout":"1"
            , "Start Cycle":"6"
            , "Latency":"0"
          }
        ]
        , "debug":
        [
          [
            {
              "filename":"/glob/development-tools/versions/oneapi/2022.1.2/oneapi/compiler/2022.0.2/linux/bin-llvm/../include/sycl/CL/sycl/accessor.hpp"
              , "line":840
            }
          ]
        ]
        , "type":"inst"
      }
      , {
        "name":"+"
        , "id":39
        , "subtype":"default"
        , "start":"6.00"
        , "end":"6.00"
        , "details":
        [
          {
            "type":"table"
            , "Instruction":"64-bit Integer Add"
            , "Max Fanout":"1"
            , "Start Cycle":"6"
            , "Latency":"0"
          }
        ]
        , "debug":
        [
          [
            {
              "filename":"/glob/development-tools/versions/oneapi/2022.1.2/oneapi/compiler/2022.0.2/linux/bin-llvm/../include/sycl/CL/sycl/accessor.hpp"
              , "line":840
            }
          ]
        ]
        , "type":"inst"
      }
      , {
        "name":"arg8"
        , "id":40
        , "subtype":"default"
        , "start":"0.00"
        , "end":"7.00"
        , "details":
        [
          {
            "type":"table"
            , "Instruction":"Input Synchronization for 'arg8'"
            , "Max Fanout":"1"
            , "Start Cycle":"0"
            , "Latency":"7"
          }
        ]
        , "type":"inst"
      }
      , {
        "name":"Ptr. Comp."
        , "id":41
        , "subtype":"default"
        , "start":"6.00"
        , "end":"7.00"
        , "details":
        [
          {
            "type":"table"
            , "Instruction":"Pointer Computation"
            , "Max Fanout":"4"
            , "Start Cycle":"6"
            , "Latency":"1"
          }
        ]
        , "debug":
        [
          [
            {
              "filename":"/glob/development-tools/versions/oneapi/2022.1.2/oneapi/compiler/2022.0.2/linux/bin-llvm/../include/sycl/CL/sycl/accessor.hpp"
              , "line":1552
            }
          ]
        ]
        , "type":"inst"
      }
    ]
    , "links":
    [
      {
        "from":23
        , "to":30
        , "details":
        [
          {
            "type":"table"
            , "Width":"192"
          }
        ]
      }
      , {
        "from":23
        , "to":36
        , "details":
        [
          {
            "type":"table"
            , "Width":"192"
          }
        ]
      }
      , {
        "from":23
        , "to":33
        , "details":
        [
          {
            "type":"table"
            , "Width":"192"
          }
        ]
      }
      , {
        "from":23
        , "to":39
        , "details":
        [
          {
            "type":"table"
            , "Width":"192"
          }
        ]
      }
      , {
        "from":24
        , "to":32
        , "details":
        [
          {
            "type":"table"
            , "Width":"128"
          }
        ]
      }
      , {
        "from":25
        , "to":30
        , "details":
        [
          {
            "type":"table"
            , "Width":"128"
          }
        ]
      }
      , {
        "from":26
        , "to":31
        , "details":
        [
          {
            "type":"table"
            , "Width":"128"
          }
        ]
      }
      , {
        "from":27
        , "to":38
        , "details":
        [
          {
            "type":"table"
            , "Width":"128"
          }
        ]
      }
      , {
        "from":28
        , "to":36
        , "details":
        [
          {
            "type":"table"
            , "Width":"128"
          }
        ]
      }
      , {
        "from":29
        , "to":37
        , "details":
        [
          {
            "type":"table"
            , "Width":"128"
          }
        ]
      }
      , {
        "from":30
        , "to":31
        , "details":
        [
          {
            "type":"table"
            , "Width":"64"
          }
        ]
      }
      , {
        "from":31
        , "to":32
        , "details":
        [
          {
            "type":"table"
            , "Width":"64"
          }
        ]
      }
      , {
        "from":32
        , "to":33
        , "details":
        [
          {
            "type":"table"
            , "Width":"64"
          }
        ]
      }
      , {
        "from":33
        , "to":35
        , "details":
        [
          {
            "type":"table"
            , "Width":"64"
          }
        ]
      }
      , {
        "from":34
        , "to":35
        , "details":
        [
          {
            "type":"table"
            , "Width":"64"
          }
        ]
      }
      , {
        "from":35
        , "to":22
        , "details":
        [
          {
            "type":"table"
            , "Width":"64"
          }
        ]
      }
      , {
        "from":36
        , "to":37
        , "details":
        [
          {
            "type":"table"
            , "Width":"64"
          }
        ]
      }
      , {
        "from":37
        , "to":38
        , "details":
        [
          {
            "type":"table"
            , "Width":"64"
          }
        ]
      }
      , {
        "from":38
        , "to":39
        , "details":
        [
          {
            "type":"table"
            , "Width":"64"
          }
        ]
      }
      , {
        "from":39
        , "to":41
        , "details":
        [
          {
            "type":"table"
            , "Width":"64"
          }
        ]
      }
      , {
        "from":40
        , "to":41
        , "details":
        [
          {
            "type":"table"
            , "Width":"64"
          }
        ]
      }
      , {
        "from":41
        , "to":22
        , "details":
        [
          {
            "type":"table"
            , "Width":"64"
          }
        ]
      }
    ]
  }
  , "10":
  {
    "nodes":
    [
      {
        "name":"Exit"
        , "id":42
        , "subtype":"exit"
        , "start":"252.00"
        , "end":"255.00"
        , "details":
        [
          {
            "type":"table"
            , "Max Fanout":"2"
            , "Start Cycle":"252"
            , "Latency":"3"
            , "Exit FIFO Depth":"32"
            , "Exit FIFO Width":"64"
            , "Details":"Exit FIFO depth is sized to accommodate all data that may be in-flight in the stall-free cluster; this depth will be equal to or greater than the latency of the cluster.  The width of the FIFO depends on the amount of data that needs to pass from the stall-free logic cluster to the stall-able logic below it."
          }
        ]
        , "type":"inst"
      }
      , {
        "name":"Entry"
        , "id":43
        , "subtype":"entry"
        , "details":
        [
          {
            "type":"table"
            , "Instruction":"Cluster Entry"
            , "Max Fanout":"0"
            , "Start Cycle":"249"
            , "Latency":"0"
          }
        ]
        , "type":"inst"
      }
      , {
        "name":"f32 +"
        , "id":44
        , "subtype":"default"
        , "start":"249.00"
        , "end":"252.00"
        , "details":
        [
          {
            "type":"table"
            , "Instruction":"32-bit Floating-point Add"
            , "Max Fanout":"1"
            , "Start Cycle":"249"
            , "Latency":"3"
            , "Rounding Scheme":"IEEE-754 RNE Rounding"
            , "Implementation Preference":"Default DSP usage"
          }
        ]
        , "debug":
        [
          [
            {
              "filename":"/home/u139750/lab4/dpcpp-tutorial/matrix-multi/build/src/matrix-multi-para-v1.cpp"
              , "line":80
            }
          ]
        ]
        , "type":"inst"
      }
    ]
    , "links":
    [
      {
        "from":43
        , "to":44
        , "details":
        [
          {
            "type":"table"
            , "Width":"96"
          }
        ]
      }
      , {
        "from":44
        , "to":42
        , "details":
        [
          {
            "type":"table"
            , "Width":"32"
          }
        ]
      }
    ]
  }
  , "17":
  {
    "nodes":
    [
      {
        "name":"Exit"
        , "id":45
        , "subtype":"exit"
        , "start":"8.00"
        , "end":"11.00"
        , "details":
        [
          {
            "type":"table"
            , "Max Fanout":"2"
            , "Start Cycle":"8"
            , "Latency":"3"
            , "Exit FIFO Depth":"32"
            , "Exit FIFO Width":"192"
            , "Details":"Exit FIFO depth is sized to accommodate all data that may be in-flight in the stall-free cluster; this depth will be equal to or greater than the latency of the cluster.  The width of the FIFO depends on the amount of data that needs to pass from the stall-free logic cluster to the stall-able logic below it."
          }
        ]
        , "type":"inst"
      }
      , {
        "name":"Entry"
        , "id":46
        , "subtype":"entry"
        , "details":
        [
          {
            "type":"table"
            , "Instruction":"Cluster Entry"
            , "Max Fanout":"0"
            , "Start Cycle":"1"
            , "Latency":"0"
          }
        ]
        , "type":"inst"
      }
      , {
        "name":"arg2"
        , "id":47
        , "subtype":"default"
        , "start":"0.00"
        , "end":"2.00"
        , "details":
        [
          {
            "type":"table"
            , "Instruction":"Input Synchronization for 'arg2'"
            , "Max Fanout":"1"
            , "Start Cycle":"0"
            , "Latency":"2"
          }
        ]
        , "type":"inst"
      }
      , {
        "name":"arg3"
        , "id":48
        , "subtype":"default"
        , "start":"0.00"
        , "end":"2.00"
        , "details":
        [
          {
            "type":"table"
            , "Instruction":"Input Synchronization for 'arg3'"
            , "Max Fanout":"1"
            , "Start Cycle":"0"
            , "Latency":"2"
          }
        ]
        , "type":"inst"
      }
      , {
        "name":"arg3"
        , "id":49
        , "subtype":"default"
        , "start":"0.00"
        , "end":"7.00"
        , "details":
        [
          {
            "type":"table"
            , "Instruction":"Input Synchronization for 'arg3'"
            , "Max Fanout":"1"
            , "Start Cycle":"0"
            , "Latency":"7"
          }
        ]
        , "type":"inst"
      }
      , {
        "name":"+"
        , "id":50
        , "subtype":"default"
        , "start":"2.00"
        , "end":"2.00"
        , "details":
        [
          {
            "type":"table"
            , "Instruction":"64-bit Integer Add"
            , "Max Fanout":"1"
            , "Start Cycle":"2"
            , "Latency":"0"
          }
        ]
        , "debug":
        [
          [
            {
              "filename":"/glob/development-tools/versions/oneapi/2022.1.2/oneapi/compiler/2022.0.2/linux/bin-llvm/../include/sycl/CL/sycl/accessor.hpp"
              , "line":840
            }
          ]
        ]
        , "type":"inst"
      }
      , {
        "name":"*"
        , "id":51
        , "subtype":"default"
        , "start":"2.00"
        , "end":"6.00"
        , "details":
        [
          {
            "type":"table"
            , "Instruction":"64-bit Integer Multiply"
            , "Max Fanout":"4"
            , "Start Cycle":"2"
            , "Latency":"4"
            , "Implementation Preference":"Default DSP usage"
          }
        ]
        , "debug":
        [
          [
            {
              "filename":"/glob/development-tools/versions/oneapi/2022.1.2/oneapi/compiler/2022.0.2/linux/bin-llvm/../include/sycl/CL/sycl/accessor.hpp"
              , "line":840
            }
          ]
        ]
        , "type":"inst"
      }
      , {
        "name":"+"
        , "id":52
        , "subtype":"default"
        , "start":"7.00"
        , "end":"7.00"
        , "details":
        [
          {
            "type":"table"
            , "Instruction":"64-bit Integer Add"
            , "Max Fanout":"1"
            , "Start Cycle":"7"
            , "Latency":"0"
          }
        ]
        , "debug":
        [
          [
            {
              "filename":"/glob/development-tools/versions/oneapi/2022.1.2/oneapi/compiler/2022.0.2/linux/bin-llvm/../include/sycl/CL/sycl/accessor.hpp"
              , "line":840
            }
          ]
        ]
        , "type":"inst"
      }
      , {
        "name":"+"
        , "id":53
        , "subtype":"default"
        , "start":"7.00"
        , "end":"7.00"
        , "details":
        [
          {
            "type":"table"
            , "Instruction":"64-bit Integer Add"
            , "Max Fanout":"1"
            , "Start Cycle":"7"
            , "Latency":"0"
          }
        ]
        , "debug":
        [
          [
            {
              "filename":"/glob/development-tools/versions/oneapi/2022.1.2/oneapi/compiler/2022.0.2/linux/bin-llvm/../include/sycl/CL/sycl/accessor.hpp"
              , "line":840
            }
          ]
        ]
        , "type":"inst"
      }
      , {
        "name":"arg0"
        , "id":54
        , "subtype":"default"
        , "start":"0.00"
        , "end":"8.00"
        , "details":
        [
          {
            "type":"table"
            , "Instruction":"Input Synchronization for 'arg0'"
            , "Max Fanout":"1"
            , "Start Cycle":"0"
            , "Latency":"8"
          }
        ]
        , "type":"inst"
      }
      , {
        "name":"Ptr. Comp."
        , "id":55
        , "subtype":"default"
        , "start":"7.00"
        , "end":"8.00"
        , "details":
        [
          {
            "type":"table"
            , "Instruction":"Pointer Computation"
            , "Max Fanout":"4"
            , "Start Cycle":"7"
            , "Latency":"1"
          }
        ]
        , "debug":
        [
          [
            {
              "filename":"/glob/development-tools/versions/oneapi/2022.1.2/oneapi/compiler/2022.0.2/linux/bin-llvm/../include/sycl/CL/sycl/accessor.hpp"
              , "line":1559
            }
          ]
        ]
        , "type":"inst"
      }
      , {
        "name":"arg7"
        , "id":56
        , "subtype":"default"
        , "start":"0.00"
        , "end":"2.00"
        , "details":
        [
          {
            "type":"table"
            , "Instruction":"Input Synchronization for 'arg7'"
            , "Max Fanout":"1"
            , "Start Cycle":"0"
            , "Latency":"2"
          }
        ]
        , "type":"inst"
      }
      , {
        "name":"+"
        , "id":57
        , "subtype":"default"
        , "start":"2.00"
        , "end":"2.00"
        , "details":
        [
          {
            "type":"table"
            , "Instruction":"64-bit Integer Add"
            , "Max Fanout":"1"
            , "Start Cycle":"2"
            , "Latency":"0"
          }
        ]
        , "debug":
        [
          [
            {
              "filename":"/glob/development-tools/versions/oneapi/2022.1.2/oneapi/compiler/2022.0.2/linux/bin-llvm/../include/sycl/CL/sycl/accessor.hpp"
              , "line":840
            }
          ]
        ]
        , "type":"inst"
      }
      , {
        "name":"arg6"
        , "id":58
        , "subtype":"default"
        , "start":"0.00"
        , "end":"2.00"
        , "details":
        [
          {
            "type":"table"
            , "Instruction":"Input Synchronization for 'arg6'"
            , "Max Fanout":"1"
            , "Start Cycle":"0"
            , "Latency":"2"
          }
        ]
        , "type":"inst"
      }
      , {
        "name":"*"
        , "id":59
        , "subtype":"default"
        , "start":"2.00"
        , "end":"6.00"
        , "details":
        [
          {
            "type":"table"
            , "Instruction":"64-bit Integer Multiply"
            , "Max Fanout":"4"
            , "Start Cycle":"2"
            , "Latency":"4"
            , "Implementation Preference":"Default DSP usage"
          }
        ]
        , "debug":
        [
          [
            {
              "filename":"/glob/development-tools/versions/oneapi/2022.1.2/oneapi/compiler/2022.0.2/linux/bin-llvm/../include/sycl/CL/sycl/accessor.hpp"
              , "line":840
            }
          ]
        ]
        , "type":"inst"
      }
      , {
        "name":"arg7"
        , "id":60
        , "subtype":"default"
        , "start":"0.00"
        , "end":"7.00"
        , "details":
        [
          {
            "type":"table"
            , "Instruction":"Input Synchronization for 'arg7'"
            , "Max Fanout":"1"
            , "Start Cycle":"0"
            , "Latency":"7"
          }
        ]
        , "type":"inst"
      }
      , {
        "name":"+"
        , "id":61
        , "subtype":"default"
        , "start":"7.00"
        , "end":"7.00"
        , "details":
        [
          {
            "type":"table"
            , "Instruction":"64-bit Integer Add"
            , "Max Fanout":"1"
            , "Start Cycle":"7"
            , "Latency":"0"
          }
        ]
        , "debug":
        [
          [
            {
              "filename":"/glob/development-tools/versions/oneapi/2022.1.2/oneapi/compiler/2022.0.2/linux/bin-llvm/../include/sycl/CL/sycl/accessor.hpp"
              , "line":840
            }
          ]
        ]
        , "type":"inst"
      }
      , {
        "name":"+"
        , "id":62
        , "subtype":"default"
        , "start":"7.00"
        , "end":"7.00"
        , "details":
        [
          {
            "type":"table"
            , "Instruction":"64-bit Integer Add"
            , "Max Fanout":"1"
            , "Start Cycle":"7"
            , "Latency":"0"
          }
        ]
        , "debug":
        [
          [
            {
              "filename":"/glob/development-tools/versions/oneapi/2022.1.2/oneapi/compiler/2022.0.2/linux/bin-llvm/../include/sycl/CL/sycl/accessor.hpp"
              , "line":840
            }
          ]
        ]
        , "type":"inst"
      }
      , {
        "name":"arg4"
        , "id":63
        , "subtype":"default"
        , "start":"0.00"
        , "end":"8.00"
        , "details":
        [
          {
            "type":"table"
            , "Instruction":"Input Synchronization for 'arg4'"
            , "Max Fanout":"1"
            , "Start Cycle":"0"
            , "Latency":"8"
          }
        ]
        , "type":"inst"
      }
      , {
        "name":"Ptr. Comp."
        , "id":64
        , "subtype":"default"
        , "start":"7.00"
        , "end":"8.00"
        , "details":
        [
          {
            "type":"table"
            , "Instruction":"Pointer Computation"
            , "Max Fanout":"4"
            , "Start Cycle":"7"
            , "Latency":"1"
          }
        ]
        , "debug":
        [
          [
            {
              "filename":"/glob/development-tools/versions/oneapi/2022.1.2/oneapi/compiler/2022.0.2/linux/bin-llvm/../include/sycl/CL/sycl/accessor.hpp"
              , "line":1559
            }
          ]
        ]
        , "type":"inst"
      }
    ]
    , "links":
    [
      {
        "from":46
        , "to":50
        , "details":
        [
          {
            "type":"table"
            , "Width":"256"
          }
        ]
      }
      , {
        "from":46
        , "to":53
        , "details":
        [
          {
            "type":"table"
            , "Width":"256"
          }
        ]
      }
      , {
        "from":46
        , "to":57
        , "details":
        [
          {
            "type":"table"
            , "Width":"256"
          }
        ]
      }
      , {
        "from":46
        , "to":62
        , "details":
        [
          {
            "type":"table"
            , "Width":"256"
          }
        ]
      }
      , {
        "from":47
        , "to":51
        , "details":
        [
          {
            "type":"table"
            , "Width":"128"
          }
        ]
      }
      , {
        "from":48
        , "to":50
        , "details":
        [
          {
            "type":"table"
            , "Width":"128"
          }
        ]
      }
      , {
        "from":49
        , "to":52
        , "details":
        [
          {
            "type":"table"
            , "Width":"128"
          }
        ]
      }
      , {
        "from":50
        , "to":51
        , "details":
        [
          {
            "type":"table"
            , "Width":"64"
          }
        ]
      }
      , {
        "from":51
        , "to":52
        , "details":
        [
          {
            "type":"table"
            , "Width":"64"
          }
        ]
      }
      , {
        "from":52
        , "to":53
        , "details":
        [
          {
            "type":"table"
            , "Width":"64"
          }
        ]
      }
      , {
        "from":53
        , "to":55
        , "details":
        [
          {
            "type":"table"
            , "Width":"64"
          }
        ]
      }
      , {
        "from":54
        , "to":55
        , "details":
        [
          {
            "type":"table"
            , "Width":"64"
          }
        ]
      }
      , {
        "from":55
        , "to":45
        , "details":
        [
          {
            "type":"table"
            , "Width":"64"
          }
        ]
      }
      , {
        "from":56
        , "to":57
        , "details":
        [
          {
            "type":"table"
            , "Width":"128"
          }
        ]
      }
      , {
        "from":57
        , "to":59
        , "details":
        [
          {
            "type":"table"
            , "Width":"64"
          }
        ]
      }
      , {
        "from":58
        , "to":59
        , "details":
        [
          {
            "type":"table"
            , "Width":"128"
          }
        ]
      }
      , {
        "from":59
        , "to":61
        , "details":
        [
          {
            "type":"table"
            , "Width":"64"
          }
        ]
      }
      , {
        "from":60
        , "to":61
        , "details":
        [
          {
            "type":"table"
            , "Width":"128"
          }
        ]
      }
      , {
        "from":61
        , "to":62
        , "details":
        [
          {
            "type":"table"
            , "Width":"64"
          }
        ]
      }
      , {
        "from":62
        , "to":64
        , "details":
        [
          {
            "type":"table"
            , "Width":"64"
          }
        ]
      }
      , {
        "from":63
        , "to":64
        , "details":
        [
          {
            "type":"table"
            , "Width":"64"
          }
        ]
      }
      , {
        "from":64
        , "to":45
        , "details":
        [
          {
            "type":"table"
            , "Width":"64"
          }
        ]
      }
    ]
  }
  , "21":
  {
    "nodes":
    [
      {
        "name":"Exit"
        , "id":67
        , "subtype":"exit"
        , "start":"254.00"
        , "end":"257.00"
        , "details":
        [
          {
            "type":"table"
            , "Max Fanout":"2"
            , "Start Cycle":"254"
            , "Latency":"3"
            , "Exit FIFO Depth":"32"
            , "Exit FIFO Width":"64"
            , "Details":"Exit FIFO depth is sized to accommodate all data that may be in-flight in the stall-free cluster; this depth will be equal to or greater than the latency of the cluster.  The width of the FIFO depends on the amount of data that needs to pass from the stall-free logic cluster to the stall-able logic below it."
          }
        ]
        , "type":"inst"
      }
      , {
        "name":"Entry"
        , "id":68
        , "subtype":"entry"
        , "details":
        [
          {
            "type":"table"
            , "Instruction":"Cluster Entry"
            , "Max Fanout":"0"
            , "Start Cycle":"250"
            , "Latency":"0"
          }
        ]
        , "type":"inst"
      }
      , {
        "name":"f32 FP *+"
        , "id":69
        , "subtype":"default"
        , "start":"250.00"
        , "end":"254.00"
        , "details":
        [
          {
            "type":"table"
            , "Instruction":"32-bit Floating-point Multiply-Add"
            , "Max Fanout":"1"
            , "Start Cycle":"250"
            , "Latency":"4"
          }
        ]
        , "debug":
        [
          [
            {
              "filename":"/home/u139750/lab4/dpcpp-tutorial/matrix-multi/build/src/matrix-multi-para-v1.cpp"
              , "line":78
            }
          ]
        ]
        , "type":"inst"
      }
    ]
    , "links":
    [
      {
        "from":68
        , "to":69
        , "details":
        [
          {
            "type":"table"
            , "Width":"128"
          }
        ]
      }
      , {
        "from":69
        , "to":67
        , "details":
        [
          {
            "type":"table"
            , "Width":"32"
          }
        ]
      }
    ]
  }
}
