{
  "performanceSummary":
  {
    "name":"Kernel Summary"
    , "columns":
    ["Kernel Name", "Kernel Type", "Autorun", "Workgroup Size", "# Compute Units"]
    , "children":
    [
      {
        "name":"MMpara_v1"
        , "data":
        [
          "NDRange"
          , "No"
          , "n/a"
          , 1
        ]
        , "details":
        [
          {
            "type":"text"
            , "text":"Kernel type: NDRange"
          }
          , {
            "type":"text"
            , "text":"The kernel does not use any work-group information (such as get_local_id() or get_group_id()).Local work-group size will be automatically modified to match global work-group size on launch.This is a hardware optimization."
          }
        ]
        , "debug":
        [
          [
            {
              "filename":""
              , "line":0
            }
          ]
        ]
      }
    ]
  }
  , "estimatedResources":
  {
    "name":"Estimated Resource Usage"
    , "columns":
    ["Kernel Name", "ALUTs ", "FFs  ", "RAMs ", "DSPs ", "MLABs"]
    , "children":
    [
      {
        "name":"MMpara_v1"
        , "data":
        [10198, 16685, 108, 22, 71]
        , "debug":
        [
          [
            {
              "filename":""
              , "line":0
            }
          ]
        ]
      }
      , {
        "name":"Global Interconnect"
        , "classes":
        ["summary-highlight", "nohover"]
        , "data":
        [12524, 15522, 104, 0, 0]
      }
      , {
        "name":"Board Interface"
        , "classes":
        ["summary-highlight", "nohover"]
        , "data":
        [179950, 358572, 492, 123, 0]
      }
      , {
        "name":"System description ROM"
        , "classes":
        ["summary-highlight", "nohover"]
        , "data":
        [0, 67, 2, 0, 0]
      }
      , {
        "name":"Total"
        , "classes":
        ["summary-highlight", "nohover"]
        , "data":
        [202672, 390846, 706, 145, 71]
        , "data_percent":
        [23.721, 22.8725, 26.0229, 9.55204]
      }
      , {
        "name":"Available"
        , "classes":
        ["summary-highlight", "nohover"]
        , "data":
        [854400, 1708800, 2713, 1518, 0]
      }
    ]
  }
  , "compileWarnings":
  {
    "name":"Compile Warnings"
    , "children":
    [
      {
        "name":"Load uses a Burst-coalesced cached LSU"
        , "details":
        [
          {
            "type":"text"
            , "text":"Load with a private 512 kilobit cache. Cache is not shared with any other load. It is flushed on kernel start. Use Dynamic Profiler to verify cache effectiveness. Other kernels should not be updating the data in global memory while this kernel is using it. Cache is created when memory access pattern is data-dependent or appears to be repetitive. Simplify access pattern or mark pointer as 'volatile' to disable generation of this cache."
          }
        ]
        , "debug":
        [
          [
            {
              "filename":"/glob/development-tools/versions/oneapi/2022.1.2/oneapi/compiler/2022.0.2/linux/bin-llvm/../include/sycl/CL/sycl/handler.hpp"
              , "line":973
            }
            , {
              "filename":"/home/u139750/lab4/dpcpp-tutorial/matrix-multi/build/src/matrix-multi-para-v1.cpp"
              , "line":78
            }
          ]
        ]
      }
      , {
        "name":"Load uses a Burst-coalesced cached LSU"
        , "details":
        [
          {
            "type":"text"
            , "text":"Load with a private 512 kilobit cache. Cache is not shared with any other load. It is flushed on kernel start. Use Dynamic Profiler to verify cache effectiveness. Other kernels should not be updating the data in global memory while this kernel is using it. Cache is created when memory access pattern is data-dependent or appears to be repetitive. Simplify access pattern or mark pointer as 'volatile' to disable generation of this cache."
          }
        ]
        , "debug":
        [
          [
            {
              "filename":"/glob/development-tools/versions/oneapi/2022.1.2/oneapi/compiler/2022.0.2/linux/bin-llvm/../include/sycl/CL/sycl/handler.hpp"
              , "line":973
            }
            , {
              "filename":"/home/u139750/lab4/dpcpp-tutorial/matrix-multi/build/src/matrix-multi-para-v1.cpp"
              , "line":78
            }
          ]
        ]
      }
    ]
  }
}
