{
  "columns":
  ["", "Pipelined", "II", "Speculated iterations", "Details"]
  , "children":
  [
    {
      "name":"Kernel: MMpara_v2"
      , "data":
      ["", "", ""]
      , "debug":
      [
        [
          {
            "filename":"/home/u139750/lab4/dpcpp-tutorial/matrix-multi/build/src/matrix-multi-para-v2.cpp"
            , "line":72
          }
        ]
      ]
      , "details":
      [
        {
          "type":"brief"
          , "text":"ND-Range"
        }
        , {
          "type":"text"
          , "text":"ND-Range"
        }
        , {
          "type":"text"
          , "text":"Fmax bottlenck block: None"
        }
        , {
          "type":"text"
          , "text":"See %L for more information"
          , "links":
          [
            {
              "guide":"Best Practices Guide : Kernels"
              , "link":"file:////glob/development-tools/versions/oneapi/2022.1.2/oneapi/compiler/2022.0.2/linux/lib/oclfpga/aoc_help_pages/ipp1476408832230.html"
            }
          ]
        }
      ]
      , "children":
      [
        {
          "name":"Fully unrolled loop"
          , "data":
          ["n/a", "n/a", "n/a"]
          , "debug":
          [
            [
              {
                "filename":"accessor.hpp"
                , "line":839
              }
            ]
          ]
          , "details":
          [
            {
              "type":"brief"
              , "text":"Unrolled by #pragma unroll"
            }
            , {
              "type":"text"
              , "text":"Unrolled by #pragma unroll"
            }
          ]
          , "children":
          [
          ]
        }
        , {
          "name":"Fully unrolled loop"
          , "data":
          ["n/a", "n/a", "n/a"]
          , "debug":
          [
            [
              {
                "filename":"accessor.hpp"
                , "line":839
              }
            ]
          ]
          , "details":
          [
            {
              "type":"brief"
              , "text":"Unrolled by #pragma unroll"
            }
            , {
              "type":"text"
              , "text":"Unrolled by #pragma unroll"
            }
          ]
          , "children":
          [
          ]
        }
        , {
          "name":"Fully unrolled loop"
          , "data":
          ["n/a", "n/a", "n/a"]
          , "debug":
          [
            [
              {
                "filename":"accessor.hpp"
                , "line":896
              }
            ]
          ]
          , "details":
          [
            {
              "type":"brief"
              , "text":"Unrolled by #pragma unroll"
            }
            , {
              "type":"text"
              , "text":"Unrolled by #pragma unroll"
            }
          ]
          , "children":
          [
          ]
        }
        , {
          "name":"Fully unrolled loop"
          , "data":
          ["n/a", "n/a", "n/a"]
          , "debug":
          [
            [
              {
                "filename":"accessor.hpp"
                , "line":896
              }
            ]
          ]
          , "details":
          [
            {
              "type":"brief"
              , "text":"Unrolled by #pragma unroll"
            }
            , {
              "type":"text"
              , "text":"Unrolled by #pragma unroll"
            }
          ]
          , "children":
          [
          ]
        }
        , {
          "name":"Fully unrolled loop"
          , "data":
          ["n/a", "n/a", "n/a"]
          , "debug":
          [
            [
              {
                "filename":"accessor.hpp"
                , "line":896
              }
            ]
          ]
          , "details":
          [
            {
              "type":"brief"
              , "text":"Unrolled by #pragma unroll"
            }
            , {
              "type":"text"
              , "text":"Unrolled by #pragma unroll"
            }
          ]
          , "children":
          [
          ]
        }
        , {
          "name":"Fully unrolled loop"
          , "data":
          ["n/a", "n/a", "n/a"]
          , "debug":
          [
            [
              {
                "filename":"accessor.hpp"
                , "line":896
              }
            ]
          ]
          , "details":
          [
            {
              "type":"brief"
              , "text":"Unrolled by #pragma unroll"
            }
            , {
              "type":"text"
              , "text":"Unrolled by #pragma unroll"
            }
          ]
          , "children":
          [
          ]
        }
        , {
          "name":"4X Partially unrolled MMpara_v2.B2"
          , "data":
          ["No", "n/a", "n/a"]
          , "debug":
          [
            [
              {
                "filename":"/home/u139750/lab4/dpcpp-tutorial/matrix-multi/build/src/matrix-multi-para-v2.cpp"
                , "line":77
              }
            ]
          ]
          , "details":
          [
            {
              "type":"brief"
              , "text":"Thread capacity = 149"
            }
            , {
              "type":"text"
              , "text":"Thread capacity = 149"
            }
          ]
          , "children":
          [
            {
              "name":"Fully unrolled loop"
              , "data":
              ["n/a", "n/a", "n/a"]
              , "debug":
              [
                [
                  {
                    "filename":"accessor.hpp"
                    , "line":839
                  }
                ]
              ]
              , "details":
              [
                {
                  "type":"brief"
                  , "text":"Unrolled by #pragma unroll"
                }
                , {
                  "type":"text"
                  , "text":"Unrolled by #pragma unroll"
                }
              ]
              , "children":
              [
              ]
            }
            , {
              "name":"Fully unrolled loop"
              , "data":
              ["n/a", "n/a", "n/a"]
              , "debug":
              [
                [
                  {
                    "filename":"accessor.hpp"
                    , "line":839
                  }
                ]
              ]
              , "details":
              [
                {
                  "type":"brief"
                  , "text":"Unrolled by #pragma unroll"
                }
                , {
                  "type":"text"
                  , "text":"Unrolled by #pragma unroll"
                }
              ]
              , "children":
              [
              ]
            }
          ]
        }
      ]
    }
  ]
}
