{
  "nodes":
  [
    {
      "type":"kernel"
      , "id":2
      , "name":"MMpara_v2"
      , "children":
      [
        {
          "type":"bb"
          , "id":3
          , "name":"MMpara_v2.B0"
          , "details":
          [
            {
              "type":"table"
              , "Latency":"1"
            }
          ]
        }
        , {
          "type":"bb"
          , "id":4
          , "name":"MMpara_v2.B1"
          , "children":
          [
            {
              "type":"inst"
              , "id":6
              , "name":"Load"
              , "debug":
              [
                [
                  {
                    "filename":"/home/u139750/lab4/dpcpp-tutorial/matrix-multi/build/src/matrix-multi-para-v2.cpp"
                    , "line":80
                  }
                ]
              ]
              , "details":
              [
                {
                  "type":"table"
                  , "Width":"32 bits"
                  , "Type":"Burst-coalesced"
                  , "Stall-free":"No"
                  , "Start Cycle":"10"
                  , "Latency":"191"
                  , "Reference":
                  [
                    {
                      "type":"text"
                      , "text":"See %L for more information"
                      , "links":
                      [
                        {
                          "guide":"Best Practices Guide : Load-Store Units"
                          , "link":"file:////glob/development-tools/versions/oneapi/2022.1.2/oneapi/compiler/2022.0.2/linux/lib/oclfpga/aoc_help_pages/yeo1491314105959.html"
                        }
                      ]
                    }
                  ]
                }
              ]
            }
            , {
              "type":"inst"
              , "id":7
              , "name":"Store"
              , "debug":
              [
                [
                  {
                    "filename":"/home/u139750/lab4/dpcpp-tutorial/matrix-multi/build/src/matrix-multi-para-v2.cpp"
                    , "line":80
                  }
                ]
              ]
              , "details":
              [
                {
                  "type":"table"
                  , "Width":"32 bits"
                  , "Type":"Burst-coalesced"
                  , "Stall-free":"No"
                  , "Start Cycle":"208"
                  , "Latency":"2"
                  , "Reference":
                  [
                    {
                      "type":"text"
                      , "text":"See %L for more information"
                      , "links":
                      [
                        {
                          "guide":"Best Practices Guide : Load-Store Units"
                          , "link":"file:////glob/development-tools/versions/oneapi/2022.1.2/oneapi/compiler/2022.0.2/linux/lib/oclfpga/aoc_help_pages/yeo1491314105959.html"
                        }
                      ]
                    }
                  ]
                }
              ]
            }
            , {
              "type":"inst"
              , "id":13
              , "name":"Begin"
              , "details":
              [
                {
                  "type":"table"
                  , "Start Cycle":"0"
                  , "Latency":"1"
                }
              ]
            }
            , {
              "type":"inst"
              , "id":14
              , "name":"End"
              , "details":
              [
                {
                  "type":"table"
                  , "Start Cycle":"210"
                  , "Latency":"1"
                }
              ]
            }
          ]
          , "details":
          [
            {
              "type":"table"
              , "Latency":"210"
            }
          ]
        }
        , {
          "type":"bb"
          , "id":5
          , "name":"MMpara_v2.B2"
          , "children":
          [
            {
              "type":"inst"
              , "id":8
              , "name":"Load"
              , "debug":
              [
                [
                  {
                    "filename":"/home/u139750/lab4/dpcpp-tutorial/matrix-multi/build/src/matrix-multi-para-v2.cpp"
                    , "line":78
                  }
                ]
              ]
              , "details":
              [
                {
                  "type":"table"
                  , "Width":"128 bits"
                  , "Type":"Burst-coalesced non-aligned cached"
                  , "Stall-free":"No"
                  , "Start Cycle":"11"
                  , "Latency":"191"
                  , "Reference":
                  [
                    {
                      "type":"text"
                      , "text":"See %L for more information"
                      , "links":
                      [
                        {
                          "guide":"Best Practices Guide : Load-Store Units"
                          , "link":"file:////glob/development-tools/versions/oneapi/2022.1.2/oneapi/compiler/2022.0.2/linux/lib/oclfpga/aoc_help_pages/yeo1491314105959.html"
                        }
                      ]
                    }
                  ]
                }
              ]
            }
            , {
              "type":"inst"
              , "id":9
              , "name":"Load"
              , "debug":
              [
                [
                  {
                    "filename":"/home/u139750/lab4/dpcpp-tutorial/matrix-multi/build/src/matrix-multi-para-v2.cpp"
                    , "line":78
                  }
                ]
              ]
              , "details":
              [
                {
                  "type":"table"
                  , "Width":"32 bits"
                  , "Type":"Burst-coalesced cached"
                  , "Stall-free":"No"
                  , "Start Cycle":"11"
                  , "Latency":"191"
                  , "Reference":
                  [
                    {
                      "type":"text"
                      , "text":"See %L for more information"
                      , "links":
                      [
                        {
                          "guide":"Best Practices Guide : Load-Store Units"
                          , "link":"file:////glob/development-tools/versions/oneapi/2022.1.2/oneapi/compiler/2022.0.2/linux/lib/oclfpga/aoc_help_pages/yeo1491314105959.html"
                        }
                      ]
                    }
                  ]
                }
              ]
            }
            , {
              "type":"inst"
              , "id":10
              , "name":"Load"
              , "debug":
              [
                [
                  {
                    "filename":"/home/u139750/lab4/dpcpp-tutorial/matrix-multi/build/src/matrix-multi-para-v2.cpp"
                    , "line":78
                  }
                ]
              ]
              , "details":
              [
                {
                  "type":"table"
                  , "Width":"32 bits"
                  , "Type":"Burst-coalesced cached"
                  , "Stall-free":"No"
                  , "Start Cycle":"11"
                  , "Latency":"191"
                  , "Reference":
                  [
                    {
                      "type":"text"
                      , "text":"See %L for more information"
                      , "links":
                      [
                        {
                          "guide":"Best Practices Guide : Load-Store Units"
                          , "link":"file:////glob/development-tools/versions/oneapi/2022.1.2/oneapi/compiler/2022.0.2/linux/lib/oclfpga/aoc_help_pages/yeo1491314105959.html"
                        }
                      ]
                    }
                  ]
                }
              ]
            }
            , {
              "type":"inst"
              , "id":11
              , "name":"Load"
              , "debug":
              [
                [
                  {
                    "filename":"/home/u139750/lab4/dpcpp-tutorial/matrix-multi/build/src/matrix-multi-para-v2.cpp"
                    , "line":78
                  }
                ]
              ]
              , "details":
              [
                {
                  "type":"table"
                  , "Width":"32 bits"
                  , "Type":"Burst-coalesced cached"
                  , "Stall-free":"No"
                  , "Start Cycle":"11"
                  , "Latency":"191"
                  , "Reference":
                  [
                    {
                      "type":"text"
                      , "text":"See %L for more information"
                      , "links":
                      [
                        {
                          "guide":"Best Practices Guide : Load-Store Units"
                          , "link":"file:////glob/development-tools/versions/oneapi/2022.1.2/oneapi/compiler/2022.0.2/linux/lib/oclfpga/aoc_help_pages/yeo1491314105959.html"
                        }
                      ]
                    }
                  ]
                }
              ]
            }
            , {
              "type":"inst"
              , "id":12
              , "name":"Load"
              , "debug":
              [
                [
                  {
                    "filename":"/home/u139750/lab4/dpcpp-tutorial/matrix-multi/build/src/matrix-multi-para-v2.cpp"
                    , "line":78
                  }
                ]
              ]
              , "details":
              [
                {
                  "type":"table"
                  , "Width":"32 bits"
                  , "Type":"Burst-coalesced cached"
                  , "Stall-free":"No"
                  , "Start Cycle":"11"
                  , "Latency":"191"
                  , "Reference":
                  [
                    {
                      "type":"text"
                      , "text":"See %L for more information"
                      , "links":
                      [
                        {
                          "guide":"Best Practices Guide : Load-Store Units"
                          , "link":"file:////glob/development-tools/versions/oneapi/2022.1.2/oneapi/compiler/2022.0.2/linux/lib/oclfpga/aoc_help_pages/yeo1491314105959.html"
                        }
                      ]
                    }
                  ]
                }
              ]
            }
            , {
              "type":"inst"
              , "id":15
              , "name":"Loop Input"
              , "debug":
              [
                [
                  {
                    "filename":"/home/u139750/lab4/dpcpp-tutorial/matrix-multi/build/src/matrix-multi-para-v2.cpp"
                    , "line":77
                  }
                ]
              ]
              , "details":
              [
                {
                  "type":"table"
                  , "Start Cycle":"0"
                  , "Latency":"1"
                  , "Loops To":"16"
                }
              ]
            }
            , {
              "type":"inst"
              , "id":16
              , "name":"Loop End"
              , "details":
              [
                {
                  "type":"table"
                  , "Start Cycle":"216"
                  , "Latency":"1"
                }
              ]
            }
          ]
          , "details":
          [
            {
              "type":"table"
              , "Latency":"216"
              , "II":"n/a"
              , "Subloops":"No"
              , "Pipelined":"No"
              , "Fmax Bottlenecks":"No"
              , "Loop Info":"Loop is not pipelined. See Loops Analysis for more information."
            }
          ]
        }
      ]
    }
    , {
      "type":"memtype"
      , "id":1
      , "name":"Global Memory"
      , "children":
      [
        {
          "type":"memsys"
          , "id":17
          , "name":"DDR"
          , "details":
          [
            {
              "type":"table"
              , "Number of banks":"2"
            }
          ]
        }
      ]
    }
  ]
  , "links":
  [
    {
      "from":16
      , "to":13
    }
    , {
      "from":6
      , "to":14
    }
    , {
      "from":7
      , "to":14
    }
    , {
      "from":16
      , "to":15
    }
    , {
      "from":3
      , "to":15
    }
    , {
      "from":8
      , "to":16
    }
    , {
      "from":9
      , "to":16
    }
    , {
      "from":10
      , "to":16
    }
    , {
      "from":11
      , "to":16
    }
    , {
      "from":12
      , "to":16
    }
    , {
      "from":13
      , "to":6
    }
    , {
      "from":6
      , "to":7
    }
    , {
      "from":15
      , "to":8
    }
    , {
      "from":15
      , "to":9
    }
    , {
      "from":15
      , "to":10
    }
    , {
      "from":15
      , "to":11
    }
    , {
      "from":15
      , "to":12
    }
    , {
      "from":17
      , "to":6
    }
    , {
      "from":7
      , "to":17
    }
    , {
      "from":17
      , "to":8
    }
    , {
      "from":17
      , "to":9
    }
    , {
      "from":17
      , "to":10
    }
    , {
      "from":17
      , "to":11
    }
    , {
      "from":17
      , "to":12
    }
  ]
}
