{
  "11":
  {
    "nodes":
    [
      {
        "name":"Exit"
        , "id":31
        , "subtype":"exit"
        , "start":"7.00"
        , "end":"10.00"
        , "details":
        [
          {
            "type":"table"
            , "Max Fanout":"2"
            , "Start Cycle":"7"
            , "Latency":"3"
            , "Exit FIFO Depth":"32"
            , "Exit FIFO Width":"192"
            , "Details":"Exit FIFO depth is sized to accommodate all data that may be in-flight in the stall-free cluster; this depth will be equal to or greater than the latency of the cluster.  The width of the FIFO depends on the amount of data that needs to pass from the stall-free logic cluster to the stall-able logic below it."
          }
        ]
        , "type":"inst"
      }
      , {
        "name":"Entry"
        , "id":32
        , "subtype":"entry"
        , "details":
        [
          {
            "type":"table"
            , "Instruction":"Cluster Entry"
            , "Max Fanout":"0"
            , "Start Cycle":"0"
            , "Latency":"0"
          }
        ]
        , "type":"inst"
      }
      , {
        "name":"arg15"
        , "id":33
        , "subtype":"default"
        , "start":"0.00"
        , "end":"6.00"
        , "details":
        [
          {
            "type":"table"
            , "Instruction":"Input Synchronization for 'arg15'"
            , "Max Fanout":"1"
            , "Start Cycle":"0"
            , "Latency":"6"
          }
        ]
        , "type":"inst"
      }
      , {
        "name":"arg15"
        , "id":34
        , "subtype":"default"
        , "start":"0.00"
        , "end":"1.00"
        , "details":
        [
          {
            "type":"table"
            , "Instruction":"Input Synchronization for 'arg15'"
            , "Max Fanout":"1"
            , "Start Cycle":"0"
            , "Latency":"1"
          }
        ]
        , "type":"inst"
      }
      , {
        "name":"arg14"
        , "id":35
        , "subtype":"default"
        , "start":"0.00"
        , "end":"1.00"
        , "details":
        [
          {
            "type":"table"
            , "Instruction":"Input Synchronization for 'arg14'"
            , "Max Fanout":"1"
            , "Start Cycle":"0"
            , "Latency":"1"
          }
        ]
        , "type":"inst"
      }
      , {
        "name":"arg11"
        , "id":36
        , "subtype":"default"
        , "start":"0.00"
        , "end":"6.00"
        , "details":
        [
          {
            "type":"table"
            , "Instruction":"Input Synchronization for 'arg11'"
            , "Max Fanout":"1"
            , "Start Cycle":"0"
            , "Latency":"6"
          }
        ]
        , "type":"inst"
      }
      , {
        "name":"arg11"
        , "id":37
        , "subtype":"default"
        , "start":"0.00"
        , "end":"1.00"
        , "details":
        [
          {
            "type":"table"
            , "Instruction":"Input Synchronization for 'arg11'"
            , "Max Fanout":"1"
            , "Start Cycle":"0"
            , "Latency":"1"
          }
        ]
        , "type":"inst"
      }
      , {
        "name":"arg10"
        , "id":38
        , "subtype":"default"
        , "start":"0.00"
        , "end":"1.00"
        , "details":
        [
          {
            "type":"table"
            , "Instruction":"Input Synchronization for 'arg10'"
            , "Max Fanout":"1"
            , "Start Cycle":"0"
            , "Latency":"1"
          }
        ]
        , "type":"inst"
      }
      , {
        "name":"+"
        , "id":39
        , "subtype":"default"
        , "start":"1.00"
        , "end":"1.00"
        , "details":
        [
          {
            "type":"table"
            , "Instruction":"64-bit Integer Add"
            , "Max Fanout":"1"
            , "Start Cycle":"1"
            , "Latency":"0"
          }
        ]
        , "debug":
        [
          [
            {
              "filename":"/glob/development-tools/versions/oneapi/2022.1.2/oneapi/compiler/2022.0.2/linux/bin-llvm/../include/sycl/CL/sycl/accessor.hpp"
              , "line":840
            }
          ]
        ]
        , "type":"inst"
      }
      , {
        "name":"*"
        , "id":40
        , "subtype":"default"
        , "start":"1.00"
        , "end":"5.00"
        , "details":
        [
          {
            "type":"table"
            , "Instruction":"64-bit Integer Multiply"
            , "Max Fanout":"4"
            , "Start Cycle":"1"
            , "Latency":"4"
            , "Implementation Preference":"Default DSP usage"
          }
        ]
        , "debug":
        [
          [
            {
              "filename":"/glob/development-tools/versions/oneapi/2022.1.2/oneapi/compiler/2022.0.2/linux/bin-llvm/../include/sycl/CL/sycl/accessor.hpp"
              , "line":840
            }
          ]
        ]
        , "type":"inst"
      }
      , {
        "name":"+"
        , "id":41
        , "subtype":"default"
        , "start":"6.00"
        , "end":"6.00"
        , "details":
        [
          {
            "type":"table"
            , "Instruction":"64-bit Integer Add"
            , "Max Fanout":"1"
            , "Start Cycle":"6"
            , "Latency":"0"
          }
        ]
        , "debug":
        [
          [
            {
              "filename":"/glob/development-tools/versions/oneapi/2022.1.2/oneapi/compiler/2022.0.2/linux/bin-llvm/../include/sycl/CL/sycl/accessor.hpp"
              , "line":840
            }
          ]
        ]
        , "type":"inst"
      }
      , {
        "name":"+"
        , "id":42
        , "subtype":"default"
        , "start":"6.00"
        , "end":"6.00"
        , "details":
        [
          {
            "type":"table"
            , "Instruction":"64-bit Integer Add"
            , "Max Fanout":"1"
            , "Start Cycle":"6"
            , "Latency":"0"
          }
        ]
        , "debug":
        [
          [
            {
              "filename":"/glob/development-tools/versions/oneapi/2022.1.2/oneapi/compiler/2022.0.2/linux/bin-llvm/../include/sycl/CL/sycl/accessor.hpp"
              , "line":840
            }
          ]
        ]
        , "type":"inst"
      }
      , {
        "name":"arg12"
        , "id":43
        , "subtype":"default"
        , "start":"0.00"
        , "end":"7.00"
        , "details":
        [
          {
            "type":"table"
            , "Instruction":"Input Synchronization for 'arg12'"
            , "Max Fanout":"1"
            , "Start Cycle":"0"
            , "Latency":"7"
          }
        ]
        , "type":"inst"
      }
      , {
        "name":"Ptr. Comp."
        , "id":44
        , "subtype":"default"
        , "start":"6.00"
        , "end":"7.00"
        , "details":
        [
          {
            "type":"table"
            , "Instruction":"Pointer Computation"
            , "Max Fanout":"4"
            , "Start Cycle":"6"
            , "Latency":"1"
          }
        ]
        , "debug":
        [
          [
            {
              "filename":"/glob/development-tools/versions/oneapi/2022.1.2/oneapi/compiler/2022.0.2/linux/bin-llvm/../include/sycl/CL/sycl/accessor.hpp"
              , "line":1559
            }
          ]
        ]
        , "type":"inst"
      }
      , {
        "name":"+"
        , "id":45
        , "subtype":"default"
        , "start":"1.00"
        , "end":"1.00"
        , "details":
        [
          {
            "type":"table"
            , "Instruction":"64-bit Integer Add"
            , "Max Fanout":"1"
            , "Start Cycle":"1"
            , "Latency":"0"
          }
        ]
        , "debug":
        [
          [
            {
              "filename":"/glob/development-tools/versions/oneapi/2022.1.2/oneapi/compiler/2022.0.2/linux/bin-llvm/../include/sycl/CL/sycl/accessor.hpp"
              , "line":840
            }
          ]
        ]
        , "type":"inst"
      }
      , {
        "name":"*"
        , "id":46
        , "subtype":"default"
        , "start":"1.00"
        , "end":"5.00"
        , "details":
        [
          {
            "type":"table"
            , "Instruction":"64-bit Integer Multiply"
            , "Max Fanout":"4"
            , "Start Cycle":"1"
            , "Latency":"4"
            , "Implementation Preference":"Default DSP usage"
          }
        ]
        , "debug":
        [
          [
            {
              "filename":"/glob/development-tools/versions/oneapi/2022.1.2/oneapi/compiler/2022.0.2/linux/bin-llvm/../include/sycl/CL/sycl/accessor.hpp"
              , "line":840
            }
          ]
        ]
        , "type":"inst"
      }
      , {
        "name":"+"
        , "id":47
        , "subtype":"default"
        , "start":"6.00"
        , "end":"6.00"
        , "details":
        [
          {
            "type":"table"
            , "Instruction":"64-bit Integer Add"
            , "Max Fanout":"1"
            , "Start Cycle":"6"
            , "Latency":"0"
          }
        ]
        , "debug":
        [
          [
            {
              "filename":"/glob/development-tools/versions/oneapi/2022.1.2/oneapi/compiler/2022.0.2/linux/bin-llvm/../include/sycl/CL/sycl/accessor.hpp"
              , "line":840
            }
          ]
        ]
        , "type":"inst"
      }
      , {
        "name":"+"
        , "id":48
        , "subtype":"default"
        , "start":"6.00"
        , "end":"6.00"
        , "details":
        [
          {
            "type":"table"
            , "Instruction":"64-bit Integer Add"
            , "Max Fanout":"1"
            , "Start Cycle":"6"
            , "Latency":"0"
          }
        ]
        , "debug":
        [
          [
            {
              "filename":"/glob/development-tools/versions/oneapi/2022.1.2/oneapi/compiler/2022.0.2/linux/bin-llvm/../include/sycl/CL/sycl/accessor.hpp"
              , "line":840
            }
          ]
        ]
        , "type":"inst"
      }
      , {
        "name":"arg8"
        , "id":49
        , "subtype":"default"
        , "start":"0.00"
        , "end":"7.00"
        , "details":
        [
          {
            "type":"table"
            , "Instruction":"Input Synchronization for 'arg8'"
            , "Max Fanout":"1"
            , "Start Cycle":"0"
            , "Latency":"7"
          }
        ]
        , "type":"inst"
      }
      , {
        "name":"Ptr. Comp."
        , "id":50
        , "subtype":"default"
        , "start":"6.00"
        , "end":"7.00"
        , "details":
        [
          {
            "type":"table"
            , "Instruction":"Pointer Computation"
            , "Max Fanout":"4"
            , "Start Cycle":"6"
            , "Latency":"1"
          }
        ]
        , "debug":
        [
          [
            {
              "filename":"/glob/development-tools/versions/oneapi/2022.1.2/oneapi/compiler/2022.0.2/linux/bin-llvm/../include/sycl/CL/sycl/accessor.hpp"
              , "line":1552
            }
          ]
        ]
        , "type":"inst"
      }
    ]
    , "links":
    [
      {
        "from":32
        , "to":39
        , "details":
        [
          {
            "type":"table"
            , "Width":"192"
          }
        ]
      }
      , {
        "from":32
        , "to":45
        , "details":
        [
          {
            "type":"table"
            , "Width":"192"
          }
        ]
      }
      , {
        "from":32
        , "to":42
        , "details":
        [
          {
            "type":"table"
            , "Width":"192"
          }
        ]
      }
      , {
        "from":32
        , "to":48
        , "details":
        [
          {
            "type":"table"
            , "Width":"192"
          }
        ]
      }
      , {
        "from":33
        , "to":41
        , "details":
        [
          {
            "type":"table"
            , "Width":"128"
          }
        ]
      }
      , {
        "from":34
        , "to":39
        , "details":
        [
          {
            "type":"table"
            , "Width":"128"
          }
        ]
      }
      , {
        "from":35
        , "to":40
        , "details":
        [
          {
            "type":"table"
            , "Width":"128"
          }
        ]
      }
      , {
        "from":36
        , "to":47
        , "details":
        [
          {
            "type":"table"
            , "Width":"128"
          }
        ]
      }
      , {
        "from":37
        , "to":45
        , "details":
        [
          {
            "type":"table"
            , "Width":"128"
          }
        ]
      }
      , {
        "from":38
        , "to":46
        , "details":
        [
          {
            "type":"table"
            , "Width":"128"
          }
        ]
      }
      , {
        "from":39
        , "to":40
        , "details":
        [
          {
            "type":"table"
            , "Width":"64"
          }
        ]
      }
      , {
        "from":40
        , "to":41
        , "details":
        [
          {
            "type":"table"
            , "Width":"64"
          }
        ]
      }
      , {
        "from":41
        , "to":42
        , "details":
        [
          {
            "type":"table"
            , "Width":"64"
          }
        ]
      }
      , {
        "from":42
        , "to":44
        , "details":
        [
          {
            "type":"table"
            , "Width":"64"
          }
        ]
      }
      , {
        "from":43
        , "to":44
        , "details":
        [
          {
            "type":"table"
            , "Width":"64"
          }
        ]
      }
      , {
        "from":44
        , "to":31
        , "details":
        [
          {
            "type":"table"
            , "Width":"64"
          }
        ]
      }
      , {
        "from":45
        , "to":46
        , "details":
        [
          {
            "type":"table"
            , "Width":"64"
          }
        ]
      }
      , {
        "from":46
        , "to":47
        , "details":
        [
          {
            "type":"table"
            , "Width":"64"
          }
        ]
      }
      , {
        "from":47
        , "to":48
        , "details":
        [
          {
            "type":"table"
            , "Width":"64"
          }
        ]
      }
      , {
        "from":48
        , "to":50
        , "details":
        [
          {
            "type":"table"
            , "Width":"64"
          }
        ]
      }
      , {
        "from":49
        , "to":50
        , "details":
        [
          {
            "type":"table"
            , "Width":"64"
          }
        ]
      }
      , {
        "from":50
        , "to":31
        , "details":
        [
          {
            "type":"table"
            , "Width":"64"
          }
        ]
      }
    ]
  }
  , "13":
  {
    "nodes":
    [
      {
        "name":"Exit"
        , "id":51
        , "subtype":"exit"
        , "start":"205.00"
        , "end":"208.00"
        , "details":
        [
          {
            "type":"table"
            , "Max Fanout":"2"
            , "Start Cycle":"205"
            , "Latency":"3"
            , "Exit FIFO Depth":"32"
            , "Exit FIFO Width":"64"
            , "Details":"Exit FIFO depth is sized to accommodate all data that may be in-flight in the stall-free cluster; this depth will be equal to or greater than the latency of the cluster.  The width of the FIFO depends on the amount of data that needs to pass from the stall-free logic cluster to the stall-able logic below it."
          }
        ]
        , "type":"inst"
      }
      , {
        "name":"Entry"
        , "id":52
        , "subtype":"entry"
        , "details":
        [
          {
            "type":"table"
            , "Instruction":"Cluster Entry"
            , "Max Fanout":"0"
            , "Start Cycle":"202"
            , "Latency":"0"
          }
        ]
        , "type":"inst"
      }
      , {
        "name":"f32 +"
        , "id":53
        , "subtype":"default"
        , "start":"202.00"
        , "end":"205.00"
        , "details":
        [
          {
            "type":"table"
            , "Instruction":"32-bit Floating-point Add"
            , "Max Fanout":"1"
            , "Start Cycle":"202"
            , "Latency":"3"
            , "Rounding Scheme":"IEEE-754 RNE Rounding"
            , "Implementation Preference":"Default DSP usage"
          }
        ]
        , "debug":
        [
          [
            {
              "filename":"/home/u139750/lab4/dpcpp-tutorial/matrix-multi/build/src/matrix-multi-para-v2.cpp"
              , "line":80
            }
          ]
        ]
        , "type":"inst"
      }
    ]
    , "links":
    [
      {
        "from":52
        , "to":53
        , "details":
        [
          {
            "type":"table"
            , "Width":"96"
          }
        ]
      }
      , {
        "from":53
        , "to":51
        , "details":
        [
          {
            "type":"table"
            , "Width":"32"
          }
        ]
      }
    ]
  }
  , "23":
  {
    "nodes":
    [
      {
        "name":"Exit"
        , "id":54
        , "subtype":"exit"
        , "start":"8.00"
        , "end":"11.00"
        , "details":
        [
          {
            "type":"table"
            , "Max Fanout":"2"
            , "Start Cycle":"8"
            , "Latency":"3"
            , "Exit FIFO Depth":"32"
            , "Exit FIFO Width":"384"
            , "Details":"Exit FIFO depth is sized to accommodate all data that may be in-flight in the stall-free cluster; this depth will be equal to or greater than the latency of the cluster.  The width of the FIFO depends on the amount of data that needs to pass from the stall-free logic cluster to the stall-able logic below it."
          }
        ]
        , "type":"inst"
      }
      , {
        "name":"Entry"
        , "id":55
        , "subtype":"entry"
        , "details":
        [
          {
            "type":"table"
            , "Instruction":"Cluster Entry"
            , "Max Fanout":"0"
            , "Start Cycle":"1"
            , "Latency":"0"
          }
        ]
        , "type":"inst"
      }
      , {
        "name":"arg2"
        , "id":56
        , "subtype":"default"
        , "start":"0.00"
        , "end":"2.00"
        , "details":
        [
          {
            "type":"table"
            , "Instruction":"Input Synchronization for 'arg2'"
            , "Max Fanout":"1"
            , "Start Cycle":"0"
            , "Latency":"2"
          }
        ]
        , "type":"inst"
      }
      , {
        "name":"arg3"
        , "id":57
        , "subtype":"default"
        , "start":"0.00"
        , "end":"2.00"
        , "details":
        [
          {
            "type":"table"
            , "Instruction":"Input Synchronization for 'arg3'"
            , "Max Fanout":"1"
            , "Start Cycle":"0"
            , "Latency":"2"
          }
        ]
        , "type":"inst"
      }
      , {
        "name":"arg3"
        , "id":58
        , "subtype":"default"
        , "start":"0.00"
        , "end":"7.00"
        , "details":
        [
          {
            "type":"table"
            , "Instruction":"Input Synchronization for 'arg3'"
            , "Max Fanout":"1"
            , "Start Cycle":"0"
            , "Latency":"7"
          }
        ]
        , "type":"inst"
      }
      , {
        "name":"+"
        , "id":59
        , "subtype":"default"
        , "start":"2.00"
        , "end":"2.00"
        , "details":
        [
          {
            "type":"table"
            , "Instruction":"64-bit Integer Add"
            , "Max Fanout":"1"
            , "Start Cycle":"2"
            , "Latency":"0"
          }
        ]
        , "debug":
        [
          [
            {
              "filename":"/glob/development-tools/versions/oneapi/2022.1.2/oneapi/compiler/2022.0.2/linux/bin-llvm/../include/sycl/CL/sycl/accessor.hpp"
              , "line":840
            }
          ]
        ]
        , "type":"inst"
      }
      , {
        "name":"*"
        , "id":60
        , "subtype":"default"
        , "start":"2.00"
        , "end":"6.00"
        , "details":
        [
          {
            "type":"table"
            , "Instruction":"64-bit Integer Multiply"
            , "Max Fanout":"4"
            , "Start Cycle":"2"
            , "Latency":"4"
            , "Implementation Preference":"Default DSP usage"
          }
        ]
        , "debug":
        [
          [
            {
              "filename":"/glob/development-tools/versions/oneapi/2022.1.2/oneapi/compiler/2022.0.2/linux/bin-llvm/../include/sycl/CL/sycl/accessor.hpp"
              , "line":840
            }
          ]
        ]
        , "type":"inst"
      }
      , {
        "name":"+"
        , "id":61
        , "subtype":"default"
        , "start":"7.00"
        , "end":"7.00"
        , "details":
        [
          {
            "type":"table"
            , "Instruction":"64-bit Integer Add"
            , "Max Fanout":"1"
            , "Start Cycle":"7"
            , "Latency":"0"
          }
        ]
        , "debug":
        [
          [
            {
              "filename":"/glob/development-tools/versions/oneapi/2022.1.2/oneapi/compiler/2022.0.2/linux/bin-llvm/../include/sycl/CL/sycl/accessor.hpp"
              , "line":840
            }
          ]
        ]
        , "type":"inst"
      }
      , {
        "name":"+"
        , "id":62
        , "subtype":"default"
        , "start":"7.00"
        , "end":"7.00"
        , "details":
        [
          {
            "type":"table"
            , "Instruction":"64-bit Integer Add"
            , "Max Fanout":"1"
            , "Start Cycle":"7"
            , "Latency":"0"
          }
        ]
        , "debug":
        [
          [
            {
              "filename":"/glob/development-tools/versions/oneapi/2022.1.2/oneapi/compiler/2022.0.2/linux/bin-llvm/../include/sycl/CL/sycl/accessor.hpp"
              , "line":840
            }
          ]
        ]
        , "type":"inst"
      }
      , {
        "name":"arg0"
        , "id":63
        , "subtype":"default"
        , "start":"0.00"
        , "end":"8.00"
        , "details":
        [
          {
            "type":"table"
            , "Instruction":"Input Synchronization for 'arg0'"
            , "Max Fanout":"1"
            , "Start Cycle":"0"
            , "Latency":"8"
          }
        ]
        , "type":"inst"
      }
      , {
        "name":"Ptr. Comp."
        , "id":64
        , "subtype":"default"
        , "start":"7.00"
        , "end":"8.00"
        , "details":
        [
          {
            "type":"table"
            , "Instruction":"Pointer Computation"
            , "Max Fanout":"11"
            , "Start Cycle":"7"
            , "Latency":"1"
          }
        ]
        , "debug":
        [
          [
            {
              "filename":"/glob/development-tools/versions/oneapi/2022.1.2/oneapi/compiler/2022.0.2/linux/bin-llvm/../include/sycl/CL/sycl/accessor.hpp"
              , "line":1559
            }
          ]
        ]
        , "type":"inst"
      }
      , {
        "name":"Or"
        , "id":65
        , "subtype":"default"
        , "start":"1.00"
        , "end":"1.00"
        , "details":
        [
          {
            "type":"table"
            , "Instruction":"64-bit Or"
            , "Constant Operand":"1 (0x1)"
            , "Max Fanout":"1"
            , "Start Cycle":"1"
            , "Latency":"0"
          }
        ]
        , "debug":
        [
          [
            {
              "filename":"/home/u139750/lab4/dpcpp-tutorial/matrix-multi/build/src/matrix-multi-para-v2.cpp"
              , "line":77
            }
          ]
        ]
        , "type":"inst"
      }
      , {
        "name":"Or"
        , "id":66
        , "subtype":"default"
        , "start":"1.00"
        , "end":"1.00"
        , "details":
        [
          {
            "type":"table"
            , "Instruction":"64-bit Or"
            , "Constant Operand":"2 (0x2)"
            , "Max Fanout":"1"
            , "Start Cycle":"1"
            , "Latency":"0"
          }
        ]
        , "debug":
        [
          [
            {
              "filename":"/home/u139750/lab4/dpcpp-tutorial/matrix-multi/build/src/matrix-multi-para-v2.cpp"
              , "line":77
            }
          ]
        ]
        , "type":"inst"
      }
      , {
        "name":"Or"
        , "id":67
        , "subtype":"default"
        , "start":"1.00"
        , "end":"1.00"
        , "details":
        [
          {
            "type":"table"
            , "Instruction":"64-bit Or"
            , "Constant Operand":"3 (0x3)"
            , "Max Fanout":"1"
            , "Start Cycle":"1"
            , "Latency":"0"
          }
        ]
        , "debug":
        [
          [
            {
              "filename":"/home/u139750/lab4/dpcpp-tutorial/matrix-multi/build/src/matrix-multi-para-v2.cpp"
              , "line":77
            }
          ]
        ]
        , "type":"inst"
      }
      , {
        "name":"+"
        , "id":68
        , "subtype":"default"
        , "start":"1.00"
        , "end":"1.00"
        , "details":
        [
          {
            "type":"table"
            , "Instruction":"64-bit Integer Add"
            , "Max Fanout":"1"
            , "Start Cycle":"1"
            , "Latency":"0"
          }
        ]
        , "debug":
        [
          [
            {
              "filename":"/glob/development-tools/versions/oneapi/2022.1.2/oneapi/compiler/2022.0.2/linux/bin-llvm/../include/sycl/CL/sycl/accessor.hpp"
              , "line":840
            }
          ]
        ]
        , "type":"inst"
      }
      , {
        "name":"*"
        , "id":69
        , "subtype":"default"
        , "start":"1.00"
        , "end":"5.00"
        , "details":
        [
          {
            "type":"table"
            , "Instruction":"64-bit Integer Multiply"
            , "Max Fanout":"16"
            , "Start Cycle":"1"
            , "Latency":"4"
            , "Implementation Preference":"Default DSP usage"
          }
        ]
        , "debug":
        [
          [
            {
              "filename":"/glob/development-tools/versions/oneapi/2022.1.2/oneapi/compiler/2022.0.2/linux/bin-llvm/../include/sycl/CL/sycl/accessor.hpp"
              , "line":840
            }
          ]
        ]
        , "type":"inst"
      }
      , {
        "name":"+"
        , "id":70
        , "subtype":"default"
        , "start":"6.00"
        , "end":"6.00"
        , "details":
        [
          {
            "type":"table"
            , "Instruction":"64-bit Integer Add"
            , "Max Fanout":"1"
            , "Start Cycle":"6"
            , "Latency":"0"
          }
        ]
        , "debug":
        [
          [
            {
              "filename":"/glob/development-tools/versions/oneapi/2022.1.2/oneapi/compiler/2022.0.2/linux/bin-llvm/../include/sycl/CL/sycl/accessor.hpp"
              , "line":840
            }
          ]
        ]
        , "type":"inst"
      }
      , {
        "name":"+"
        , "id":71
        , "subtype":"default"
        , "start":"6.00"
        , "end":"6.00"
        , "details":
        [
          {
            "type":"table"
            , "Instruction":"64-bit Integer Add"
            , "Max Fanout":"1"
            , "Start Cycle":"6"
            , "Latency":"0"
          }
        ]
        , "debug":
        [
          [
            {
              "filename":"/glob/development-tools/versions/oneapi/2022.1.2/oneapi/compiler/2022.0.2/linux/bin-llvm/../include/sycl/CL/sycl/accessor.hpp"
              , "line":840
            }
          ]
        ]
        , "type":"inst"
      }
      , {
        "name":"arg4"
        , "id":72
        , "subtype":"default"
        , "start":"0.00"
        , "end":"7.00"
        , "details":
        [
          {
            "type":"table"
            , "Instruction":"Input Synchronization for 'arg4'"
            , "Max Fanout":"1"
            , "Start Cycle":"0"
            , "Latency":"7"
          }
        ]
        , "type":"inst"
      }
      , {
        "name":"Ptr. Comp."
        , "id":73
        , "subtype":"default"
        , "start":"6.00"
        , "end":"8.00"
        , "details":
        [
          {
            "type":"table"
            , "Instruction":"Pointer Computation"
            , "Max Fanout":"11"
            , "Start Cycle":"6"
            , "Latency":"2"
          }
        ]
        , "debug":
        [
          [
            {
              "filename":"/glob/development-tools/versions/oneapi/2022.1.2/oneapi/compiler/2022.0.2/linux/bin-llvm/../include/sycl/CL/sycl/accessor.hpp"
              , "line":1559
            }
          ]
        ]
        , "type":"inst"
      }
      , {
        "name":"+"
        , "id":74
        , "subtype":"default"
        , "start":"1.00"
        , "end":"1.00"
        , "details":
        [
          {
            "type":"table"
            , "Instruction":"64-bit Integer Add"
            , "Max Fanout":"1"
            , "Start Cycle":"1"
            , "Latency":"0"
          }
        ]
        , "debug":
        [
          [
            {
              "filename":"/glob/development-tools/versions/oneapi/2022.1.2/oneapi/compiler/2022.0.2/linux/bin-llvm/../include/sycl/CL/sycl/accessor.hpp"
              , "line":840
            }
          ]
        ]
        , "type":"inst"
      }
      , {
        "name":"*"
        , "id":75
        , "subtype":"default"
        , "start":"1.00"
        , "end":"5.00"
        , "details":
        [
          {
            "type":"table"
            , "Instruction":"64-bit Integer Multiply"
            , "Max Fanout":"16"
            , "Start Cycle":"1"
            , "Latency":"4"
            , "Implementation Preference":"Default DSP usage"
          }
        ]
        , "debug":
        [
          [
            {
              "filename":"/glob/development-tools/versions/oneapi/2022.1.2/oneapi/compiler/2022.0.2/linux/bin-llvm/../include/sycl/CL/sycl/accessor.hpp"
              , "line":840
            }
          ]
        ]
        , "type":"inst"
      }
      , {
        "name":"+"
        , "id":76
        , "subtype":"default"
        , "start":"6.00"
        , "end":"6.00"
        , "details":
        [
          {
            "type":"table"
            , "Instruction":"64-bit Integer Add"
            , "Max Fanout":"1"
            , "Start Cycle":"6"
            , "Latency":"0"
          }
        ]
        , "debug":
        [
          [
            {
              "filename":"/glob/development-tools/versions/oneapi/2022.1.2/oneapi/compiler/2022.0.2/linux/bin-llvm/../include/sycl/CL/sycl/accessor.hpp"
              , "line":840
            }
          ]
        ]
        , "type":"inst"
      }
      , {
        "name":"+"
        , "id":77
        , "subtype":"default"
        , "start":"6.00"
        , "end":"6.00"
        , "details":
        [
          {
            "type":"table"
            , "Instruction":"64-bit Integer Add"
            , "Max Fanout":"1"
            , "Start Cycle":"6"
            , "Latency":"0"
          }
        ]
        , "debug":
        [
          [
            {
              "filename":"/glob/development-tools/versions/oneapi/2022.1.2/oneapi/compiler/2022.0.2/linux/bin-llvm/../include/sycl/CL/sycl/accessor.hpp"
              , "line":840
            }
          ]
        ]
        , "type":"inst"
      }
      , {
        "name":"arg4"
        , "id":78
        , "subtype":"default"
        , "start":"0.00"
        , "end":"7.00"
        , "details":
        [
          {
            "type":"table"
            , "Instruction":"Input Synchronization for 'arg4'"
            , "Max Fanout":"1"
            , "Start Cycle":"0"
            , "Latency":"7"
          }
        ]
        , "type":"inst"
      }
      , {
        "name":"Ptr. Comp."
        , "id":79
        , "subtype":"default"
        , "start":"6.00"
        , "end":"8.00"
        , "details":
        [
          {
            "type":"table"
            , "Instruction":"Pointer Computation"
            , "Max Fanout":"11"
            , "Start Cycle":"6"
            , "Latency":"2"
          }
        ]
        , "debug":
        [
          [
            {
              "filename":"/glob/development-tools/versions/oneapi/2022.1.2/oneapi/compiler/2022.0.2/linux/bin-llvm/../include/sycl/CL/sycl/accessor.hpp"
              , "line":1559
            }
          ]
        ]
        , "type":"inst"
      }
      , {
        "name":"+"
        , "id":80
        , "subtype":"default"
        , "start":"1.00"
        , "end":"1.00"
        , "details":
        [
          {
            "type":"table"
            , "Instruction":"64-bit Integer Add"
            , "Max Fanout":"1"
            , "Start Cycle":"1"
            , "Latency":"0"
          }
        ]
        , "debug":
        [
          [
            {
              "filename":"/glob/development-tools/versions/oneapi/2022.1.2/oneapi/compiler/2022.0.2/linux/bin-llvm/../include/sycl/CL/sycl/accessor.hpp"
              , "line":840
            }
          ]
        ]
        , "type":"inst"
      }
      , {
        "name":"*"
        , "id":81
        , "subtype":"default"
        , "start":"1.00"
        , "end":"5.00"
        , "details":
        [
          {
            "type":"table"
            , "Instruction":"64-bit Integer Multiply"
            , "Max Fanout":"16"
            , "Start Cycle":"1"
            , "Latency":"4"
            , "Implementation Preference":"Default DSP usage"
          }
        ]
        , "debug":
        [
          [
            {
              "filename":"/glob/development-tools/versions/oneapi/2022.1.2/oneapi/compiler/2022.0.2/linux/bin-llvm/../include/sycl/CL/sycl/accessor.hpp"
              , "line":840
            }
          ]
        ]
        , "type":"inst"
      }
      , {
        "name":"+"
        , "id":82
        , "subtype":"default"
        , "start":"6.00"
        , "end":"6.00"
        , "details":
        [
          {
            "type":"table"
            , "Instruction":"64-bit Integer Add"
            , "Max Fanout":"1"
            , "Start Cycle":"6"
            , "Latency":"0"
          }
        ]
        , "debug":
        [
          [
            {
              "filename":"/glob/development-tools/versions/oneapi/2022.1.2/oneapi/compiler/2022.0.2/linux/bin-llvm/../include/sycl/CL/sycl/accessor.hpp"
              , "line":840
            }
          ]
        ]
        , "type":"inst"
      }
      , {
        "name":"+"
        , "id":83
        , "subtype":"default"
        , "start":"6.00"
        , "end":"6.00"
        , "details":
        [
          {
            "type":"table"
            , "Instruction":"64-bit Integer Add"
            , "Max Fanout":"1"
            , "Start Cycle":"6"
            , "Latency":"0"
          }
        ]
        , "debug":
        [
          [
            {
              "filename":"/glob/development-tools/versions/oneapi/2022.1.2/oneapi/compiler/2022.0.2/linux/bin-llvm/../include/sycl/CL/sycl/accessor.hpp"
              , "line":840
            }
          ]
        ]
        , "type":"inst"
      }
      , {
        "name":"arg4"
        , "id":84
        , "subtype":"default"
        , "start":"0.00"
        , "end":"7.00"
        , "details":
        [
          {
            "type":"table"
            , "Instruction":"Input Synchronization for 'arg4'"
            , "Max Fanout":"1"
            , "Start Cycle":"0"
            , "Latency":"7"
          }
        ]
        , "type":"inst"
      }
      , {
        "name":"Ptr. Comp."
        , "id":85
        , "subtype":"default"
        , "start":"6.00"
        , "end":"8.00"
        , "details":
        [
          {
            "type":"table"
            , "Instruction":"Pointer Computation"
            , "Max Fanout":"11"
            , "Start Cycle":"6"
            , "Latency":"2"
          }
        ]
        , "debug":
        [
          [
            {
              "filename":"/glob/development-tools/versions/oneapi/2022.1.2/oneapi/compiler/2022.0.2/linux/bin-llvm/../include/sycl/CL/sycl/accessor.hpp"
              , "line":1559
            }
          ]
        ]
        , "type":"inst"
      }
      , {
        "name":"+"
        , "id":86
        , "subtype":"default"
        , "start":"1.00"
        , "end":"1.00"
        , "details":
        [
          {
            "type":"table"
            , "Instruction":"64-bit Integer Add"
            , "Max Fanout":"1"
            , "Start Cycle":"1"
            , "Latency":"0"
          }
        ]
        , "debug":
        [
          [
            {
              "filename":"/glob/development-tools/versions/oneapi/2022.1.2/oneapi/compiler/2022.0.2/linux/bin-llvm/../include/sycl/CL/sycl/accessor.hpp"
              , "line":840
            }
          ]
        ]
        , "type":"inst"
      }
      , {
        "name":"*"
        , "id":87
        , "subtype":"default"
        , "start":"1.00"
        , "end":"5.00"
        , "details":
        [
          {
            "type":"table"
            , "Instruction":"64-bit Integer Multiply"
            , "Max Fanout":"16"
            , "Start Cycle":"1"
            , "Latency":"4"
            , "Implementation Preference":"Default DSP usage"
          }
        ]
        , "debug":
        [
          [
            {
              "filename":"/glob/development-tools/versions/oneapi/2022.1.2/oneapi/compiler/2022.0.2/linux/bin-llvm/../include/sycl/CL/sycl/accessor.hpp"
              , "line":840
            }
          ]
        ]
        , "type":"inst"
      }
      , {
        "name":"+"
        , "id":88
        , "subtype":"default"
        , "start":"6.00"
        , "end":"6.00"
        , "details":
        [
          {
            "type":"table"
            , "Instruction":"64-bit Integer Add"
            , "Max Fanout":"1"
            , "Start Cycle":"6"
            , "Latency":"0"
          }
        ]
        , "debug":
        [
          [
            {
              "filename":"/glob/development-tools/versions/oneapi/2022.1.2/oneapi/compiler/2022.0.2/linux/bin-llvm/../include/sycl/CL/sycl/accessor.hpp"
              , "line":840
            }
          ]
        ]
        , "type":"inst"
      }
      , {
        "name":"+"
        , "id":89
        , "subtype":"default"
        , "start":"6.00"
        , "end":"6.00"
        , "details":
        [
          {
            "type":"table"
            , "Instruction":"64-bit Integer Add"
            , "Max Fanout":"1"
            , "Start Cycle":"6"
            , "Latency":"0"
          }
        ]
        , "debug":
        [
          [
            {
              "filename":"/glob/development-tools/versions/oneapi/2022.1.2/oneapi/compiler/2022.0.2/linux/bin-llvm/../include/sycl/CL/sycl/accessor.hpp"
              , "line":840
            }
          ]
        ]
        , "type":"inst"
      }
      , {
        "name":"arg4"
        , "id":90
        , "subtype":"default"
        , "start":"0.00"
        , "end":"8.00"
        , "details":
        [
          {
            "type":"table"
            , "Instruction":"Input Synchronization for 'arg4'"
            , "Max Fanout":"1"
            , "Start Cycle":"0"
            , "Latency":"8"
          }
        ]
        , "type":"inst"
      }
      , {
        "name":"Ptr. Comp."
        , "id":91
        , "subtype":"default"
        , "start":"6.00"
        , "end":"8.00"
        , "details":
        [
          {
            "type":"table"
            , "Instruction":"Pointer Computation"
            , "Max Fanout":"11"
            , "Start Cycle":"6"
            , "Latency":"2"
          }
        ]
        , "debug":
        [
          [
            {
              "filename":"/glob/development-tools/versions/oneapi/2022.1.2/oneapi/compiler/2022.0.2/linux/bin-llvm/../include/sycl/CL/sycl/accessor.hpp"
              , "line":1559
            }
          ]
        ]
        , "type":"inst"
      }
    ]
    , "links":
    [
      {
        "from":55
        , "to":59
        , "details":
        [
          {
            "type":"table"
            , "Width":"448"
          }
        ]
      }
      , {
        "from":55
        , "to":62
        , "details":
        [
          {
            "type":"table"
            , "Width":"448"
          }
        ]
      }
      , {
        "from":55
        , "to":68
        , "details":
        [
          {
            "type":"table"
            , "Width":"448"
          }
        ]
      }
      , {
        "from":55
        , "to":67
        , "details":
        [
          {
            "type":"table"
            , "Width":"448"
          }
        ]
      }
      , {
        "from":55
        , "to":65
        , "details":
        [
          {
            "type":"table"
            , "Width":"448"
          }
        ]
      }
      , {
        "from":55
        , "to":66
        , "details":
        [
          {
            "type":"table"
            , "Width":"448"
          }
        ]
      }
      , {
        "from":55
        , "to":86
        , "details":
        [
          {
            "type":"table"
            , "Width":"448"
          }
        ]
      }
      , {
        "from":55
        , "to":80
        , "details":
        [
          {
            "type":"table"
            , "Width":"448"
          }
        ]
      }
      , {
        "from":55
        , "to":74
        , "details":
        [
          {
            "type":"table"
            , "Width":"448"
          }
        ]
      }
      , {
        "from":55
        , "to":87
        , "details":
        [
          {
            "type":"table"
            , "Width":"448"
          }
        ]
      }
      , {
        "from":55
        , "to":81
        , "details":
        [
          {
            "type":"table"
            , "Width":"448"
          }
        ]
      }
      , {
        "from":55
        , "to":75
        , "details":
        [
          {
            "type":"table"
            , "Width":"448"
          }
        ]
      }
      , {
        "from":55
        , "to":69
        , "details":
        [
          {
            "type":"table"
            , "Width":"448"
          }
        ]
      }
      , {
        "from":55
        , "to":88
        , "details":
        [
          {
            "type":"table"
            , "Width":"448"
          }
        ]
      }
      , {
        "from":55
        , "to":82
        , "details":
        [
          {
            "type":"table"
            , "Width":"448"
          }
        ]
      }
      , {
        "from":55
        , "to":76
        , "details":
        [
          {
            "type":"table"
            , "Width":"448"
          }
        ]
      }
      , {
        "from":55
        , "to":70
        , "details":
        [
          {
            "type":"table"
            , "Width":"448"
          }
        ]
      }
      , {
        "from":55
        , "to":71
        , "details":
        [
          {
            "type":"table"
            , "Width":"448"
          }
        ]
      }
      , {
        "from":55
        , "to":77
        , "details":
        [
          {
            "type":"table"
            , "Width":"448"
          }
        ]
      }
      , {
        "from":55
        , "to":83
        , "details":
        [
          {
            "type":"table"
            , "Width":"448"
          }
        ]
      }
      , {
        "from":55
        , "to":89
        , "details":
        [
          {
            "type":"table"
            , "Width":"448"
          }
        ]
      }
      , {
        "from":56
        , "to":60
        , "details":
        [
          {
            "type":"table"
            , "Width":"128"
          }
        ]
      }
      , {
        "from":57
        , "to":59
        , "details":
        [
          {
            "type":"table"
            , "Width":"128"
          }
        ]
      }
      , {
        "from":58
        , "to":61
        , "details":
        [
          {
            "type":"table"
            , "Width":"128"
          }
        ]
      }
      , {
        "from":59
        , "to":60
        , "details":
        [
          {
            "type":"table"
            , "Width":"64"
          }
        ]
      }
      , {
        "from":60
        , "to":61
        , "details":
        [
          {
            "type":"table"
            , "Width":"64"
          }
        ]
      }
      , {
        "from":61
        , "to":62
        , "details":
        [
          {
            "type":"table"
            , "Width":"64"
          }
        ]
      }
      , {
        "from":62
        , "to":64
        , "details":
        [
          {
            "type":"table"
            , "Width":"64"
          }
        ]
      }
      , {
        "from":63
        , "to":64
        , "details":
        [
          {
            "type":"table"
            , "Width":"64"
          }
        ]
      }
      , {
        "from":64
        , "to":54
        , "details":
        [
          {
            "type":"table"
            , "Width":"64"
          }
        ]
      }
      , {
        "from":65
        , "to":74
        , "details":
        [
          {
            "type":"table"
            , "Width":"64"
          }
        ]
      }
      , {
        "from":66
        , "to":80
        , "details":
        [
          {
            "type":"table"
            , "Width":"64"
          }
        ]
      }
      , {
        "from":67
        , "to":86
        , "details":
        [
          {
            "type":"table"
            , "Width":"64"
          }
        ]
      }
      , {
        "from":68
        , "to":69
        , "details":
        [
          {
            "type":"table"
            , "Width":"64"
          }
        ]
      }
      , {
        "from":69
        , "to":70
        , "details":
        [
          {
            "type":"table"
            , "Width":"64"
          }
        ]
      }
      , {
        "from":70
        , "to":71
        , "details":
        [
          {
            "type":"table"
            , "Width":"64"
          }
        ]
      }
      , {
        "from":71
        , "to":73
        , "details":
        [
          {
            "type":"table"
            , "Width":"64"
          }
        ]
      }
      , {
        "from":72
        , "to":73
        , "details":
        [
          {
            "type":"table"
            , "Width":"64"
          }
        ]
      }
      , {
        "from":73
        , "to":54
        , "details":
        [
          {
            "type":"table"
            , "Width":"64"
          }
        ]
      }
      , {
        "from":74
        , "to":75
        , "details":
        [
          {
            "type":"table"
            , "Width":"64"
          }
        ]
      }
      , {
        "from":75
        , "to":76
        , "details":
        [
          {
            "type":"table"
            , "Width":"64"
          }
        ]
      }
      , {
        "from":76
        , "to":77
        , "details":
        [
          {
            "type":"table"
            , "Width":"64"
          }
        ]
      }
      , {
        "from":77
        , "to":79
        , "details":
        [
          {
            "type":"table"
            , "Width":"64"
          }
        ]
      }
      , {
        "from":78
        , "to":79
        , "details":
        [
          {
            "type":"table"
            , "Width":"64"
          }
        ]
      }
      , {
        "from":79
        , "to":54
        , "details":
        [
          {
            "type":"table"
            , "Width":"64"
          }
        ]
      }
      , {
        "from":80
        , "to":81
        , "details":
        [
          {
            "type":"table"
            , "Width":"64"
          }
        ]
      }
      , {
        "from":81
        , "to":82
        , "details":
        [
          {
            "type":"table"
            , "Width":"64"
          }
        ]
      }
      , {
        "from":82
        , "to":83
        , "details":
        [
          {
            "type":"table"
            , "Width":"64"
          }
        ]
      }
      , {
        "from":83
        , "to":85
        , "details":
        [
          {
            "type":"table"
            , "Width":"64"
          }
        ]
      }
      , {
        "from":84
        , "to":85
        , "details":
        [
          {
            "type":"table"
            , "Width":"64"
          }
        ]
      }
      , {
        "from":85
        , "to":54
        , "details":
        [
          {
            "type":"table"
            , "Width":"64"
          }
        ]
      }
      , {
        "from":86
        , "to":87
        , "details":
        [
          {
            "type":"table"
            , "Width":"64"
          }
        ]
      }
      , {
        "from":87
        , "to":88
        , "details":
        [
          {
            "type":"table"
            , "Width":"64"
          }
        ]
      }
      , {
        "from":88
        , "to":89
        , "details":
        [
          {
            "type":"table"
            , "Width":"64"
          }
        ]
      }
      , {
        "from":89
        , "to":91
        , "details":
        [
          {
            "type":"table"
            , "Width":"64"
          }
        ]
      }
      , {
        "from":90
        , "to":91
        , "details":
        [
          {
            "type":"table"
            , "Width":"64"
          }
        ]
      }
      , {
        "from":91
        , "to":54
        , "details":
        [
          {
            "type":"table"
            , "Width":"64"
          }
        ]
      }
    ]
  }
  , "30":
  {
    "nodes":
    [
      {
        "name":"Exit"
        , "id":98
        , "subtype":"exit"
        , "start":"213.00"
        , "end":"216.00"
        , "details":
        [
          {
            "type":"table"
            , "Max Fanout":"2"
            , "Start Cycle":"213"
            , "Latency":"3"
            , "Exit FIFO Depth":"32"
            , "Exit FIFO Width":"64"
            , "Details":"Exit FIFO depth is sized to accommodate all data that may be in-flight in the stall-free cluster; this depth will be equal to or greater than the latency of the cluster.  The width of the FIFO depends on the amount of data that needs to pass from the stall-free logic cluster to the stall-able logic below it."
          }
        ]
        , "type":"inst"
      }
      , {
        "name":"Entry"
        , "id":99
        , "subtype":"entry"
        , "details":
        [
          {
            "type":"table"
            , "Instruction":"Cluster Entry"
            , "Max Fanout":"0"
            , "Start Cycle":"203"
            , "Latency":"0"
          }
        ]
        , "type":"inst"
      }
      , {
        "name":"f32 Dot-4"
        , "id":100
        , "subtype":"default"
        , "start":"203.00"
        , "end":"213.00"
        , "details":
        [
          {
            "type":"table"
            , "Instruction":"32-bit Floating-point Dot Product of Size 4"
            , "Max Fanout":"1"
            , "Start Cycle":"203"
            , "Latency":"10"
          }
        ]
        , "debug":
        [
          [
            {
              "filename":"/home/u139750/lab4/dpcpp-tutorial/matrix-multi/build/src/matrix-multi-para-v2.cpp"
              , "line":78
            }
          ]
        ]
        , "type":"inst"
      }
    ]
    , "links":
    [
      {
        "from":99
        , "to":100
        , "details":
        [
          {
            "type":"table"
            , "Width":"320"
          }
        ]
      }
      , {
        "from":100
        , "to":98
        , "details":
        [
          {
            "type":"table"
            , "Width":"32"
          }
        ]
      }
    ]
  }
}
